profile_id	feature_id	canonical_term_id	raw_source_label	source_msa_columns_1based	cdd_root_profiles	mean_feature_coverage	mean_residue_compatibility	confidence	definition_status
Alphaflexiviridae	cdd_transfer:rvmt_broad::Alphaflexiviridae:modern_structural:A	modern_structural:A	CDD conserved polymerase motif A	207;208;209;210;211;212;213;214;215;216;217;218;219;220;221	cdd:cd23182;cdd:cd23207;cdd:cd23208;cdd:cd23209;cdd:cd23245;cdd:cd23246;cdd:cd23247;cdd:cd23248;cdd:cd23249;cdd:cd23254	1.0000	0.8266	CDD_direct_multi_root	curated_root_transferred
Alphaflexiviridae	cdd_transfer:rvmt_broad::Alphaflexiviridae:modern_structural:B	modern_structural:B	CDD conserved polymerase motif B	263;264;265;266;267;268;269;270;271;272;273;274;275;276;277;278;279;280;281;282;283;284;285;286	cdd:cd23182;cdd:cd23207;cdd:cd23208;cdd:cd23209;cdd:cd23245;cdd:cd23246;cdd:cd23247;cdd:cd23248;cdd:cd23249;cdd:cd23254	1.0000	0.7893	CDD_direct_multi_root	curated_root_transferred
Alphaflexiviridae	cdd_transfer:rvmt_broad::Alphaflexiviridae:modern_structural:C	modern_structural:C	CDD conserved polymerase motif C	292;293;294;295;296;297;298;299;300;301;302;303;304;305;306	cdd:cd23246	1.0000	1.0000	CDD_direct_single_root	curated_root_transferred
Alphatetraviridae	cdd_transfer:rvmt_broad::Alphatetraviridae:modern_structural:A	modern_structural:A	CDD conserved polymerase motif A	202;203;204;205;206;207;208;209;210;211;212;213;214;215;216	cdd:cd23182;cdd:cd23209;cdd:cd23254;cdd:cd23258;cdd:cd23259	1.0000	0.7656	CDD_direct_multi_root	curated_root_transferred
Alphatetraviridae	cdd_transfer:rvmt_broad::Alphatetraviridae:modern_structural:B	modern_structural:B	CDD conserved polymerase motif B	263;264;265;266;267;268;269;270;271;272;273;274;275;276;277;278;279;280;281;282;283;284;285;286	cdd:cd23182;cdd:cd23209;cdd:cd23254;cdd:cd23258;cdd:cd23259	0.9833	0.7239	CDD_direct_multi_root	curated_root_transferred
Alphatetraviridae	cdd_transfer:rvmt_broad::Alphatetraviridae:modern_structural:C	modern_structural:C	CDD conserved polymerase motif C	290;291;292;293;294;295;296;297;298;299;300;301;302;303;304	cdd:cd23182;cdd:cd23254;cdd:cd23258;cdd:cd23259	1.0000	0.8812	CDD_direct_multi_root	curated_root_transferred
Alsuviricetes	cdd_transfer:rvmt_broad::Alsuviricetes:modern_structural:B	modern_structural:B	CDD conserved polymerase motif B	255;256;257;258;259;260;261;262;263;264;265;266;267;268;269;270;271;272;273;274;275;276;277;278	cdd:cd23246;cdd:cd23247;cdd:cd23252;cdd:cd23254;cdd:cd23257;cdd:cd23259	1.0000	0.8889	CDD_direct_multi_root	curated_root_transferred
Alvernaviridae	cdd_transfer:rvmt_broad::Alvernaviridae:modern_structural:A	modern_structural:A	CDD conserved polymerase motif A	166;167;168;169;170;171;172;173;174;175;176;177;178;179;180	cdd:cd23180;cdd:cd23181;cdd:cd23184	1.0000	0.8855	CDD_direct_multi_root	curated_root_transferred
Alvernaviridae	cdd_transfer:rvmt_broad::Alvernaviridae:modern_structural:B	modern_structural:B	CDD conserved polymerase motif B	239;240;241;242;243;244;245;246;247;248;249;250;251;252;253;254;255;256;257;258;259;260;261;262	cdd:cd23180;cdd:cd23181;cdd:cd23184	1.0000	0.7841	CDD_direct_multi_root	curated_root_transferred
Alvernaviridae	cdd_transfer:rvmt_broad::Alvernaviridae:modern_structural:C	modern_structural:C	CDD conserved polymerase motif C	264;265;266;267;268;269;270;271;272;273;274;275;276;277;278	cdd:cd23181	1.0000	1.0000	CDD_direct_single_root	curated_root_transferred
Amabiliviricetes	cdd_transfer:rvmt_broad::Amabiliviricetes:modern_structural:A	modern_structural:A	CDD conserved polymerase motif A	207;208;209;210;211;212;213;214;215;216;217;218;219;220;221	cdd:cd23177;cdd:cd23183	1.0000	0.8333	CDD_direct_multi_root	curated_root_transferred
Amabiliviricetes	cdd_transfer:rvmt_broad::Amabiliviricetes:modern_structural:B	modern_structural:B	CDD conserved polymerase motif B	270;271;272;273;274;275;276;277;278;279;280;281;282;283;284;285;286;287;288;289;290;291;292;293	cdd:cd23177;cdd:cd23183	1.0000	0.8782	CDD_direct_multi_root	curated_root_transferred
Amabiliviricetes	cdd_transfer:rvmt_broad::Amabiliviricetes:modern_structural:C	modern_structural:C	CDD conserved polymerase motif C	308;309;310;311;312;313;314;315;316;317;318;319;320;321;322	cdd:cd23183	1.0000	0.8750	CDD_direct_single_root	curated_root_transferred
Amalgaviridae	cdd_transfer:rvmt_broad::Amalgaviridae:modern_structural:A	modern_structural:A	CDD conserved polymerase motif A	208;209;210;211;212;213;214;215;216;217;218;219;220;221;222	cdd:cd23172;cdd:cd23173;cdd:cd23175;cdd:cd23185;cdd:cd23194;cdd:cd23196;cdd:cd23197;cdd:cd23206;cdd:cd23211;cdd:cd23215;cdd:cd23219;cdd:cd23223;cdd:cd23228;cdd:cd23231	1.0000	0.8323	CDD_direct_multi_root	curated_root_transferred
Amalgaviridae	cdd_transfer:rvmt_broad::Amalgaviridae:modern_structural:B	modern_structural:B	CDD conserved polymerase motif B	279;280;281;282;283;284;285;286;287;288;289;290;291;292;293;294;295;296;297;298;299;300;301;302	cdd:cd23172;cdd:cd23185;cdd:cd23192;cdd:cd23193;cdd:cd23194;cdd:cd23195;cdd:cd23196;cdd:cd23197;cdd:cd23210;cdd:cd23211;cdd:cd23215;cdd:cd23219;cdd:cd23223;cdd:cd23228;cdd:cd23231;cdd:cd23232	0.9948	0.7748	CDD_direct_multi_root	curated_root_transferred
Amalgaviridae	cdd_transfer:rvmt_broad::Amalgaviridae:modern_structural:C	modern_structural:C	CDD conserved polymerase motif C	313;314;315;316;317;318;319;320;321;322;323;324;325;326	cdd:cd23228	1.0000	0.8571	CDD_direct_single_root	curated_root_transferred
Amalgaviridae	cdd_transfer:rvmt_broad::Amalgaviridae:modern_structural:F	modern_structural:F	CDD conserved polymerase motif F	126;127;128;129;130;131;132;133;134;135;136;137;138;139;140;141;142;143;144;145;146;147;149;150;151;152;153;154	cdd:cd23215;cdd:cd23223	1.0000	0.5909	CDD_direct_multi_root	curated_root_transferred
Amarillovirales	cdd_transfer:rvmt_broad::Amarillovirales:modern_structural:A	modern_structural:A	CDD conserved polymerase motif A	201;202;203;204;205;206;207;208;209;210;211;212;213;214;215	cdd:cd23175;cdd:cd23178;cdd:cd23201;cdd:cd23202;cdd:cd23203;cdd:cd23204;cdd:cd23206;cdd:cd23233;cdd:cd23234;cdd:cd23235;cdd:cd23236;cdd:cd23237;cdd:cd23239;cdd:cd23240;cdd:cd23241;cdd:cd23242;cdd:cd23243;cdd:cd23244	1.0000	0.7215	CDD_direct_multi_root	curated_root_transferred
Amarillovirales	cdd_transfer:rvmt_broad::Amarillovirales:modern_structural:B	modern_structural:B	CDD conserved polymerase motif B	271;272;273;274;275;276;277;278;279;280;281;282;283;284;285;286;287;288;289;290;291;293;294;295	cdd:cd23201;cdd:cd23236;cdd:cd23237;cdd:cd23239;cdd:cd23244	1.0000	0.6667	CDD_direct_multi_root	curated_root_transferred
Amarillovirales	cdd_transfer:rvmt_broad::Amarillovirales:modern_structural:C	modern_structural:C	CDD conserved polymerase motif C	318;319;320;321;322;323;324;325;326;327;328;329;330;331;332	cdd:cd23178;cdd:cd23179;cdd:cd23201;cdd:cd23202;cdd:cd23203;cdd:cd23233;cdd:cd23234;cdd:cd23235;cdd:cd23236;cdd:cd23237;cdd:cd23239;cdd:cd23240;cdd:cd23241;cdd:cd23242;cdd:cd23243;cdd:cd23244	1.0000	0.9080	CDD_direct_multi_root	curated_root_transferred
Arteriviridae	cdd_transfer:rvmt_broad::Arteriviridae:modern_structural:A	modern_structural:A	CDD conserved polymerase motif A	175;176;177;178;179;180;181;182;183;184;185;186;187;188;189	cdd:cd23168;cdd:cd23186;cdd:cd23189	0.9778	0.7607	CDD_direct_multi_root	curated_root_transferred
Arteriviridae	cdd_transfer:rvmt_broad::Arteriviridae:modern_structural:B	modern_structural:B	CDD conserved polymerase motif B	235;236;237;238;239;240;241;242;243;244;245;246;247;248;249;250;251;252;253;254;255;256;257;258	cdd:cd23168;cdd:cd23186;cdd:cd23189	0.9722	0.8289	CDD_direct_multi_root	curated_root_transferred
Arteriviridae	cdd_transfer:rvmt_broad::Arteriviridae:modern_structural:C	modern_structural:C	CDD conserved polymerase motif C	287;288;289;290;291;292;293;294;295;296;297;298;299;300;301	cdd:cd23189	1.0000	1.0000	CDD_direct_single_root	curated_root_transferred
Arteriviridae	cdd_transfer:rvmt_broad::Arteriviridae:modern_structural:F	modern_structural:F	CDD conserved polymerase motif F	108;109;110;111;112;113;114;115;116;117;118;119;120;121;122;123;124;125;126;127;128;129;130	cdd:cd23168;cdd:cd23186;cdd:cd23189	1.0000	0.7778	CDD_direct_multi_root	curated_root_transferred
Atkinsviridae	cdd_transfer:rvmt_broad::Atkinsviridae:modern_structural:A	modern_structural:A	CDD conserved polymerase motif A	189;190;191;192;193;194;195;196;197;198;199;200;201;202;203	cdd:cd23176	1.0000	0.9167	CDD_direct_single_root	curated_root_transferred
Atkinsviridae	cdd_transfer:rvmt_broad::Atkinsviridae:modern_structural:B	modern_structural:B	CDD conserved polymerase motif B	241;242;243;244;245;246;247;248;249;250;251;252;253;254;255;256;257;259;260;261;262;263;264	cdd:cd23176	1.0000	0.7895	CDD_direct_single_root	curated_root_transferred
Atkinsviridae	cdd_transfer:rvmt_broad::Atkinsviridae:modern_structural:C	modern_structural:C	CDD conserved polymerase motif C	280;281;282;283;284;285;286;287;288;289;290;291;292;293;294	cdd:cd23176	1.0000	1.0000	CDD_direct_single_root	curated_root_transferred
Atkinsviridae	cdd_transfer:rvmt_broad::Atkinsviridae:modern_structural:F	modern_structural:F	CDD conserved polymerase motif F	127;128;129;130;131;132;133;134;135;136;137;138;139;140;141	cdd:cd23176	1.0000	0.5556	CDD_direct_single_root	curated_root_transferred
Barnaviridae	cdd_transfer:rvmt_broad::Barnaviridae:modern_structural:A	modern_structural:A	CDD conserved polymerase motif A	165;166;167;168;169;170;171;172;173;174;175;176;177;178;179	cdd:cd23180;cdd:cd23181;cdd:cd23184	1.0000	0.9722	CDD_direct_multi_root	curated_root_transferred
Barnaviridae	cdd_transfer:rvmt_broad::Barnaviridae:modern_structural:B	modern_structural:B	CDD conserved polymerase motif B	234;235;236;237;238;239;240;241;242;243;244;245;246;247;248;249;250;251;252;253;254;255;256;257	cdd:cd23180;cdd:cd23181;cdd:cd23184	1.0000	0.8419	CDD_direct_multi_root	curated_root_transferred
Barnaviridae	cdd_transfer:rvmt_broad::Barnaviridae:modern_structural:C	modern_structural:C	CDD conserved polymerase motif C	270;271;272;273;274;275;276;277;278;279;280;281;282;283;284	cdd:cd23180;cdd:cd23181	0.9000	0.8125	CDD_direct_multi_root	curated_root_transferred
Benyviridae	cdd_transfer:rvmt_broad::Benyviridae:modern_structural:A	modern_structural:A	CDD conserved polymerase motif A	207;208;209;210;211;212;213;214;215;216;217;218;219;220;221	cdd:cd23245;cdd:cd23257;cdd:cd23259;cdd:cd23260	1.0000	0.6562	CDD_direct_multi_root	curated_root_transferred
Benyviridae	cdd_transfer:rvmt_broad::Benyviridae:modern_structural:B	modern_structural:B	CDD conserved polymerase motif B	268;269;270;271;272;273;274;275;276;277;278;279;280;281;282;283;284;285;286;287;288;289;290;291	cdd:cd23208;cdd:cd23245;cdd:cd23249;cdd:cd23251;cdd:cd23254;cdd:cd23255;cdd:cd23257;cdd:cd23258;cdd:cd23259;cdd:cd23260	0.9917	0.7962	CDD_direct_multi_root	curated_root_transferred
Benyviridae	cdd_transfer:rvmt_broad::Benyviridae:modern_structural:C	modern_structural:C	CDD conserved polymerase motif C	297;298;299;300;301;302;303;304;305;306;307;308;309;310	cdd:cd23258	0.9333	0.7143	CDD_direct_single_root	curated_root_transferred
Betaflexiviridae	cdd_transfer:rvmt_broad::Betaflexiviridae:modern_structural:A	modern_structural:A	CDD conserved polymerase motif A	209;210;211;212;213;214;215;216;217;218;219;220;221;222;223	cdd:cd23182;cdd:cd23207;cdd:cd23208;cdd:cd23209;cdd:cd23245;cdd:cd23246;cdd:cd23247;cdd:cd23248;cdd:cd23249;cdd:cd23253;cdd:cd23254;cdd:cd23255;cdd:cd23259	1.0000	0.6844	CDD_direct_multi_root	curated_root_transferred
Betaflexiviridae	cdd_transfer:rvmt_broad::Betaflexiviridae:modern_structural:B	modern_structural:B	CDD conserved polymerase motif B	265;266;267;268;269;270;271;272;273;274;275;276;277;278;279;280;281;282;283;284;285;286;287;288	cdd:cd23182;cdd:cd23207;cdd:cd23208;cdd:cd23209;cdd:cd23245;cdd:cd23246;cdd:cd23247;cdd:cd23248;cdd:cd23249;cdd:cd23253;cdd:cd23254;cdd:cd23255;cdd:cd23259	1.0000	0.8376	CDD_direct_multi_root	curated_root_transferred
Betaflexiviridae	cdd_transfer:rvmt_broad::Betaflexiviridae:modern_structural:C	modern_structural:C	CDD conserved polymerase motif C	294;295;296;297;298;299;300;301;302;303;304;305;306;307;308	cdd:cd23182;cdd:cd23245;cdd:cd23246;cdd:cd23247;cdd:cd23253;cdd:cd23254;cdd:cd23259	0.9408	0.6753	CDD_direct_multi_root	curated_root_transferred
Blumeviridae	cdd_transfer:rvmt_broad::Blumeviridae:modern_structural:A	modern_structural:A	CDD conserved polymerase motif A	205;206;207;208;209;210;211;212;213;214;215;216;217;218;219	cdd:cd23176;cdd:cd23183	1.0000	0.9199	CDD_direct_multi_root	curated_root_transferred
Blumeviridae	cdd_transfer:rvmt_broad::Blumeviridae:modern_structural:B	modern_structural:B	CDD conserved polymerase motif B	258;259;260;261;262;263;264;265;266;267;268;269;270;271;272;273;274;275;276;277;278;279;280;281	cdd:cd23176;cdd:cd23183	1.0000	0.6595	CDD_direct_multi_root	curated_root_transferred
Blumeviridae	cdd_transfer:rvmt_broad::Blumeviridae:modern_structural:C	modern_structural:C	CDD conserved polymerase motif C	319;320;321;322;323;324;325;326;327;328;329;330;331;332;333	cdd:cd23176;cdd:cd23183	0.9333	0.9375	CDD_direct_multi_root	curated_root_transferred
Blumeviridae	cdd_transfer:rvmt_broad::Blumeviridae:modern_structural:F	modern_structural:F	CDD conserved polymerase motif F	140;141;142;143;144;145;146;147;148;149;150;151;152;153;154	cdd:cd23176	1.0000	0.6667	CDD_direct_single_root	curated_root_transferred
Botourmiaviridae	cdd_transfer:rvmt_broad::Botourmiaviridae:modern_structural:A	modern_structural:A	CDD conserved polymerase motif A	142;143;144;145;146;147;148;149;150;151;152;153;154;155;156	cdd:cd23177;cdd:cd23183	1.0000	0.8389	CDD_direct_multi_root	curated_root_transferred
Botourmiaviridae	cdd_transfer:rvmt_broad::Botourmiaviridae:modern_structural:B	modern_structural:B	CDD conserved polymerase motif B	209;210;211;212;213;214;215;216;217;218;219;220;221;222;223;224;225;226;227;228;229;230;231;232	cdd:cd23177;cdd:cd23183	1.0000	0.8125	CDD_direct_multi_root	curated_root_transferred
Botourmiaviridae	cdd_transfer:rvmt_broad::Botourmiaviridae:modern_structural:C	modern_structural:C	CDD conserved polymerase motif C	245;246;247;248;249;250;251;252;253;254;255;256;257;258;259	cdd:cd23177;cdd:cd23183	1.0000	0.8333	CDD_direct_multi_root	curated_root_transferred
Bromoviridae	cdd_transfer:rvmt_broad::Bromoviridae:modern_structural:A	modern_structural:A	CDD conserved polymerase motif A	207;208;209;210;211;212;213;214;215;216;217;218;219;220;221	cdd:cd23182;cdd:cd23208;cdd:cd23209;cdd:cd23249;cdd:cd23250;cdd:cd23251;cdd:cd23252;cdd:cd23253;cdd:cd23254;cdd:cd23255;cdd:cd23256	1.0000	0.8486	CDD_direct_multi_root	curated_root_transferred
Bromoviridae	cdd_transfer:rvmt_broad::Bromoviridae:modern_structural:B	modern_structural:B	CDD conserved polymerase motif B	269;270;271;272;273;274;275;276;277;278;279;280;281;282;283;284;285;286;287;288;289;290;291;292	cdd:cd23182;cdd:cd23208;cdd:cd23209;cdd:cd23249;cdd:cd23250;cdd:cd23251;cdd:cd23252;cdd:cd23253;cdd:cd23254;cdd:cd23255;cdd:cd23256;cdd:cd23257	1.0000	0.8968	CDD_direct_multi_root	curated_root_transferred
Bromoviridae	cdd_transfer:rvmt_broad::Bromoviridae:modern_structural:C	modern_structural:C	CDD conserved polymerase motif C	298;299;302;303;304;305;306;307;308;309;310;311;312;313;314	cdd:cd23182;cdd:cd23208;cdd:cd23209;cdd:cd23250;cdd:cd23251;cdd:cd23252;cdd:cd23253;cdd:cd23254;cdd:cd23256	0.9772	0.8833	CDD_direct_multi_root	curated_root_transferred
Caliciviridae	cdd_transfer:rvmt_broad::Caliciviridae:modern_structural:A	modern_structural:A	CDD conserved polymerase motif A	196;197;198;199;200;201;202;203;204;205;206;207;208;209;210	cdd:cd23175;cdd:cd23185;cdd:cd23192;cdd:cd23194;cdd:cd23196;cdd:cd23197;cdd:cd23198;cdd:cd23211;cdd:cd23212;cdd:cd23213;cdd:cd23214;cdd:cd23215;cdd:cd23216;cdd:cd23217;cdd:cd23218;cdd:cd23219;cdd:cd23220;cdd:cd23221;cdd:cd23222;cdd:cd23223;cdd:cd23224;cdd:cd23226;cdd:cd23227;cdd:cd23228;cdd:cd23229;cdd:cd23230;cdd:cd23231	0.9975	0.7360	CDD_direct_multi_root	curated_root_transferred
Caliciviridae	cdd_transfer:rvmt_broad::Caliciviridae:modern_structural:B	modern_structural:B	CDD conserved polymerase motif B	257;258;259;260;261;262;263;264;265;266;267;268;269;270;271;272;273;274;275;276;277;278;279;280	cdd:cd23169;cdd:cd23175;cdd:cd23192;cdd:cd23193;cdd:cd23194;cdd:cd23195;cdd:cd23196;cdd:cd23197;cdd:cd23198;cdd:cd23210;cdd:cd23211;cdd:cd23212;cdd:cd23213;cdd:cd23214;cdd:cd23215;cdd:cd23216;cdd:cd23217;cdd:cd23218;cdd:cd23219;cdd:cd23220;cdd:cd23221;cdd:cd23222;cdd:cd23223;cdd:cd23224;cdd:cd23225;cdd:cd23226;cdd:cd23227;cdd:cd23228;cdd:cd23229;cdd:cd23230;cdd:cd23231;cdd:cd23232	0.9974	0.8251	CDD_direct_multi_root	curated_root_transferred
Caliciviridae	cdd_transfer:rvmt_broad::Caliciviridae:modern_structural:C	modern_structural:C	CDD conserved polymerase motif C	300;301;302;303;304;305;306;307;308;309;310;311;312;313	cdd:cd23217;cdd:cd23228	1.0000	0.8571	CDD_direct_multi_root	curated_root_transferred
Caliciviridae	cdd_transfer:rvmt_broad::Caliciviridae:modern_structural:F	modern_structural:F	CDD conserved polymerase motif F	123;124;125;126;127;128;129;130;131;132;133;134;135;136;137;138;139;140;141;142;143;144	cdd:cd23169;cdd:cd23185;cdd:cd23192;cdd:cd23193;cdd:cd23194;cdd:cd23195;cdd:cd23196;cdd:cd23197;cdd:cd23198;cdd:cd23210;cdd:cd23211;cdd:cd23212;cdd:cd23213;cdd:cd23214;cdd:cd23215;cdd:cd23216;cdd:cd23217;cdd:cd23218;cdd:cd23219;cdd:cd23220;cdd:cd23221;cdd:cd23222;cdd:cd23223;cdd:cd23224;cdd:cd23225;cdd:cd23226;cdd:cd23227;cdd:cd23228;cdd:cd23229;cdd:cd23230;cdd:cd23231;cdd:cd23232	0.9906	0.8043	CDD_direct_multi_root	curated_root_transferred
Carmotetraviridae	cdd_transfer:rvmt_broad::Carmotetraviridae:modern_structural:A	modern_structural:A	CDD conserved polymerase motif A	194;195;196;197;198;199;200;201;202;203;204;205;206;207;208	cdd:cd23173;cdd:cd23174;cdd:cd23179;cdd:cd23205;cdd:cd23206;cdd:cd23233;cdd:cd23234;cdd:cd23235;cdd:cd23236;cdd:cd23237;cdd:cd23238;cdd:cd23239;cdd:cd23240;cdd:cd23241;cdd:cd23242;cdd:cd23243;cdd:cd23244	1.0000	0.7940	CDD_direct_multi_root	curated_root_transferred
Carmotetraviridae	cdd_transfer:rvmt_broad::Carmotetraviridae:modern_structural:B	modern_structural:B	CDD conserved polymerase motif B	254;255;256;257;258;259;260;261;262;263;264;265;266;267;268;269;270;271;272;273;274;275;276;277	cdd:cd23173;cdd:cd23174;cdd:cd23179;cdd:cd23206;cdd:cd23233;cdd:cd23234;cdd:cd23235;cdd:cd23236;cdd:cd23237;cdd:cd23238;cdd:cd23240;cdd:cd23242;cdd:cd23243;cdd:cd23244	0.9821	0.7630	CDD_direct_multi_root	curated_root_transferred
Carmotetraviridae	cdd_transfer:rvmt_broad::Carmotetraviridae:modern_structural:C	modern_structural:C	CDD conserved polymerase motif C	330;331;332;333;334;335;336;337;338;339;340;341;342;343;344	cdd:cd23174;cdd:cd23179;cdd:cd23206;cdd:cd23233;cdd:cd23234;cdd:cd23235;cdd:cd23236;cdd:cd23237;cdd:cd23238;cdd:cd23239;cdd:cd23240;cdd:cd23241;cdd:cd23242;cdd:cd23243;cdd:cd23244	1.0000	0.7273	CDD_direct_multi_root	curated_root_transferred
Chrymotiviricetes	cdd_transfer:rvmt_broad::Chrymotiviricetes:modern_structural:A	modern_structural:A	CDD conserved polymerase motif A	183;184;185;186;187;188;189;190;191;192;193;194;195;196;197	cdd:cd23183	1.0000	0.6250	CDD_direct_single_root	curated_root_transferred
Closteroviridae	cdd_transfer:rvmt_broad::Closteroviridae:modern_structural:A	modern_structural:A	CDD conserved polymerase motif A	215;216;217;218;219;220;221;222;223;224;225;226;227;228;229	cdd:cd23173;cdd:cd23179;cdd:cd23182;cdd:cd23206;cdd:cd23207;cdd:cd23208;cdd:cd23209;cdd:cd23245;cdd:cd23247;cdd:cd23249;cdd:cd23250;cdd:cd23251;cdd:cd23252;cdd:cd23253;cdd:cd23254;cdd:cd23255;cdd:cd23256	1.0000	0.8263	CDD_direct_multi_root	curated_root_transferred
Closteroviridae	cdd_transfer:rvmt_broad::Closteroviridae:modern_structural:B	modern_structural:B	CDD conserved polymerase motif B	277;278;279;280;281;282;283;284;285;286;287;288;289;290;291;292;293;294;295;296;297;298;299;300	cdd:cd23173;cdd:cd23179;cdd:cd23182;cdd:cd23206;cdd:cd23208;cdd:cd23209;cdd:cd23245;cdd:cd23247;cdd:cd23249;cdd:cd23250;cdd:cd23251;cdd:cd23252;cdd:cd23253;cdd:cd23254;cdd:cd23255;cdd:cd23256	1.0000	0.8504	CDD_direct_multi_root	curated_root_transferred
Closteroviridae	cdd_transfer:rvmt_broad::Closteroviridae:modern_structural:C	modern_structural:C	CDD conserved polymerase motif C	306;307;308;309;310;311;312;313;314;315;316;317;318;319;320	cdd:cd23179;cdd:cd23182;cdd:cd23206;cdd:cd23209;cdd:cd23245;cdd:cd23250;cdd:cd23251;cdd:cd23252;cdd:cd23253;cdd:cd23254;cdd:cd23256	0.9688	0.7971	CDD_direct_multi_root	curated_root_transferred
Coronaviridae	cdd_transfer:rvmt_broad::Coronaviridae:modern_structural:A	modern_structural:A	CDD conserved polymerase motif A	191;192;193;194;195;196;197;198;199;200;201;202;203;204;205;206;207	cdd:cd21530;cdd:cd21587;cdd:cd21588;cdd:cd21589;cdd:cd21590;cdd:cd21591;cdd:cd21592;cdd:cd21593;cdd:cd21596;cdd:cd23168;cdd:cd23186;cdd:cd23187;cdd:cd23190	0.9897	0.9021	CDD_direct_multi_root	curated_root_transferred
Coronaviridae	cdd_transfer:rvmt_broad::Coronaviridae:modern_structural:B	modern_structural:B	CDD conserved polymerase motif B	260;261;262;263;264;265;266;267;268;269;270;271;272;273;274;275;276;277;278;279;280;281;282;283;284;285;286;287;288;289	cdd:cd21530;cdd:cd21587;cdd:cd21588;cdd:cd21589;cdd:cd21590;cdd:cd21591;cdd:cd21592;cdd:cd21593;cdd:cd21596;cdd:cd23168;cdd:cd23186;cdd:cd23187;cdd:cd23190	1.0000	0.8934	CDD_direct_multi_root	curated_root_transferred
Coronaviridae	cdd_transfer:rvmt_broad::Coronaviridae:modern_structural:C	modern_structural:C	CDD conserved polymerase motif C	333;334;335;336;337;338;339;340;341;342;343;344;345;346;347	cdd:cd21530;cdd:cd21587;cdd:cd21588;cdd:cd21589;cdd:cd21590;cdd:cd21591;cdd:cd21592;cdd:cd21593;cdd:cd21596;cdd:cd23186;cdd:cd23187;cdd:cd23188;cdd:cd23190	0.9949	0.8862	CDD_direct_multi_root	curated_root_transferred
Coronaviridae	cdd_transfer:rvmt_broad::Coronaviridae:modern_structural:D	modern_structural:D	CDD conserved polymerase motif D	355;356;357;358;359;360;361;362;363;364;365;366;367;368;369;370;371;372;373;374;375;376	cdd:cd21530;cdd:cd21587;cdd:cd21588;cdd:cd21589;cdd:cd21590;cdd:cd21591;cdd:cd21592;cdd:cd21593;cdd:cd21596	1.0000	0.9417	CDD_direct_multi_root	curated_root_transferred
Coronaviridae	cdd_transfer:rvmt_broad::Coronaviridae:modern_structural:E	modern_structural:E	CDD conserved polymerase motif E	390;391;392;393;394;395;396;397;398;399;400;401	cdd:cd21530;cdd:cd21587;cdd:cd21588;cdd:cd21589;cdd:cd21590;cdd:cd21591;cdd:cd21592;cdd:cd21593;cdd:cd21596	1.0000	1.0000	CDD_direct_multi_root	curated_root_transferred
Coronaviridae	cdd_transfer:rvmt_broad::Coronaviridae:modern_structural:F	modern_structural:F	CDD conserved polymerase motif F	118;119;120;121;122;123;124;125;126;127;128;129;130;131;132;133;134;135;136;137;138;139;140	cdd:cd21530;cdd:cd21587;cdd:cd21588;cdd:cd21589;cdd:cd21590;cdd:cd21591;cdd:cd21592;cdd:cd21593;cdd:cd21596;cdd:cd23168;cdd:cd23186;cdd:cd23187;cdd:cd23188	1.0000	0.9380	CDD_direct_multi_root	curated_root_transferred
Coronaviridae	cdd_transfer:rvmt_broad::Coronaviridae:modern_structural:G	modern_structural:G	CDD conserved polymerase motif G	80;81;82;83;84;85;86;87;88;89;90;91;92;93	cdd:cd21530;cdd:cd21587;cdd:cd21588;cdd:cd21589;cdd:cd21590;cdd:cd21591;cdd:cd21592;cdd:cd21593;cdd:cd21596	1.0000	1.0000	CDD_direct_multi_root	curated_root_transferred
Cremegaviridae	cdd_transfer:rvmt_broad::Cremegaviridae:modern_structural:A	modern_structural:A	CDD conserved polymerase motif A	175;176;177;178;179;180;181;182;183;184;185;186;187;188;189	cdd:cd23168;cdd:cd23186;cdd:cd23189	1.0000	0.6559	CDD_direct_multi_root	curated_root_transferred
Cremegaviridae	cdd_transfer:rvmt_broad::Cremegaviridae:modern_structural:B	modern_structural:B	CDD conserved polymerase motif B	231;232;233;234;235;236;237;238;239;240;241;242;243;244;245;246;247;248;249;250;251;252;253;254	cdd:cd23168;cdd:cd23186;cdd:cd23189	1.0000	0.6944	CDD_direct_multi_root	curated_root_transferred
Cremegaviridae	cdd_transfer:rvmt_broad::Cremegaviridae:modern_structural:C	modern_structural:C	CDD conserved polymerase motif C	283;284;285;286;287;288;289;290;291;292;293;294;295;296;297	cdd:cd23189	1.0000	0.6667	CDD_direct_single_root	curated_root_transferred
Cremegaviridae	cdd_transfer:rvmt_broad::Cremegaviridae:modern_structural:F	modern_structural:F	CDD conserved polymerase motif F	102;103;104;105;106;107;108;109;110;111;112;113;114;115;116;117;118;119;120;121;122;123	cdd:cd23168;cdd:cd23186;cdd:cd23189	0.9538	0.7248	CDD_direct_multi_root	curated_root_transferred
Cryppavirales	cdd_transfer:rvmt_broad::Cryppavirales:modern_structural:A	modern_structural:A	CDD conserved polymerase motif A	202;203;204;205;206;207;208;209;210;211;212;213;214;215;216	cdd:cd23183	1.0000	0.8000	CDD_direct_single_root	curated_root_transferred
Cryppavirales	cdd_transfer:rvmt_broad::Cryppavirales:modern_structural:B	modern_structural:B	CDD conserved polymerase motif B	263;264;265;266;267;268;269;270;271;272;273;274;275;276;277;278;279;280;281;282;283;284;285;286	cdd:cd23183	1.0000	0.5882	CDD_direct_single_root	curated_root_transferred
Cryppavirales	cdd_transfer:rvmt_broad::Cryppavirales:modern_structural:C	modern_structural:C	CDD conserved polymerase motif C	296;297;298;299;300;301;302;303;304;305;306;307;308;309	cdd:cd23183	0.9333	0.8889	CDD_direct_single_root	curated_root_transferred
Curvulaviridae	cdd_transfer:rvmt_broad::Curvulaviridae:modern_structural:A	modern_structural:A	CDD conserved polymerase motif A	199;200;201;202;203;204;205;206;207;208;209;210;211;212;213	cdd:cd23175	1.0000	0.7273	CDD_direct_single_root	curated_root_transferred
Curvulaviridae	cdd_transfer:rvmt_broad::Curvulaviridae:modern_structural:B	modern_structural:B	CDD conserved polymerase motif B	266;267;268;269;270;271;272;273;274;275;276;277;281;282;283;284;285;286;287;288	cdd:cd23175	0.8333	0.6667	CDD_direct_single_root	curated_root_transferred
Deltaflexiviridae	cdd_transfer:rvmt_broad::Deltaflexiviridae:modern_structural:A	modern_structural:A	CDD conserved polymerase motif A	201;202;203;204;205;206;207;208;209;210;211;212;213;214;215	cdd:cd23182;cdd:cd23207;cdd:cd23209;cdd:cd23245;cdd:cd23246;cdd:cd23247;cdd:cd23248;cdd:cd23249;cdd:cd23259	1.0000	0.7587	CDD_direct_multi_root	curated_root_transferred
Deltaflexiviridae	cdd_transfer:rvmt_broad::Deltaflexiviridae:modern_structural:B	modern_structural:B	CDD conserved polymerase motif B	257;258;259;260;261;262;263;264;265;266;267;268;269;270;271;272;273;274;275;276;277;278;279;280	cdd:cd23182;cdd:cd23207;cdd:cd23208;cdd:cd23209;cdd:cd23245;cdd:cd23246;cdd:cd23247;cdd:cd23248;cdd:cd23249;cdd:cd23254;cdd:cd23259	1.0000	0.6950	CDD_direct_multi_root	curated_root_transferred
Deltaflexiviridae	cdd_transfer:rvmt_broad::Deltaflexiviridae:modern_structural:C	modern_structural:C	CDD conserved polymerase motif C	286;287;288;289;290;291;292;293;294;295;296;297;298;299;300	cdd:cd23182;cdd:cd23208;cdd:cd23209;cdd:cd23245;cdd:cd23246;cdd:cd23247;cdd:cd23248;cdd:cd23254;cdd:cd23259	0.9852	0.8583	CDD_direct_multi_root	curated_root_transferred
Dicistroviridae	cdd_transfer:rvmt_broad::Dicistroviridae:modern_structural:A	modern_structural:A	CDD conserved polymerase motif A	217;218;219;220;221;222;223;224;225;226;227;228;229;230;231	cdd:cd23172;cdd:cd23173;cdd:cd23175;cdd:cd23192;cdd:cd23194;cdd:cd23196;cdd:cd23197;cdd:cd23198;cdd:cd23199;cdd:cd23211;cdd:cd23212;cdd:cd23213;cdd:cd23214;cdd:cd23215;cdd:cd23216;cdd:cd23217;cdd:cd23218;cdd:cd23219;cdd:cd23220;cdd:cd23221;cdd:cd23222;cdd:cd23223;cdd:cd23224;cdd:cd23227;cdd:cd23228;cdd:cd23229;cdd:cd23230;cdd:cd23231	1.0000	0.7371	CDD_direct_multi_root	curated_root_transferred
Dicistroviridae	cdd_transfer:rvmt_broad::Dicistroviridae:modern_structural:B	modern_structural:B	CDD conserved polymerase motif B	281;282;283;284;285;286;287;288;289;290;291;292;293;294;295;296;297;298;299;300;301;302;303;304	cdd:cd23169;cdd:cd23171;cdd:cd23172;cdd:cd23173;cdd:cd23175;cdd:cd23192;cdd:cd23193;cdd:cd23194;cdd:cd23195;cdd:cd23196;cdd:cd23197;cdd:cd23198;cdd:cd23210;cdd:cd23211;cdd:cd23212;cdd:cd23213;cdd:cd23214;cdd:cd23215;cdd:cd23216;cdd:cd23217;cdd:cd23218;cdd:cd23219;cdd:cd23220;cdd:cd23221;cdd:cd23222;cdd:cd23223;cdd:cd23224;cdd:cd23225;cdd:cd23226;cdd:cd23227;cdd:cd23228;cdd:cd23229;cdd:cd23230;cdd:cd23231;cdd:cd23232	1.0000	0.8449	CDD_direct_multi_root	curated_root_transferred
Dicistroviridae	cdd_transfer:rvmt_broad::Dicistroviridae:modern_structural:C	modern_structural:C	CDD conserved polymerase motif C	322;323;324;325;326;327;328;329;330;331;332;333;334;335;336	cdd:cd23169;cdd:cd23172;cdd:cd23175;cdd:cd23193;cdd:cd23194;cdd:cd23196;cdd:cd23197;cdd:cd23198;cdd:cd23199;cdd:cd23200;cdd:cd23210;cdd:cd23211;cdd:cd23212;cdd:cd23213;cdd:cd23214;cdd:cd23215;cdd:cd23216;cdd:cd23217;cdd:cd23218;cdd:cd23219;cdd:cd23220;cdd:cd23221;cdd:cd23222;cdd:cd23223;cdd:cd23224;cdd:cd23225;cdd:cd23226;cdd:cd23227;cdd:cd23228;cdd:cd23229;cdd:cd23230;cdd:cd23231;cdd:cd23232	0.9978	0.8005	CDD_direct_multi_root	curated_root_transferred
Dicistroviridae	cdd_transfer:rvmt_broad::Dicistroviridae:modern_structural:F	modern_structural:F	CDD conserved polymerase motif F	142;143;144;145;146;147;148;149;150;151;152;153;154;155;156;157;158;159;160;161;162;163	cdd:cd23169;cdd:cd23192;cdd:cd23193;cdd:cd23194;cdd:cd23195;cdd:cd23196;cdd:cd23197;cdd:cd23198;cdd:cd23199;cdd:cd23210;cdd:cd23211;cdd:cd23212;cdd:cd23213;cdd:cd23214;cdd:cd23215;cdd:cd23216;cdd:cd23217;cdd:cd23218;cdd:cd23219;cdd:cd23220;cdd:cd23221;cdd:cd23222;cdd:cd23223;cdd:cd23224;cdd:cd23225;cdd:cd23226;cdd:cd23227;cdd:cd23228;cdd:cd23229;cdd:cd23230;cdd:cd23231;cdd:cd23232	0.9960	0.7981	CDD_direct_multi_root	curated_root_transferred
Duinviridae	cdd_transfer:rvmt_broad::Duinviridae:modern_structural:A	modern_structural:A	CDD conserved polymerase motif A	200;201;202;203;204;205;206;207;208;209;210;211;212;213;214	cdd:cd23176	1.0000	0.9231	CDD_direct_single_root	curated_root_transferred
Duinviridae	cdd_transfer:rvmt_broad::Duinviridae:modern_structural:B	modern_structural:B	CDD conserved polymerase motif B	252;253;254;255;256;257;258;259;260;261;262;263;264;265;266;267;268;270;271;272;273;274	cdd:cd23176	0.9565	0.9474	CDD_direct_single_root	curated_root_transferred
Duinviridae	cdd_transfer:rvmt_broad::Duinviridae:modern_structural:C	modern_structural:C	CDD conserved polymerase motif C	276;277;278;279;280;281;282;283;284;285;286;287;288;289;290	cdd:cd23176	1.0000	0.9000	CDD_direct_single_root	curated_root_transferred
Duinviridae	cdd_transfer:rvmt_broad::Duinviridae:modern_structural:F	modern_structural:F	CDD conserved polymerase motif F	142;143;144;145;146;147;148;149;150;151;152;153;154;155;156	cdd:cd23176	1.0000	0.9000	CDD_direct_single_root	curated_root_transferred
Duplopiviricetes	cdd_transfer:rvmt_broad::Duplopiviricetes:modern_structural:A	modern_structural:A	CDD conserved polymerase motif A	221;222;223;224;225;226;227;228;229;230;231;232;233;234;235	cdd:cd23172;cdd:cd23175;cdd:cd23194;cdd:cd23196;cdd:cd23199;cdd:cd23211;cdd:cd23213;cdd:cd23215;cdd:cd23216;cdd:cd23217;cdd:cd23218;cdd:cd23220;cdd:cd23228;cdd:cd23229;cdd:cd23230;cdd:cd23231	1.0000	0.8516	CDD_direct_multi_root	curated_root_transferred
Duplopiviricetes	cdd_transfer:rvmt_broad::Duplopiviricetes:modern_structural:B	modern_structural:B	CDD conserved polymerase motif B	289;290;291;292;293;294;295;296;297;298;299;300;301;302;303;304;305;306;307;308;309;310;311;312	cdd:cd23169;cdd:cd23172;cdd:cd23175;cdd:cd23179;cdd:cd23192;cdd:cd23193;cdd:cd23194;cdd:cd23195;cdd:cd23196;cdd:cd23197;cdd:cd23199;cdd:cd23211;cdd:cd23213;cdd:cd23215;cdd:cd23216;cdd:cd23217;cdd:cd23218;cdd:cd23219;cdd:cd23220;cdd:cd23225;cdd:cd23228;cdd:cd23229;cdd:cd23230;cdd:cd23231;cdd:cd23232	1.0000	0.8078	CDD_direct_multi_root	curated_root_transferred
Duplornaviricota	cdd_transfer:rvmt_broad::Duplornaviricota:modern_structural:A	modern_structural:A	CDD conserved polymerase motif A	208;209;210;211;212;213;214;215;216;217;218;219;220;221;222	cdd:cd23183;cdd:cd23185;cdd:cd23193;cdd:cd23213	1.0000	0.6806	CDD_direct_multi_root	curated_root_transferred
Duplornaviricota	cdd_transfer:rvmt_broad::Duplornaviricota:modern_structural:B	modern_structural:B	CDD conserved polymerase motif B	276;277;278;279;280;281;282;283;284;285;286;287;288;289;290;291;292;293;294;295;296;297;298;299	cdd:cd23183;cdd:cd23195;cdd:cd23213	1.0000	0.7860	CDD_direct_multi_root	curated_root_transferred
Durnavirales	cdd_transfer:rvmt_broad::Durnavirales:modern_structural:B	modern_structural:B	CDD conserved polymerase motif B	260;261;262;263;264;265;266;267;268;269;270;271;272;273;274;275;276;277;278;279;280;281;282;283	cdd:cd23172;cdd:cd23175;cdd:cd23192;cdd:cd23193;cdd:cd23194;cdd:cd23195;cdd:cd23196;cdd:cd23197;cdd:cd23210;cdd:cd23211;cdd:cd23215;cdd:cd23216;cdd:cd23217;cdd:cd23218;cdd:cd23219;cdd:cd23220;cdd:cd23221;cdd:cd23225;cdd:cd23228;cdd:cd23229;cdd:cd23231;cdd:cd23232	1.0000	0.8071	CDD_direct_multi_root	curated_root_transferred
Durnavirales	cdd_transfer:rvmt_broad::Durnavirales:modern_structural:F	modern_structural:F	CDD conserved polymerase motif F	120;121;122;123;124;125;126;127;134;135;136;137;138;139	cdd:cd23185	1.0000	1.0000	CDD_direct_single_root	curated_root_transferred
Endornaviridae	cdd_transfer:rvmt_broad::Endornaviridae:modern_structural:A	modern_structural:A	CDD conserved polymerase motif A	204;205;206;207;208;209;210;211;212;213;214;215;216;217;218	cdd:cd23182;cdd:cd23208;cdd:cd23209;cdd:cd23251;cdd:cd23252;cdd:cd23253;cdd:cd23254;cdd:cd23255;cdd:cd23256	1.0000	0.8253	CDD_direct_multi_root	curated_root_transferred
Endornaviridae	cdd_transfer:rvmt_broad::Endornaviridae:modern_structural:B	modern_structural:B	CDD conserved polymerase motif B	264;265;266;267;268;269;270;271;272;273;274;275;276;277;278;279;280;281;282;283;284;285;286;287	cdd:cd23182;cdd:cd23208;cdd:cd23209;cdd:cd23251;cdd:cd23252;cdd:cd23253;cdd:cd23254;cdd:cd23255;cdd:cd23256	1.0000	0.7707	CDD_direct_multi_root	curated_root_transferred
Euroniviridae	cdd_transfer:rvmt_broad::Euroniviridae:modern_structural:A	modern_structural:A	CDD conserved polymerase motif A	197;198;199;200;201;202;203;204;205;206;207;208;209;210;211;212	cdd:cd21530;cdd:cd21587;cdd:cd21588;cdd:cd21589;cdd:cd21590;cdd:cd21591;cdd:cd21592;cdd:cd21593;cdd:cd21596;cdd:cd23187;cdd:cd23188;cdd:cd23190;cdd:cd23191	0.9478	0.5962	CDD_direct_multi_root	curated_root_transferred
Euroniviridae	cdd_transfer:rvmt_broad::Euroniviridae:modern_structural:B	modern_structural:B	CDD conserved polymerase motif B	266;267;268;269;270;271;272;273;274;275;276;277;278;279;280;281;282;283;284;285;286;287;288;289;290	cdd:cd21530;cdd:cd21587;cdd:cd21589;cdd:cd21590;cdd:cd21592;cdd:cd21593;cdd:cd23168;cdd:cd23187;cdd:cd23188;cdd:cd23190;cdd:cd23191	0.9499	0.6356	CDD_direct_multi_root	curated_root_transferred
Euroniviridae	cdd_transfer:rvmt_broad::Euroniviridae:modern_structural:C	modern_structural:C	CDD conserved polymerase motif C	332;333;334;335;336;337;338;339;340;341;342;343;344;345;346	cdd:cd21530;cdd:cd21587;cdd:cd21588;cdd:cd21589;cdd:cd21590;cdd:cd21591;cdd:cd21592;cdd:cd21593;cdd:cd21596;cdd:cd23187;cdd:cd23188;cdd:cd23190;cdd:cd23191	0.9692	0.7286	CDD_direct_multi_root	curated_root_transferred
Euroniviridae	cdd_transfer:rvmt_broad::Euroniviridae:modern_structural:D	modern_structural:D	CDD conserved polymerase motif D	355;356;357;358;359;360;361;362;363;364;365;366;367;368;369;370;371;372;373;374;375;376	cdd:cd21591	1.0000	0.6667	CDD_direct_single_root	curated_root_transferred
Euroniviridae	cdd_transfer:rvmt_broad::Euroniviridae:modern_structural:F	modern_structural:F	CDD conserved polymerase motif F	125;126;127;128;129;130;131;132;133;134;135;136;137;138;139;140;141;143;144;145;146;147;148	cdd:cd21530;cdd:cd21587;cdd:cd21588;cdd:cd21589;cdd:cd21590;cdd:cd21591;cdd:cd21592;cdd:cd21593;cdd:cd21596;cdd:cd23168;cdd:cd23187;cdd:cd23190;cdd:cd23191	1.0000	0.7243	CDD_direct_multi_root	curated_root_transferred
Euroniviridae	cdd_transfer:rvmt_broad::Euroniviridae:modern_structural:G	modern_structural:G	CDD conserved polymerase motif G	80;81;82;83;84;85;86;87;88;89;90;91;92;93;96	cdd:cd21530;cdd:cd21587;cdd:cd21588;cdd:cd21589;cdd:cd21590;cdd:cd21591;cdd:cd21592;cdd:cd21593;cdd:cd21596	1.0000	0.6722	CDD_direct_multi_root	curated_root_transferred
Fiersviridae	cdd_transfer:rvmt_broad::Fiersviridae:modern_structural:A	modern_structural:A	CDD conserved polymerase motif A	176;177;178;179;180;181;182;183;184;185;186;187;188;189;190	cdd:cd23176	1.0000	0.9286	CDD_direct_single_root	curated_root_transferred
Fiersviridae	cdd_transfer:rvmt_broad::Fiersviridae:modern_structural:B	modern_structural:B	CDD conserved polymerase motif B	227;228;229;230;231;232;233;234;235;236;237;238;239;240;241;242;243;245;246;247;248;249;250	cdd:cd23176	1.0000	0.9474	CDD_direct_single_root	curated_root_transferred
Fiersviridae	cdd_transfer:rvmt_broad::Fiersviridae:modern_structural:C	modern_structural:C	CDD conserved polymerase motif C	258;259;260;261;262;263;264;265;266;267;268;269;270;271;272	cdd:cd23176	1.0000	1.0000	CDD_direct_single_root	curated_root_transferred
Fiersviridae	cdd_transfer:rvmt_broad::Fiersviridae:modern_structural:F	modern_structural:F	CDD conserved polymerase motif F	116;117;118;119;120;121;122;123;124;125;126;127;128;129;130	cdd:cd23176	1.0000	0.9167	CDD_direct_single_root	curated_root_transferred
Flasuviricetes	cdd_transfer:rvmt_broad::Flasuviricetes:modern_structural:A	modern_structural:A	CDD conserved polymerase motif A	212;213;214;215;216;217;218;219;220;221;222;223;224;225;226	cdd:cd23175;cdd:cd23178;cdd:cd23201;cdd:cd23202;cdd:cd23203;cdd:cd23204;cdd:cd23206;cdd:cd23233;cdd:cd23234;cdd:cd23236;cdd:cd23237;cdd:cd23240;cdd:cd23241;cdd:cd23242;cdd:cd23243;cdd:cd23244	1.0000	0.7222	CDD_direct_multi_root	curated_root_transferred
Flasuviricetes	cdd_transfer:rvmt_broad::Flasuviricetes:modern_structural:B	modern_structural:B	CDD conserved polymerase motif B	279;280;281;282;283;284;285;286;287;288;289;290;291;292;293;294;295;296;297;298;299;300;301;303	cdd:cd23175;cdd:cd23201;cdd:cd23202;cdd:cd23203;cdd:cd23236;cdd:cd23237;cdd:cd23244	1.0000	0.7619	CDD_direct_multi_root	curated_root_transferred
Flasuviricetes	cdd_transfer:rvmt_broad::Flasuviricetes:modern_structural:C	modern_structural:C	CDD conserved polymerase motif C	318;319;320;321;322;323;324;325;326;327;328;329;330;331;332	cdd:cd23178;cdd:cd23179;cdd:cd23201;cdd:cd23202;cdd:cd23203;cdd:cd23233;cdd:cd23234;cdd:cd23236;cdd:cd23237;cdd:cd23240;cdd:cd23241;cdd:cd23242;cdd:cd23244	1.0000	0.9231	CDD_direct_multi_root	curated_root_transferred
Flaviviridae	cdd_transfer:rvmt_broad::Flaviviridae:modern_structural:A	modern_structural:A	CDD conserved polymerase motif A	201;202;203;204;205;206;207;208;209;210;211;212;213;214;215	cdd:cd23175;cdd:cd23178;cdd:cd23201;cdd:cd23202;cdd:cd23203;cdd:cd23204;cdd:cd23206;cdd:cd23233;cdd:cd23234;cdd:cd23235;cdd:cd23236;cdd:cd23237;cdd:cd23239;cdd:cd23240;cdd:cd23241;cdd:cd23242;cdd:cd23243;cdd:cd23244	1.0000	0.7215	CDD_direct_multi_root	curated_root_transferred
Flaviviridae	cdd_transfer:rvmt_broad::Flaviviridae:modern_structural:B	modern_structural:B	CDD conserved polymerase motif B	271;272;273;274;275;276;277;278;279;280;281;282;283;284;285;286;287;288;289;290;291;293;294;295	cdd:cd23201;cdd:cd23236;cdd:cd23237;cdd:cd23239;cdd:cd23244	1.0000	0.6667	CDD_direct_multi_root	curated_root_transferred
Flaviviridae	cdd_transfer:rvmt_broad::Flaviviridae:modern_structural:C	modern_structural:C	CDD conserved polymerase motif C	318;319;320;321;322;323;324;325;326;327;328;329;330;331;332	cdd:cd23178;cdd:cd23179;cdd:cd23201;cdd:cd23202;cdd:cd23203;cdd:cd23233;cdd:cd23234;cdd:cd23235;cdd:cd23236;cdd:cd23237;cdd:cd23239;cdd:cd23240;cdd:cd23241;cdd:cd23242;cdd:cd23243;cdd:cd23244	1.0000	0.9080	CDD_direct_multi_root	curated_root_transferred
Gammaflexiviridae	cdd_transfer:rvmt_broad::Gammaflexiviridae:modern_structural:A	modern_structural:A	CDD conserved polymerase motif A	200;201;202;203;204;205;206;207;208;209;210;211;212;213;214	cdd:cd23182;cdd:cd23207;cdd:cd23208;cdd:cd23209;cdd:cd23245;cdd:cd23246;cdd:cd23247;cdd:cd23248;cdd:cd23249;cdd:cd23253;cdd:cd23254;cdd:cd23259	1.0000	0.8492	CDD_direct_multi_root	curated_root_transferred
Gammaflexiviridae	cdd_transfer:rvmt_broad::Gammaflexiviridae:modern_structural:B	modern_structural:B	CDD conserved polymerase motif B	256;257;258;259;260;261;262;263;264;265;266;267;268;269;270;271;272;273;274;275;276;277;278;279	cdd:cd23182;cdd:cd23207;cdd:cd23208;cdd:cd23209;cdd:cd23245;cdd:cd23246;cdd:cd23247;cdd:cd23248;cdd:cd23249;cdd:cd23253;cdd:cd23254;cdd:cd23259	0.9965	0.8346	CDD_direct_multi_root	curated_root_transferred
Gammaflexiviridae	cdd_transfer:rvmt_broad::Gammaflexiviridae:modern_structural:C	modern_structural:C	CDD conserved polymerase motif C	285;286;287;288;289;290;291;292;293;294;295;296;297;298	cdd:cd23259	0.9333	0.8571	CDD_direct_single_root	curated_root_transferred
Ghabrivirales	cdd_transfer:rvmt_broad::Ghabrivirales:modern_structural:A	modern_structural:A	CDD conserved polymerase motif A	191;192;193;194;195;196;197;198;199;200;201;202;203;204;205	cdd:cd23183;cdd:cd23185;cdd:cd23193	1.0000	0.7093	CDD_direct_multi_root	curated_root_transferred
Gresnaviridae	cdd_transfer:rvmt_broad::Gresnaviridae:modern_structural:A	modern_structural:A	CDD conserved polymerase motif A	181;182;183;184;185;186;187;188;189;190;191;192;193;194;195	cdd:cd21587;cdd:cd23168;cdd:cd23186;cdd:cd23189	0.9853	0.6048	CDD_direct_multi_root	curated_root_transferred
Gresnaviridae	cdd_transfer:rvmt_broad::Gresnaviridae:modern_structural:B	modern_structural:B	CDD conserved polymerase motif B	241;242;243;244;245;246;247;248;249;250;251;252;253;254;255;256;257;258;259;260;261;262;263;264;265	cdd:cd21587;cdd:cd23168;cdd:cd23186;cdd:cd23189	0.9475	0.7644	CDD_direct_multi_root	curated_root_transferred
Gresnaviridae	cdd_transfer:rvmt_broad::Gresnaviridae:modern_structural:C	modern_structural:C	CDD conserved polymerase motif C	286;287;288;289;290;291;292;293;294;295;296;297;298;299;300;301;302;303;304	cdd:cd23186;cdd:cd23189	1.0000	0.6250	CDD_direct_multi_root	curated_root_transferred
Gresnaviridae	cdd_transfer:rvmt_broad::Gresnaviridae:modern_structural:D	modern_structural:D	CDD conserved polymerase motif D	311;312;315;316;317;318;319;320;321;322;323;324;325;326;327;328;329;330;331	cdd:cd21587	0.8636	0.5882	CDD_direct_single_root	curated_root_transferred
Gresnaviridae	cdd_transfer:rvmt_broad::Gresnaviridae:modern_structural:F	modern_structural:F	CDD conserved polymerase motif F	110;111;112;113;114;115;116;117;118;119;120;121;122;123;124;125;126;127;128;129;130	cdd:cd21587;cdd:cd23168;cdd:cd23186;cdd:cd23189	0.8991	0.6299	CDD_direct_multi_root	curated_root_transferred
Hepelivirales	cdd_transfer:rvmt_broad::Hepelivirales:modern_structural:A	modern_structural:A	CDD conserved polymerase motif A	209;210;211;212;213;214;215;216;217;218;219;220;221;222;223	cdd:cd23179;cdd:cd23182;cdd:cd23207;cdd:cd23208;cdd:cd23209;cdd:cd23245;cdd:cd23246;cdd:cd23247;cdd:cd23248;cdd:cd23250;cdd:cd23251;cdd:cd23252;cdd:cd23253;cdd:cd23254;cdd:cd23255;cdd:cd23256;cdd:cd23259;cdd:cd23260	1.0000	0.7153	CDD_direct_multi_root	curated_root_transferred
Hepelivirales	cdd_transfer:rvmt_broad::Hepelivirales:modern_structural:B	modern_structural:B	CDD conserved polymerase motif B	270;271;272;273;274;275;276;277;278;279;280;281;282;283;284;285;286;287;288;289;290;291;292;293	cdd:cd23209;cdd:cd23246;cdd:cd23247;cdd:cd23248;cdd:cd23252;cdd:cd23254;cdd:cd23257;cdd:cd23259	1.0000	0.8910	CDD_direct_multi_root	curated_root_transferred
Hepelivirales	cdd_transfer:rvmt_broad::Hepelivirales:modern_structural:C	modern_structural:C	CDD conserved polymerase motif C	299;300;301;302;303;304;305;306;307;308;309;310;311;312;313	cdd:cd23209;cdd:cd23245;cdd:cd23247;cdd:cd23250;cdd:cd23252;cdd:cd23257;cdd:cd23259	0.9810	0.8750	CDD_direct_multi_root	curated_root_transferred
Hepeviridae	cdd_transfer:rvmt_broad::Hepeviridae:modern_structural:A	modern_structural:A	CDD conserved polymerase motif A	216;217;218;219;220;221;222;223;224;225;226;227;228;229;230	cdd:cd23182;cdd:cd23245;cdd:cd23246;cdd:cd23247;cdd:cd23248;cdd:cd23252;cdd:cd23253;cdd:cd23254;cdd:cd23257;cdd:cd23259;cdd:cd23260	1.0000	0.7273	CDD_direct_multi_root	curated_root_transferred
Hepeviridae	cdd_transfer:rvmt_broad::Hepeviridae:modern_structural:B	modern_structural:B	CDD conserved polymerase motif B	280;281;282;283;284;285;286;287;288;289;290;291;292;293;294;295;296;297;298;299;300;301;302;303	cdd:cd23182;cdd:cd23245;cdd:cd23246;cdd:cd23247;cdd:cd23248;cdd:cd23252;cdd:cd23253;cdd:cd23254;cdd:cd23257;cdd:cd23258;cdd:cd23259	1.0000	0.7996	CDD_direct_multi_root	curated_root_transferred
Hepeviridae	cdd_transfer:rvmt_broad::Hepeviridae:modern_structural:C	modern_structural:C	CDD conserved polymerase motif C	309;310;311;312;313;314;315;316;317;318;319;320;321;322;323	cdd:cd23182;cdd:cd23209;cdd:cd23245;cdd:cd23247;cdd:cd23251;cdd:cd23252;cdd:cd23253;cdd:cd23259	0.9911	0.8271	CDD_direct_multi_root	curated_root_transferred
Howeltoviricetes	cdd_transfer:rvmt_broad::Howeltoviricetes:modern_structural:A	modern_structural:A	CDD conserved polymerase motif A	195;196;197;198;199;200;201;202;203;204;205;206;207;208;209	cdd:cd23183	1.0000	0.7778	CDD_direct_single_root	curated_root_transferred
Howeltoviricetes	cdd_transfer:rvmt_broad::Howeltoviricetes:modern_structural:B	modern_structural:B	CDD conserved polymerase motif B	255;256;257;258;259;260;261;262;263;264;265;266;267;268;269;270;271;272;273;274;275;276;277;278	cdd:cd23183	1.0000	0.5714	CDD_direct_single_root	curated_root_transferred
Howeltoviricetes	cdd_transfer:rvmt_broad::Howeltoviricetes:modern_structural:C	modern_structural:C	CDD conserved polymerase motif C	295;296;297;298;299;300;301;302;303;304;305;306	cdd:cd23183	0.8000	0.8889	CDD_direct_single_root	curated_root_transferred
Hypoviridae	cdd_transfer:rvmt_broad::Hypoviridae:modern_structural:B	modern_structural:B	CDD conserved polymerase motif B	202;203;204;205;206;207;208;209;210;211;212;213;214;215;216;217;218;219;220;221;222;223;224;225	cdd:cd23170;cdd:cd23175	1.0000	0.6488	CDD_direct_multi_root	curated_root_transferred
Hypoviridae	cdd_transfer:rvmt_broad::Hypoviridae:modern_structural:C	modern_structural:C	CDD conserved polymerase motif C	240;241;242;243;244;245;246;247;248;249;250;251;252;253;254	cdd:cd23170	1.0000	0.6000	CDD_direct_single_root	curated_root_transferred
Hypoviridae	cdd_transfer:rvmt_broad::Hypoviridae:modern_structural:F	modern_structural:F	CDD conserved polymerase motif F	55;56;57;58;59;60;61;62;63;64;65;66;67;68;69;72;73;74;75;76;77;78	cdd:cd23193	1.0000	0.5714	CDD_direct_single_root	curated_root_transferred
Iflaviridae	cdd_transfer:rvmt_broad::Iflaviridae:modern_structural:A	modern_structural:A	CDD conserved polymerase motif A	211;212;213;214;215;216;217;218;219;220;221;222;223;224;225	cdd:cd23171;cdd:cd23172;cdd:cd23173;cdd:cd23175;cdd:cd23192;cdd:cd23194;cdd:cd23195;cdd:cd23196;cdd:cd23197;cdd:cd23198;cdd:cd23199;cdd:cd23210;cdd:cd23211;cdd:cd23212;cdd:cd23213;cdd:cd23214;cdd:cd23215;cdd:cd23216;cdd:cd23217;cdd:cd23218;cdd:cd23219;cdd:cd23220;cdd:cd23222;cdd:cd23223;cdd:cd23224;cdd:cd23225;cdd:cd23226;cdd:cd23227;cdd:cd23228;cdd:cd23229;cdd:cd23230;cdd:cd23231	1.0000	0.6836	CDD_direct_multi_root	curated_root_transferred
Iflaviridae	cdd_transfer:rvmt_broad::Iflaviridae:modern_structural:B	modern_structural:B	CDD conserved polymerase motif B	279;280;281;282;283;284;285;286;287;288;289;290;291;292;293;294;295;296;297;298;299;300;301;302	cdd:cd23169;cdd:cd23171;cdd:cd23172;cdd:cd23173;cdd:cd23175;cdd:cd23192;cdd:cd23194;cdd:cd23195;cdd:cd23196;cdd:cd23197;cdd:cd23198;cdd:cd23210;cdd:cd23211;cdd:cd23212;cdd:cd23213;cdd:cd23214;cdd:cd23215;cdd:cd23216;cdd:cd23217;cdd:cd23218;cdd:cd23219;cdd:cd23220;cdd:cd23222;cdd:cd23223;cdd:cd23224;cdd:cd23225;cdd:cd23226;cdd:cd23227;cdd:cd23228;cdd:cd23229;cdd:cd23230;cdd:cd23231;cdd:cd23232	1.0000	0.8828	CDD_direct_multi_root	curated_root_transferred
Iflaviridae	cdd_transfer:rvmt_broad::Iflaviridae:modern_structural:C	modern_structural:C	CDD conserved polymerase motif C	323;324;325;326;327;328;329;330;331;332;333;334;335;336;337	cdd:cd23169;cdd:cd23196;cdd:cd23199;cdd:cd23211;cdd:cd23213;cdd:cd23216;cdd:cd23217;cdd:cd23219;cdd:cd23224;cdd:cd23228;cdd:cd23230;cdd:cd23231;cdd:cd23232	1.0000	0.9217	CDD_direct_multi_root	curated_root_transferred
Iflaviridae	cdd_transfer:rvmt_broad::Iflaviridae:modern_structural:F	modern_structural:F	CDD conserved polymerase motif F	135;136;137;138;139;140;141;142;143;144;145;146;147;148;150;151;152;153;154;155;156;157	cdd:cd23169;cdd:cd23192;cdd:cd23193;cdd:cd23194;cdd:cd23195;cdd:cd23196;cdd:cd23197;cdd:cd23198;cdd:cd23199;cdd:cd23210;cdd:cd23211;cdd:cd23212;cdd:cd23213;cdd:cd23214;cdd:cd23215;cdd:cd23216;cdd:cd23217;cdd:cd23218;cdd:cd23219;cdd:cd23220;cdd:cd23222;cdd:cd23223;cdd:cd23224;cdd:cd23225;cdd:cd23226;cdd:cd23227;cdd:cd23228;cdd:cd23229;cdd:cd23230;cdd:cd23231;cdd:cd23232	0.9973	0.8353	CDD_direct_multi_root	curated_root_transferred
Kitaviridae	cdd_transfer:rvmt_broad::Kitaviridae:modern_structural:A	modern_structural:A	CDD conserved polymerase motif A	213;214;215;216;217;218;219;220;221;222;223;224;225;226;227	cdd:cd23182;cdd:cd23207;cdd:cd23208;cdd:cd23209;cdd:cd23245;cdd:cd23247;cdd:cd23249;cdd:cd23250;cdd:cd23251;cdd:cd23252;cdd:cd23253;cdd:cd23254;cdd:cd23255;cdd:cd23256;cdd:cd23259	1.0000	0.8496	CDD_direct_multi_root	curated_root_transferred
Kitaviridae	cdd_transfer:rvmt_broad::Kitaviridae:modern_structural:B	modern_structural:B	CDD conserved polymerase motif B	275;276;277;278;279;280;281;282;283;284;285;286;287;288;289;290;291;292;293;294;295;296;297;298	cdd:cd23182;cdd:cd23207;cdd:cd23208;cdd:cd23209;cdd:cd23245;cdd:cd23247;cdd:cd23249;cdd:cd23250;cdd:cd23251;cdd:cd23252;cdd:cd23253;cdd:cd23254;cdd:cd23255;cdd:cd23256;cdd:cd23257;cdd:cd23259	0.9922	0.8354	CDD_direct_multi_root	curated_root_transferred
Kitaviridae	cdd_transfer:rvmt_broad::Kitaviridae:modern_structural:C	modern_structural:C	CDD conserved polymerase motif C	304;305;306;307;308;309;310;311;312;313;314;315;316;317;318	cdd:cd23182;cdd:cd23208;cdd:cd23209;cdd:cd23245;cdd:cd23247;cdd:cd23250;cdd:cd23251;cdd:cd23252;cdd:cd23253;cdd:cd23254;cdd:cd23256;cdd:cd23259	0.9829	0.8759	CDD_direct_multi_root	curated_root_transferred
Lenarviricota	cdd_transfer:rvmt_broad::Lenarviricota:modern_structural:A	modern_structural:A	CDD conserved polymerase motif A	223;224;225;226;227;228;229;230;231;232;233;234;235;236;237	cdd:cd23176;cdd:cd23177;cdd:cd23183	1.0000	0.8000	CDD_direct_multi_root	curated_root_transferred
Lenarviricota	cdd_transfer:rvmt_broad::Lenarviricota:modern_structural:C	modern_structural:C	CDD conserved polymerase motif C	324;325;326;327;328;329;330;331;332;333;334;335;336;337	cdd:cd23177;cdd:cd23183	0.9333	0.9286	CDD_direct_multi_root	curated_root_transferred
Leviviricetes	cdd_transfer:rvmt_broad::Leviviricetes:modern_structural:A	modern_structural:A	CDD conserved polymerase motif A	193;194;195;196;197;198;199;200;201;202;203;204;205;206;207	cdd:cd23176	1.0000	0.9231	CDD_direct_single_root	curated_root_transferred
Leviviricetes	cdd_transfer:rvmt_broad::Leviviricetes:modern_structural:B	modern_structural:B	CDD conserved polymerase motif B	253;254;255;256;257;258;259;260;261;262;263;264;265;266;267;268;269;271;272;273;274;275;276	cdd:cd23176	1.0000	0.9375	CDD_direct_single_root	curated_root_transferred
Leviviricetes	cdd_transfer:rvmt_broad::Leviviricetes:modern_structural:C	modern_structural:C	CDD conserved polymerase motif C	291;292;293;294;295;296;297;298;299;300;301;302;303;304;305	cdd:cd23176	1.0000	1.0000	CDD_direct_single_root	curated_root_transferred
Leviviricetes	cdd_transfer:rvmt_broad::Leviviricetes:modern_structural:F	modern_structural:F	CDD conserved polymerase motif F	132;133;134;135;136;137;138;139;140;141;142;143;144;145;146	cdd:cd23176	1.0000	1.0000	CDD_direct_single_root	curated_root_transferred
Magsaviricetes	cdd_transfer:rvmt_broad::Magsaviricetes:modern_structural:A	modern_structural:A	CDD conserved polymerase motif A	190;191;192;193;194;195;196;197;198;199;200;201;202;203;204	cdd:cd23173;cdd:cd23185;cdd:cd23206;cdd:cd23243	1.0000	0.8056	CDD_direct_multi_root	curated_root_transferred
Magsaviricetes	cdd_transfer:rvmt_broad::Magsaviricetes:modern_structural:B	modern_structural:B	CDD conserved polymerase motif B	258;259;260;261;262;263;264;265;266;267;268;269;270;271;272;273;274;275;276;277;278;279;280;281	cdd:cd23173;cdd:cd23174;cdd:cd23206;cdd:cd23243	1.0000	0.7628	CDD_direct_multi_root	curated_root_transferred
Magsaviricetes	cdd_transfer:rvmt_broad::Magsaviricetes:modern_structural:C	modern_structural:C	CDD conserved polymerase motif C	296;297;298;299;300;301;302;303;304;305;306;307;308	cdd:cd23173;cdd:cd23193;cdd:cd23243	0.9302	0.7407	CDD_direct_multi_root	curated_root_transferred
Magsaviricetes	cdd_transfer:rvmt_broad::Magsaviricetes:modern_structural:F	modern_structural:F	CDD conserved polymerase motif F	111;112;113;114;115;116;117;118;119;126;127;128;129;130;131;132;133;134	cdd:cd23193	0.8182	0.6000	CDD_direct_single_root	curated_root_transferred
Marnaviridae	cdd_transfer:rvmt_broad::Marnaviridae:modern_structural:A	modern_structural:A	CDD conserved polymerase motif A	209;210;211;212;213;214;215;216;217;218;219;220;221;222;223	cdd:cd21587;cdd:cd23171;cdd:cd23172;cdd:cd23175;cdd:cd23192;cdd:cd23194;cdd:cd23195;cdd:cd23196;cdd:cd23197;cdd:cd23198;cdd:cd23199;cdd:cd23210;cdd:cd23211;cdd:cd23212;cdd:cd23213;cdd:cd23214;cdd:cd23215;cdd:cd23216;cdd:cd23217;cdd:cd23218;cdd:cd23219;cdd:cd23220;cdd:cd23221;cdd:cd23222;cdd:cd23223;cdd:cd23224;cdd:cd23225;cdd:cd23226;cdd:cd23227;cdd:cd23228;cdd:cd23229;cdd:cd23230;cdd:cd23231;cdd:cd23232	1.0000	0.6832	CDD_direct_multi_root	curated_root_transferred
Marnaviridae	cdd_transfer:rvmt_broad::Marnaviridae:modern_structural:B	modern_structural:B	CDD conserved polymerase motif B	276;277;278;279;280;281;282;283;284;285;286;287;288;289;290;291;292;293;294;295;296;297;298;299	cdd:cd23171;cdd:cd23172;cdd:cd23175;cdd:cd23192;cdd:cd23194;cdd:cd23195;cdd:cd23196;cdd:cd23197;cdd:cd23198;cdd:cd23199;cdd:cd23200;cdd:cd23210;cdd:cd23211;cdd:cd23212;cdd:cd23213;cdd:cd23214;cdd:cd23215;cdd:cd23216;cdd:cd23217;cdd:cd23218;cdd:cd23219;cdd:cd23220;cdd:cd23221;cdd:cd23222;cdd:cd23223;cdd:cd23224;cdd:cd23225;cdd:cd23226;cdd:cd23227;cdd:cd23228;cdd:cd23229;cdd:cd23230;cdd:cd23231;cdd:cd23232	1.0000	0.7671	CDD_direct_multi_root	curated_root_transferred
Marnaviridae	cdd_transfer:rvmt_broad::Marnaviridae:modern_structural:C	modern_structural:C	CDD conserved polymerase motif C	315;316;317;318;319;320;321;322;323;324;325;326;327;328;329	cdd:cd23169;cdd:cd23175;cdd:cd23193;cdd:cd23195;cdd:cd23196;cdd:cd23197;cdd:cd23199;cdd:cd23200;cdd:cd23211;cdd:cd23212;cdd:cd23213;cdd:cd23214;cdd:cd23215;cdd:cd23216;cdd:cd23217;cdd:cd23218;cdd:cd23219;cdd:cd23220;cdd:cd23221;cdd:cd23222;cdd:cd23223;cdd:cd23224;cdd:cd23225;cdd:cd23226;cdd:cd23227;cdd:cd23228;cdd:cd23229;cdd:cd23230;cdd:cd23231;cdd:cd23232	1.0000	0.7407	CDD_direct_multi_root	curated_root_transferred
Marnaviridae	cdd_transfer:rvmt_broad::Marnaviridae:modern_structural:F	modern_structural:F	CDD conserved polymerase motif F	133;134;135;136;137;138;139;140;141;142;143;144;145;146;147;148;149;150;151;152;153;154	cdd:cd21587;cdd:cd23169;cdd:cd23192;cdd:cd23193;cdd:cd23194;cdd:cd23195;cdd:cd23196;cdd:cd23197;cdd:cd23198;cdd:cd23199;cdd:cd23210;cdd:cd23211;cdd:cd23212;cdd:cd23213;cdd:cd23214;cdd:cd23215;cdd:cd23216;cdd:cd23217;cdd:cd23218;cdd:cd23219;cdd:cd23220;cdd:cd23221;cdd:cd23223;cdd:cd23224;cdd:cd23226;cdd:cd23227;cdd:cd23228;cdd:cd23230;cdd:cd23231	0.9942	0.8058	CDD_direct_multi_root	curated_root_transferred
Marnaviridae	cdd_transfer:rvmt_broad::Marnaviridae:modern_structural:G	modern_structural:G	CDD conserved polymerase motif G	77;78;79;80;81;82;83;84;85;86;87;88;89	cdd:cd21587	0.9286	0.6250	CDD_direct_single_root	curated_root_transferred
Martellivirales	cdd_transfer:rvmt_broad::Martellivirales:modern_structural:A	modern_structural:A	CDD conserved polymerase motif A	218;219;220;221;222;223;224;225;226;227;228;229;230;231;232	cdd:cd23179;cdd:cd23186;cdd:cd23206;cdd:cd23208;cdd:cd23209;cdd:cd23245;cdd:cd23246;cdd:cd23247;cdd:cd23249;cdd:cd23250;cdd:cd23251;cdd:cd23252;cdd:cd23253;cdd:cd23254;cdd:cd23255;cdd:cd23256;cdd:cd23259;cdd:cd23260	1.0000	0.8194	CDD_direct_multi_root	curated_root_transferred
Martellivirales	cdd_transfer:rvmt_broad::Martellivirales:modern_structural:B	modern_structural:B	CDD conserved polymerase motif B	280;281;282;283;284;285;286;287;288;289;290;291;292;293;294;295;296;297;298;299;300;301;302;303	cdd:cd23186;cdd:cd23206;cdd:cd23208;cdd:cd23245;cdd:cd23246;cdd:cd23247;cdd:cd23249;cdd:cd23250;cdd:cd23252;cdd:cd23253;cdd:cd23254;cdd:cd23256;cdd:cd23257;cdd:cd23259;cdd:cd23260	1.0000	0.8472	CDD_direct_multi_root	curated_root_transferred
Matonaviridae	cdd_transfer:rvmt_broad::Matonaviridae:modern_structural:A	modern_structural:A	CDD conserved polymerase motif A	207;208;209;210;211;212;213;214;215;216;217;218;219;220;221	cdd:cd23207;cdd:cd23209;cdd:cd23245;cdd:cd23246;cdd:cd23249;cdd:cd23251;cdd:cd23253;cdd:cd23254;cdd:cd23259;cdd:cd23260	1.0000	0.7642	CDD_direct_multi_root	curated_root_transferred
Matonaviridae	cdd_transfer:rvmt_broad::Matonaviridae:modern_structural:B	modern_structural:B	CDD conserved polymerase motif B	267;268;269;270;271;272;273;274;275;276;277;278;279;280;281;282;283;284;285;286;287;288;289;290	cdd:cd23207;cdd:cd23209;cdd:cd23245;cdd:cd23246;cdd:cd23249;cdd:cd23251;cdd:cd23253;cdd:cd23254;cdd:cd23259;cdd:cd23260	0.9708	0.7067	CDD_direct_multi_root	curated_root_transferred
Matonaviridae	cdd_transfer:rvmt_broad::Matonaviridae:modern_structural:C	modern_structural:C	CDD conserved polymerase motif C	296;297;298;299;300;301;302;303;304;305;306;307;308;309;310	cdd:cd23209;cdd:cd23245;cdd:cd23246;cdd:cd23249;cdd:cd23251;cdd:cd23253;cdd:cd23254;cdd:cd23259;cdd:cd23260	1.0000	0.7321	CDD_direct_multi_root	curated_root_transferred
Mayoviridae	cdd_transfer:rvmt_broad::Mayoviridae:modern_structural:A	modern_structural:A	CDD conserved polymerase motif A	207;208;209;210;211;212;213;214;215;216;217;218;219;220;221	cdd:cd23179;cdd:cd23182;cdd:cd23208;cdd:cd23209;cdd:cd23250;cdd:cd23251;cdd:cd23252;cdd:cd23253;cdd:cd23254;cdd:cd23255;cdd:cd23256	1.0000	0.8839	CDD_direct_multi_root	curated_root_transferred
Mayoviridae	cdd_transfer:rvmt_broad::Mayoviridae:modern_structural:B	modern_structural:B	CDD conserved polymerase motif B	269;270;271;272;273;274;275;276;277;278;279;280;281;282;283;284;285;286;287;288;289;290;291;292	cdd:cd23179;cdd:cd23182;cdd:cd23208;cdd:cd23209;cdd:cd23250;cdd:cd23251;cdd:cd23252;cdd:cd23253;cdd:cd23254;cdd:cd23255;cdd:cd23256	1.0000	0.8766	CDD_direct_multi_root	curated_root_transferred
Mayoviridae	cdd_transfer:rvmt_broad::Mayoviridae:modern_structural:C	modern_structural:C	CDD conserved polymerase motif C	301;302;303;304;305;306;307;308;309;310;311;312;313;314;315	cdd:cd23179;cdd:cd23182;cdd:cd23208;cdd:cd23209;cdd:cd23250;cdd:cd23251;cdd:cd23252;cdd:cd23253;cdd:cd23254;cdd:cd23256	0.9795	0.8580	CDD_direct_multi_root	curated_root_transferred
Medioniviridae	cdd_transfer:rvmt_broad::Medioniviridae:modern_structural:A	modern_structural:A	CDD conserved polymerase motif A	213;214;215;216;217;218;219;220;221;222;223;224;225;226;227;228;229	cdd:cd21530;cdd:cd21587;cdd:cd21588;cdd:cd21589;cdd:cd21590;cdd:cd21591;cdd:cd21592;cdd:cd21593;cdd:cd21596;cdd:cd23168;cdd:cd23186;cdd:cd23187;cdd:cd23191	1.0000	0.5932	CDD_direct_multi_root	curated_root_transferred
Medioniviridae	cdd_transfer:rvmt_broad::Medioniviridae:modern_structural:B	modern_structural:B	CDD conserved polymerase motif B	288;289;290;291;292;293;294;295;296;297;298;299;300;301;302;303;304;305;306;307;308;309;310;311	cdd:cd23168;cdd:cd23187;cdd:cd23188;cdd:cd23191	0.9688	0.8318	CDD_direct_multi_root	curated_root_transferred
Medioniviridae	cdd_transfer:rvmt_broad::Medioniviridae:modern_structural:C	modern_structural:C	CDD conserved polymerase motif C	361;362;363;364;365;366;367;368;369;370;371;372;373;374;375	cdd:cd21530;cdd:cd21587;cdd:cd21588;cdd:cd21589;cdd:cd21590;cdd:cd21591;cdd:cd21592;cdd:cd21593;cdd:cd21596;cdd:cd23186;cdd:cd23187;cdd:cd23188;cdd:cd23191	1.0000	0.7354	CDD_direct_multi_root	curated_root_transferred
Medioniviridae	cdd_transfer:rvmt_broad::Medioniviridae:modern_structural:D	modern_structural:D	CDD conserved polymerase motif D	381;382;383;384;385;386;387;388;389;390;391;392;393;394;395;396;397;398;399;400	cdd:cd21590;cdd:cd21591;cdd:cd21592;cdd:cd21593;cdd:cd21596	0.9260	0.7951	CDD_direct_multi_root	curated_root_transferred
Medioniviridae	cdd_transfer:rvmt_broad::Medioniviridae:modern_structural:E	modern_structural:E	CDD conserved polymerase motif E	412;413;414;415;416;417;418;419;420;421;422	cdd:cd21530;cdd:cd21587;cdd:cd21588;cdd:cd21589;cdd:cd21590;cdd:cd21591;cdd:cd21592;cdd:cd21593;cdd:cd21596	0.9537	0.9765	CDD_direct_multi_root	curated_root_transferred
Medioniviridae	cdd_transfer:rvmt_broad::Medioniviridae:modern_structural:F	modern_structural:F	CDD conserved polymerase motif F	127;128;129;130;131;132;133;134;135;136;137;138;139;140;141;142;143;144;145;146;147;148;149	cdd:cd21530;cdd:cd21587;cdd:cd21588;cdd:cd21589;cdd:cd21590;cdd:cd21591;cdd:cd21592;cdd:cd21593;cdd:cd21596;cdd:cd23168;cdd:cd23187;cdd:cd23188	1.0000	0.6956	CDD_direct_multi_root	curated_root_transferred
Medioniviridae	cdd_transfer:rvmt_broad::Medioniviridae:modern_structural:G	modern_structural:G	CDD conserved polymerase motif G	89;90;91;92;93;94;95;96;97;98;99;100;101;102	cdd:cd21530;cdd:cd21587;cdd:cd21588;cdd:cd21589;cdd:cd21590;cdd:cd21591;cdd:cd21592;cdd:cd21593;cdd:cd21596	1.0000	0.6574	CDD_direct_multi_root	curated_root_transferred
Mesoniviridae	cdd_transfer:rvmt_broad::Mesoniviridae:modern_structural:A	modern_structural:A	CDD conserved polymerase motif A	200;201;208;209;210;211;212;213;214;215;216;217;218;219;220;221;222	cdd:cd21530;cdd:cd21587;cdd:cd21588;cdd:cd21589;cdd:cd21590;cdd:cd21591;cdd:cd21592;cdd:cd21593;cdd:cd21596;cdd:cd23168;cdd:cd23186;cdd:cd23187;cdd:cd23190;cdd:cd23191	1.0000	0.6837	CDD_direct_multi_root	curated_root_transferred
Mesoniviridae	cdd_transfer:rvmt_broad::Mesoniviridae:modern_structural:B	modern_structural:B	CDD conserved polymerase motif B	282;283;284;285;286;287;288;289;290;291;292;293;294;295;296;297;298;299;300;301;302;303;304;305;307;308;309;310	cdd:cd21530;cdd:cd21587;cdd:cd21588;cdd:cd21589;cdd:cd21590;cdd:cd21591;cdd:cd21592;cdd:cd21593;cdd:cd21596;cdd:cd23168;cdd:cd23186;cdd:cd23187;cdd:cd23188;cdd:cd23190;cdd:cd23191	1.0000	0.6330	CDD_direct_multi_root	curated_root_transferred
Mesoniviridae	cdd_transfer:rvmt_broad::Mesoniviridae:modern_structural:C	modern_structural:C	CDD conserved polymerase motif C	362;363;364;365;366;367;368;369;370;371;372;373;374;375;376	cdd:cd21530;cdd:cd21587;cdd:cd21588;cdd:cd21589;cdd:cd21590;cdd:cd21591;cdd:cd21592;cdd:cd21593;cdd:cd21596;cdd:cd23186;cdd:cd23187;cdd:cd23190;cdd:cd23191	0.9795	0.7624	CDD_direct_multi_root	curated_root_transferred
Mesoniviridae	cdd_transfer:rvmt_broad::Mesoniviridae:modern_structural:D	modern_structural:D	CDD conserved polymerase motif D	381;382;383;384;385;386;387;388;389;390;391;392;393;394;395;396;397;398	cdd:cd21590	0.8571	0.5000	CDD_direct_single_root	curated_root_transferred
Mesoniviridae	cdd_transfer:rvmt_broad::Mesoniviridae:modern_structural:E	modern_structural:E	CDD conserved polymerase motif E	414;415;416;417;418;419;420;421;422;423;424	cdd:cd21530;cdd:cd21587;cdd:cd21588;cdd:cd21589;cdd:cd21590;cdd:cd21591;cdd:cd21592;cdd:cd21593;cdd:cd21596	0.9074	0.7747	CDD_direct_multi_root	curated_root_transferred
Mesoniviridae	cdd_transfer:rvmt_broad::Mesoniviridae:modern_structural:F	modern_structural:F	CDD conserved polymerase motif F	123;124;125;126;127;128;129;130;131;132;133;134;135;136;137;138;139;140;141;142;143;144;145	cdd:cd21530;cdd:cd21587;cdd:cd21588;cdd:cd21589;cdd:cd21590;cdd:cd21591;cdd:cd21592;cdd:cd21593;cdd:cd21596;cdd:cd23168;cdd:cd23186;cdd:cd23187;cdd:cd23188;cdd:cd23190	0.9966	0.6965	CDD_direct_multi_root	curated_root_transferred
Mesoniviridae	cdd_transfer:rvmt_broad::Mesoniviridae:modern_structural:G	modern_structural:G	CDD conserved polymerase motif G	86;87;88;89;90;91;92;93;94;95;96;97;98;99	cdd:cd21530;cdd:cd21587;cdd:cd21588;cdd:cd21589;cdd:cd21590;cdd:cd21591;cdd:cd21592;cdd:cd21593;cdd:cd21596	1.0000	0.5643	CDD_direct_multi_root	curated_root_transferred
Miaviricetes	cdd_transfer:rvmt_broad::Miaviricetes:modern_structural:A	modern_structural:A	CDD conserved polymerase motif A	196;197;198;199;200;201;202;203;204;205;206;207;208;209;210	cdd:cd23177;cdd:cd23183	1.0000	0.8045	CDD_direct_multi_root	curated_root_transferred
Miaviricetes	cdd_transfer:rvmt_broad::Miaviricetes:modern_structural:B	modern_structural:B	CDD conserved polymerase motif B	257;258;259;260;261;262;263;264;265;266;267;268;269;270;271;272;273;274;275;276;277;278;279;280	cdd:cd23177;cdd:cd23183	1.0000	0.7812	CDD_direct_multi_root	curated_root_transferred
Miaviricetes	cdd_transfer:rvmt_broad::Miaviricetes:modern_structural:C	modern_structural:C	CDD conserved polymerase motif C	295;296;297;298;299;300;301;302;303;304;305;306;307;308;309	cdd:cd23177;cdd:cd23183	1.0000	0.8000	CDD_direct_multi_root	curated_root_transferred
Mitoviridae	cdd_transfer:rvmt_broad::Mitoviridae:modern_structural:A	modern_structural:A	CDD conserved polymerase motif A	203;204;205;206;207;208;209;210;211;212;213;214;215;216;217	cdd:cd23183	1.0000	0.8182	CDD_direct_single_root	curated_root_transferred
Mitoviridae	cdd_transfer:rvmt_broad::Mitoviridae:modern_structural:B	modern_structural:B	CDD conserved polymerase motif B	264;265;266;267;268;269;270;271;272;273;274;275;276;277;278;279;280;281;282;283;284;285;286;287	cdd:cd23183	1.0000	0.5625	CDD_direct_single_root	curated_root_transferred
Mitoviridae	cdd_transfer:rvmt_broad::Mitoviridae:modern_structural:C	modern_structural:C	CDD conserved polymerase motif C	299;300;301;302;303;304;305;306;307;308;309;310	cdd:cd23183	0.8000	0.9000	CDD_direct_single_root	curated_root_transferred
Nanhypoviridae	cdd_transfer:rvmt_broad::Nanhypoviridae:modern_structural:A	modern_structural:A	CDD conserved polymerase motif A	190;191;192;193;194;195;196;197;198;199;200;201;202;203;204	cdd:cd23186;cdd:cd23189	1.0000	0.6621	CDD_direct_multi_root	curated_root_transferred
Nanhypoviridae	cdd_transfer:rvmt_broad::Nanhypoviridae:modern_structural:B	modern_structural:B	CDD conserved polymerase motif B	253;254;255;256;257;258;259;260;261;262;263;264;265;266;267;268;269;270;271;272;273;274;275;276;277;278;279	cdd:cd23186;cdd:cd23189	1.0000	0.6696	CDD_direct_multi_root	curated_root_transferred
Nanhypoviridae	cdd_transfer:rvmt_broad::Nanhypoviridae:modern_structural:C	modern_structural:C	CDD conserved polymerase motif C	316;317;318;319;320;321;322;323;324;325;326;327;328;329;330	cdd:cd23186;cdd:cd23189	1.0000	0.7619	CDD_direct_multi_root	curated_root_transferred
Narnaviridae	cdd_transfer:rvmt_broad::Narnaviridae:modern_structural:A	modern_structural:A	CDD conserved polymerase motif A	205;206;207;208;209;210;211;212;213;214;215;216;217;218;219	cdd:cd23177;cdd:cd23183	1.0000	0.8125	CDD_direct_multi_root	curated_root_transferred
Narnaviridae	cdd_transfer:rvmt_broad::Narnaviridae:modern_structural:B	modern_structural:B	CDD conserved polymerase motif B	267;268;269;270;271;272;273;274;275;276;277;278;279;280;281;282;283;284;285;286;287;288;289;290	cdd:cd23177;cdd:cd23183	1.0000	0.8132	CDD_direct_multi_root	curated_root_transferred
Nidovirales	cdd_transfer:rvmt_broad::Nidovirales:modern_structural:A	modern_structural:A	CDD conserved polymerase motif A	192;193;194;195;196;197;198;199;200;201;202;203;204;205;206;207;208	cdd:cd21530;cdd:cd21587;cdd:cd21588;cdd:cd21589;cdd:cd21590;cdd:cd21591;cdd:cd21592;cdd:cd21593;cdd:cd21596;cdd:cd23168;cdd:cd23186;cdd:cd23187;cdd:cd23189	1.0000	0.8889	CDD_direct_multi_root	curated_root_transferred
Nidovirales	cdd_transfer:rvmt_broad::Nidovirales:modern_structural:B	modern_structural:B	CDD conserved polymerase motif B	263;264;265;266;267;268;269;270;271;272;273;274;275;276;277;278;279;280;281;282;283;284;285;286;287;288;289;290;291;292	cdd:cd21530;cdd:cd21588;cdd:cd21589;cdd:cd21590;cdd:cd21591;cdd:cd21592;cdd:cd21593;cdd:cd23186;cdd:cd23187;cdd:cd23189;cdd:cd23190;cdd:cd23191	1.0000	0.8969	CDD_direct_multi_root	curated_root_transferred
Nidovirales	cdd_transfer:rvmt_broad::Nidovirales:modern_structural:F	modern_structural:F	CDD conserved polymerase motif F	116;117;118;119;120;121;122;123;124;125;126;127;128;129;130;131;132;133;134;135;136;137;138	cdd:cd21530;cdd:cd21587;cdd:cd21588;cdd:cd21589;cdd:cd21590;cdd:cd21591;cdd:cd21592;cdd:cd21593;cdd:cd21596;cdd:cd23189;cdd:cd23190	0.9962	0.9318	CDD_direct_multi_root	curated_root_transferred
Nodamuvirales	cdd_transfer:rvmt_broad::Nodamuvirales:modern_structural:A	modern_structural:A	CDD conserved polymerase motif A	182;183;184;185;186;187;188;189;190;191;192;193;194;195;196	cdd:cd23172;cdd:cd23173;cdd:cd23174;cdd:cd23179;cdd:cd23185;cdd:cd23193;cdd:cd23206;cdd:cd23208;cdd:cd23243;cdd:cd23259	0.9867	0.8006	CDD_direct_multi_root	curated_root_transferred
Nodamuvirales	cdd_transfer:rvmt_broad::Nodamuvirales:modern_structural:B	modern_structural:B	CDD conserved polymerase motif B	245;246;247;248;249;250;251;252;253;254;255;256;257;258;259;260;261;262;263;264;265;266;267;268	cdd:cd23172;cdd:cd23173;cdd:cd23174;cdd:cd23206;cdd:cd23243;cdd:cd23259	1.0000	0.7323	CDD_direct_multi_root	curated_root_transferred
Nodamuvirales	cdd_transfer:rvmt_broad::Nodamuvirales:modern_structural:C	modern_structural:C	CDD conserved polymerase motif C	282;283;284;285;286;287;288;289;290;291;292;293;294;295;296	cdd:cd23169;cdd:cd23173;cdd:cd23174;cdd:cd23179;cdd:cd23193;cdd:cd23206;cdd:cd23208;cdd:cd23259	0.9393	0.6734	CDD_direct_multi_root	curated_root_transferred
Nodamuvirales	cdd_transfer:rvmt_broad::Nodamuvirales:modern_structural:F	modern_structural:F	CDD conserved polymerase motif F	116;117;118;119;120;121;122;123;124;125;126;127;128;129;130;131;132;133	cdd:cd23193	0.8182	0.6000	CDD_direct_single_root	curated_root_transferred
Nodaviridae	cdd_transfer:rvmt_broad::Nodaviridae:modern_structural:A	modern_structural:A	CDD conserved polymerase motif A	181;182;183;184;185;186;187;188;189;190;191;192;193;194;195	cdd:cd23173;cdd:cd23174;cdd:cd23185;cdd:cd23206;cdd:cd23259	0.9867	0.8389	CDD_direct_multi_root	curated_root_transferred
Nodaviridae	cdd_transfer:rvmt_broad::Nodaviridae:modern_structural:B	modern_structural:B	CDD conserved polymerase motif B	244;245;246;247;248;249;250;251;252;253;254;255;256;257;258;259;260;261;262;263;264;265;266;267	cdd:cd23172;cdd:cd23173;cdd:cd23174;cdd:cd23206;cdd:cd23259	1.0000	0.7710	CDD_direct_multi_root	curated_root_transferred
Nodaviridae	cdd_transfer:rvmt_broad::Nodaviridae:modern_structural:C	modern_structural:C	CDD conserved polymerase motif C	283;284;285;286;287;288;289;290;291;292;293;294;295;296	cdd:cd23173;cdd:cd23174;cdd:cd23259	1.0000	0.7917	CDD_direct_multi_root	curated_root_transferred
Norzivirales	cdd_transfer:rvmt_broad::Norzivirales:modern_structural:A	modern_structural:A	CDD conserved polymerase motif A	186;187;188;189;190;191;192;193;194;195;196;197;198;199;200	cdd:cd23176	1.0000	0.9231	CDD_direct_single_root	curated_root_transferred
Norzivirales	cdd_transfer:rvmt_broad::Norzivirales:modern_structural:B	modern_structural:B	CDD conserved polymerase motif B	238;239;240;241;242;243;244;245;246;247;248;249;250;251;252;253;254;256;257;258;259;260;261	cdd:cd23176	1.0000	0.8947	CDD_direct_single_root	curated_root_transferred
Norzivirales	cdd_transfer:rvmt_broad::Norzivirales:modern_structural:C	modern_structural:C	CDD conserved polymerase motif C	271;272;273;274;275;276;277;278;279;280;281;282;283;284;285	cdd:cd23176	1.0000	1.0000	CDD_direct_single_root	curated_root_transferred
Norzivirales	cdd_transfer:rvmt_broad::Norzivirales:modern_structural:F	modern_structural:F	CDD conserved polymerase motif F	125;126;127;128;129;130;131;132;133;134;135;136;137;138;139	cdd:cd23176	1.0000	0.7778	CDD_direct_single_root	curated_root_transferred
Olifoviridae	cdd_transfer:rvmt_broad::Olifoviridae:modern_structural:A	modern_structural:A	CDD conserved polymerase motif A	176;177;178;179;180;181;182;183;184;185;186;187;188;189;190	cdd:cd23168;cdd:cd23186;cdd:cd23189	1.0000	0.7186	CDD_direct_multi_root	curated_root_transferred
Olifoviridae	cdd_transfer:rvmt_broad::Olifoviridae:modern_structural:B	modern_structural:B	CDD conserved polymerase motif B	236;237;238;239;240;241;242;243;244;245;246;247;248;249;250;251;252;253;254;255;256;257;258;259	cdd:cd23168;cdd:cd23186;cdd:cd23189	1.0000	0.8214	CDD_direct_multi_root	curated_root_transferred
Olifoviridae	cdd_transfer:rvmt_broad::Olifoviridae:modern_structural:C	modern_structural:C	CDD conserved polymerase motif C	275;276;277;278;289;290;291;292;293;294;295;296;297;298;299;300;301;302;303	cdd:cd23186;cdd:cd23189	1.0000	0.6548	CDD_direct_multi_root	curated_root_transferred
Olifoviridae	cdd_transfer:rvmt_broad::Olifoviridae:modern_structural:F	modern_structural:F	CDD conserved polymerase motif F	106;107;108;109;110;111;112;113;114;115;116;117;118;119;120;121;122;123;124;125;126;127;128	cdd:cd23168;cdd:cd23186;cdd:cd23189	0.9524	0.6599	CDD_direct_multi_root	curated_root_transferred
Ourlivirales	cdd_transfer:rvmt_broad::Ourlivirales:modern_structural:A	modern_structural:A	CDD conserved polymerase motif A	138;139;140;141;142;143;144;145;146;147;148;149;150;151;152	cdd:cd23177;cdd:cd23183	1.0000	0.8045	CDD_direct_multi_root	curated_root_transferred
Ourlivirales	cdd_transfer:rvmt_broad::Ourlivirales:modern_structural:B	modern_structural:B	CDD conserved polymerase motif B	205;206;207;208;209;210;211;212;213;214;215;216;217;218;219;220;221;222;223;224;225;226;227;228	cdd:cd23177;cdd:cd23183	1.0000	0.7812	CDD_direct_multi_root	curated_root_transferred
Ourlivirales	cdd_transfer:rvmt_broad::Ourlivirales:modern_structural:C	modern_structural:C	CDD conserved polymerase motif C	241;242;243;244;245;246;247;248;249;250;251;252;253;254;255	cdd:cd23177;cdd:cd23183	1.0000	0.8333	CDD_direct_multi_root	curated_root_transferred
Partitiviridae	cdd_transfer:rvmt_broad::Partitiviridae:modern_structural:B	modern_structural:B	CDD conserved polymerase motif B	268;269;270;271;272;273;274;275;276;277;278;279;280;281;282;283;284;285;286;287;288;289;290;291	cdd:cd23172;cdd:cd23175;cdd:cd23192;cdd:cd23193;cdd:cd23194;cdd:cd23195;cdd:cd23197;cdd:cd23211;cdd:cd23213;cdd:cd23217;cdd:cd23218;cdd:cd23219;cdd:cd23220;cdd:cd23221;cdd:cd23223;cdd:cd23228;cdd:cd23230;cdd:cd23231;cdd:cd23232	1.0000	0.8271	CDD_direct_multi_root	curated_root_transferred
Patatavirales	cdd_transfer:rvmt_broad::Patatavirales:modern_structural:A	modern_structural:A	CDD conserved polymerase motif A	193;194;195;196;197;198;199;200;201;202;203;204;205;206;207	cdd:cd23172;cdd:cd23175;cdd:cd23179;cdd:cd23192;cdd:cd23193;cdd:cd23194;cdd:cd23195;cdd:cd23197;cdd:cd23198;cdd:cd23200;cdd:cd23210;cdd:cd23212;cdd:cd23215;cdd:cd23216;cdd:cd23217;cdd:cd23218;cdd:cd23228;cdd:cd23229;cdd:cd23231	1.0000	0.6772	CDD_direct_multi_root	curated_root_transferred
Patatavirales	cdd_transfer:rvmt_broad::Patatavirales:modern_structural:B	modern_structural:B	CDD conserved polymerase motif B	258;259;260;261;262;263;264;265;266;267;268;269;270;271;272;273;274;275;276;277;278;279;280;281	cdd:cd23169;cdd:cd23172;cdd:cd23175;cdd:cd23179;cdd:cd23192;cdd:cd23193;cdd:cd23194;cdd:cd23195;cdd:cd23197;cdd:cd23198;cdd:cd23210;cdd:cd23212;cdd:cd23215;cdd:cd23216;cdd:cd23217;cdd:cd23218;cdd:cd23228;cdd:cd23229;cdd:cd23231	1.0000	0.6486	CDD_direct_multi_root	curated_root_transferred
Patatavirales	cdd_transfer:rvmt_broad::Patatavirales:modern_structural:C	modern_structural:C	CDD conserved polymerase motif C	295;296;297;298;299;300;301;302;303;304;305;306;307;308;309	cdd:cd23175;cdd:cd23179;cdd:cd23193;cdd:cd23197;cdd:cd23212;cdd:cd23215;cdd:cd23216;cdd:cd23217;cdd:cd23218;cdd:cd23228;cdd:cd23229;cdd:cd23231	1.0000	0.7999	CDD_direct_multi_root	curated_root_transferred
Patatavirales	cdd_transfer:rvmt_broad::Patatavirales:modern_structural:F	modern_structural:F	CDD conserved polymerase motif F	119;120;121;122;123;124;125;126;127;128;129;130;131;132;133;134;135;136;137;138;139;140	cdd:cd23169;cdd:cd23192;cdd:cd23193;cdd:cd23194;cdd:cd23195;cdd:cd23197;cdd:cd23198;cdd:cd23200;cdd:cd23210;cdd:cd23212;cdd:cd23215;cdd:cd23216;cdd:cd23217;cdd:cd23218;cdd:cd23228;cdd:cd23229;cdd:cd23231	0.9827	0.6762	CDD_direct_multi_root	curated_root_transferred
Picobirnaviridae	cdd_transfer:rvmt_broad::Picobirnaviridae:modern_structural:A	modern_structural:A	CDD conserved polymerase motif A	190;191;192;193;194;195;196;197;198;199;200;201;202;203;204	cdd:cd23175;cdd:cd23194;cdd:cd23213;cdd:cd23218;cdd:cd23228	1.0000	0.8500	CDD_direct_multi_root	curated_root_transferred
Picobirnaviridae	cdd_transfer:rvmt_broad::Picobirnaviridae:modern_structural:B	modern_structural:B	CDD conserved polymerase motif B	253;254;255;256;257;258;259;260;261;262;263;264;265;266;267;268;269;270;271;272;273;274;275;276	cdd:cd23172;cdd:cd23175;cdd:cd23192;cdd:cd23194;cdd:cd23195;cdd:cd23197;cdd:cd23213;cdd:cd23218;cdd:cd23219;cdd:cd23228	1.0000	0.7534	CDD_direct_multi_root	curated_root_transferred
Picobirnaviridae	cdd_transfer:rvmt_broad::Picobirnaviridae:modern_structural:F	modern_structural:F	CDD conserved polymerase motif F	118;119;120;121;122;123;124;125;132;133;134;135;136;137	cdd:cd23185	1.0000	1.0000	CDD_direct_single_root	curated_root_transferred
Picornavirales	cdd_transfer:rvmt_broad::Picornavirales:modern_structural:A	modern_structural:A	CDD conserved polymerase motif A	218;219;220;221;222;223;224;225;226;227;228;229;230;231;232	cdd:cd23175;cdd:cd23194;cdd:cd23196;cdd:cd23197;cdd:cd23198;cdd:cd23211;cdd:cd23212;cdd:cd23213;cdd:cd23214;cdd:cd23215;cdd:cd23216;cdd:cd23217;cdd:cd23218;cdd:cd23219;cdd:cd23220;cdd:cd23221;cdd:cd23222;cdd:cd23223;cdd:cd23224;cdd:cd23227;cdd:cd23228;cdd:cd23229;cdd:cd23230;cdd:cd23231	1.0000	0.7708	CDD_direct_multi_root	curated_root_transferred
Picornavirales	cdd_transfer:rvmt_broad::Picornavirales:modern_structural:B	modern_structural:B	CDD conserved polymerase motif B	285;286;287;288;289;290;291;292;293;294;295;296;297;298;299;300;301;302;303;304;305;306;307;308	cdd:cd23169;cdd:cd23171;cdd:cd23172;cdd:cd23173;cdd:cd23175;cdd:cd23192;cdd:cd23194;cdd:cd23195;cdd:cd23196;cdd:cd23197;cdd:cd23198;cdd:cd23210;cdd:cd23211;cdd:cd23212;cdd:cd23213;cdd:cd23214;cdd:cd23215;cdd:cd23216;cdd:cd23217;cdd:cd23218;cdd:cd23219;cdd:cd23220;cdd:cd23221;cdd:cd23223;cdd:cd23224;cdd:cd23225;cdd:cd23226;cdd:cd23227;cdd:cd23228;cdd:cd23229;cdd:cd23230;cdd:cd23231;cdd:cd23232	1.0000	0.8661	CDD_direct_multi_root	curated_root_transferred
Picornavirales	cdd_transfer:rvmt_broad::Picornavirales:modern_structural:C	modern_structural:C	CDD conserved polymerase motif C	328;329;330;331;332;333;334;335;336;337;338;339;340;341;342	cdd:cd23169;cdd:cd23179;cdd:cd23196;cdd:cd23197;cdd:cd23198;cdd:cd23199;cdd:cd23200;cdd:cd23211;cdd:cd23212;cdd:cd23213;cdd:cd23216;cdd:cd23217;cdd:cd23218;cdd:cd23219;cdd:cd23220;cdd:cd23221;cdd:cd23224;cdd:cd23225;cdd:cd23226;cdd:cd23227;cdd:cd23228;cdd:cd23230;cdd:cd23231;cdd:cd23232	1.0000	0.8524	CDD_direct_multi_root	curated_root_transferred
Picornavirales	cdd_transfer:rvmt_broad::Picornavirales:modern_structural:F	modern_structural:F	CDD conserved polymerase motif F	142;143;144;145;146;147;148;149;150;151;152;153;154;155;156;157;158;159;160;161;162;163	cdd:cd23169;cdd:cd23192;cdd:cd23193;cdd:cd23194;cdd:cd23195;cdd:cd23196;cdd:cd23197;cdd:cd23198;cdd:cd23210;cdd:cd23211;cdd:cd23212;cdd:cd23213;cdd:cd23214;cdd:cd23215;cdd:cd23216;cdd:cd23217;cdd:cd23218;cdd:cd23219;cdd:cd23220;cdd:cd23221;cdd:cd23223;cdd:cd23224;cdd:cd23226;cdd:cd23227;cdd:cd23228;cdd:cd23229;cdd:cd23230;cdd:cd23232	0.9955	0.9590	CDD_direct_multi_root	curated_root_transferred
Picornaviridae	cdd_transfer:rvmt_broad::Picornaviridae:modern_structural:A	modern_structural:A	CDD conserved polymerase motif A	207;208;209;210;211;212;213;214;215;216;217;218;219;220;221	cdd:cd23172;cdd:cd23173;cdd:cd23175;cdd:cd23193;cdd:cd23196;cdd:cd23199;cdd:cd23211;cdd:cd23213;cdd:cd23214;cdd:cd23215;cdd:cd23216;cdd:cd23217;cdd:cd23218;cdd:cd23220;cdd:cd23221;cdd:cd23222;cdd:cd23223;cdd:cd23224;cdd:cd23227;cdd:cd23228;cdd:cd23229;cdd:cd23230;cdd:cd23231	1.0000	0.9076	CDD_direct_multi_root	curated_root_transferred
Picornaviridae	cdd_transfer:rvmt_broad::Picornaviridae:modern_structural:B	modern_structural:B	CDD conserved polymerase motif B	268;269;270;271;272;273;274;275;276;277;278;279;280;281;282;283;284;285;286;287;288;289;290;291	cdd:cd23171;cdd:cd23172;cdd:cd23173;cdd:cd23175;cdd:cd23192;cdd:cd23194;cdd:cd23195;cdd:cd23196;cdd:cd23197;cdd:cd23198;cdd:cd23210;cdd:cd23211;cdd:cd23212;cdd:cd23213;cdd:cd23214;cdd:cd23215;cdd:cd23216;cdd:cd23217;cdd:cd23218;cdd:cd23219;cdd:cd23220;cdd:cd23221;cdd:cd23222;cdd:cd23223;cdd:cd23224;cdd:cd23225;cdd:cd23226;cdd:cd23227;cdd:cd23228;cdd:cd23229;cdd:cd23230;cdd:cd23231;cdd:cd23232	1.0000	0.8061	CDD_direct_multi_root	curated_root_transferred
Picornaviridae	cdd_transfer:rvmt_broad::Picornaviridae:modern_structural:C	modern_structural:C	CDD conserved polymerase motif C	303;304;305;306;307;308;309;310;311;312;313;314;315;316;317	cdd:cd23171;cdd:cd23173;cdd:cd23175;cdd:cd23193;cdd:cd23196;cdd:cd23197;cdd:cd23211;cdd:cd23212;cdd:cd23213;cdd:cd23214;cdd:cd23215;cdd:cd23216;cdd:cd23217;cdd:cd23218;cdd:cd23219;cdd:cd23220;cdd:cd23221;cdd:cd23223;cdd:cd23224;cdd:cd23225;cdd:cd23226;cdd:cd23227;cdd:cd23228;cdd:cd23229;cdd:cd23230;cdd:cd23231;cdd:cd23232	1.0000	0.8902	CDD_direct_multi_root	curated_root_transferred
Picornaviridae	cdd_transfer:rvmt_broad::Picornaviridae:modern_structural:F	modern_structural:F	CDD conserved polymerase motif F	133;134;135;136;137;138;139;140;141;142;143;144;145;146;147;148;149;150;151;152;153;154	cdd:cd23169;cdd:cd23192;cdd:cd23193;cdd:cd23194;cdd:cd23195;cdd:cd23196;cdd:cd23197;cdd:cd23198;cdd:cd23199;cdd:cd23210;cdd:cd23211;cdd:cd23212;cdd:cd23213;cdd:cd23214;cdd:cd23215;cdd:cd23216;cdd:cd23217;cdd:cd23218;cdd:cd23219;cdd:cd23220;cdd:cd23221;cdd:cd23222;cdd:cd23223;cdd:cd23224;cdd:cd23225;cdd:cd23226;cdd:cd23227;cdd:cd23228;cdd:cd23229;cdd:cd23230;cdd:cd23231;cdd:cd23232	0.9913	0.9144	CDD_direct_multi_root	curated_root_transferred
Pisoniviricetes	cdd_transfer:rvmt_broad::Pisoniviricetes:modern_structural:B	modern_structural:B	CDD conserved polymerase motif B	302;303;304;305;306;307;308;309;310;311;312;313;314;315;316;317;318;319;320;321;322;323;324;325	cdd:cd23171;cdd:cd23175;cdd:cd23194;cdd:cd23195;cdd:cd23196;cdd:cd23198;cdd:cd23211;cdd:cd23212;cdd:cd23213;cdd:cd23215;cdd:cd23217;cdd:cd23218;cdd:cd23219;cdd:cd23220;cdd:cd23221;cdd:cd23223;cdd:cd23224;cdd:cd23225;cdd:cd23227;cdd:cd23228;cdd:cd23229;cdd:cd23230	1.0000	0.8823	CDD_direct_multi_root	curated_root_transferred
Pisoniviricetes	cdd_transfer:rvmt_broad::Pisoniviricetes:modern_structural:C	modern_structural:C	CDD conserved polymerase motif C	341;342;343;344;345;346;347;348;349;350;351;352;353;354;355	cdd:cd21530;cdd:cd21588;cdd:cd23169;cdd:cd23171;cdd:cd23194;cdd:cd23195;cdd:cd23196;cdd:cd23197;cdd:cd23198;cdd:cd23199;cdd:cd23200;cdd:cd23211;cdd:cd23212;cdd:cd23213;cdd:cd23214;cdd:cd23215;cdd:cd23216;cdd:cd23217;cdd:cd23218;cdd:cd23219;cdd:cd23220;cdd:cd23221;cdd:cd23223;cdd:cd23224;cdd:cd23225;cdd:cd23226;cdd:cd23227;cdd:cd23228;cdd:cd23229;cdd:cd23230;cdd:cd23231;cdd:cd23232	1.0000	0.7589	CDD_direct_multi_root	curated_root_transferred
Pisoniviricetes	cdd_transfer:rvmt_broad::Pisoniviricetes:modern_structural:F	modern_structural:F	CDD conserved polymerase motif F	154;155;156;157;158;159;160;161;162;163;164;165;168;169;170;171;172;173;174;175;176;177	cdd:cd23169;cdd:cd23192;cdd:cd23193;cdd:cd23194;cdd:cd23195;cdd:cd23196;cdd:cd23197;cdd:cd23198;cdd:cd23199;cdd:cd23210;cdd:cd23211;cdd:cd23212;cdd:cd23213;cdd:cd23214;cdd:cd23215;cdd:cd23216;cdd:cd23217;cdd:cd23218;cdd:cd23219;cdd:cd23220;cdd:cd23221;cdd:cd23223;cdd:cd23224;cdd:cd23226;cdd:cd23227;cdd:cd23228;cdd:cd23229;cdd:cd23230;cdd:cd23232	0.9956	0.9317	CDD_direct_multi_root	curated_root_transferred
Polycipiviridae	cdd_transfer:rvmt_broad::Polycipiviridae:modern_structural:A	modern_structural:A	CDD conserved polymerase motif A	219;220;221;222;223;224;225;226;227;228;229;230;231;232;233	cdd:cd23172;cdd:cd23175;cdd:cd23192;cdd:cd23194;cdd:cd23195;cdd:cd23196;cdd:cd23197;cdd:cd23198;cdd:cd23199;cdd:cd23211;cdd:cd23212;cdd:cd23213;cdd:cd23214;cdd:cd23215;cdd:cd23216;cdd:cd23217;cdd:cd23218;cdd:cd23219;cdd:cd23221;cdd:cd23222;cdd:cd23223;cdd:cd23224;cdd:cd23226;cdd:cd23227;cdd:cd23228;cdd:cd23229;cdd:cd23230;cdd:cd23231	1.0000	0.7941	CDD_direct_multi_root	curated_root_transferred
Polycipiviridae	cdd_transfer:rvmt_broad::Polycipiviridae:modern_structural:B	modern_structural:B	CDD conserved polymerase motif B	292;293;294;295;296;297;298;299;300;301;302;303;304;305;306;307;308;309;310;311;312;313;314;315	cdd:cd23175;cdd:cd23192;cdd:cd23196;cdd:cd23197;cdd:cd23198;cdd:cd23211;cdd:cd23212;cdd:cd23213;cdd:cd23214;cdd:cd23215;cdd:cd23216;cdd:cd23217;cdd:cd23218;cdd:cd23219;cdd:cd23221;cdd:cd23223;cdd:cd23224;cdd:cd23227;cdd:cd23228;cdd:cd23229;cdd:cd23230;cdd:cd23231;cdd:cd23232	1.0000	0.6792	CDD_direct_multi_root	curated_root_transferred
Polycipiviridae	cdd_transfer:rvmt_broad::Polycipiviridae:modern_structural:C	modern_structural:C	CDD conserved polymerase motif C	337;338;339;340;341;342;343;344;345;346;347;348;349;350;351	cdd:cd23169;cdd:cd23172;cdd:cd23175;cdd:cd23193;cdd:cd23194;cdd:cd23196;cdd:cd23197;cdd:cd23198;cdd:cd23199;cdd:cd23200;cdd:cd23210;cdd:cd23211;cdd:cd23212;cdd:cd23213;cdd:cd23214;cdd:cd23215;cdd:cd23216;cdd:cd23217;cdd:cd23218;cdd:cd23219;cdd:cd23221;cdd:cd23222;cdd:cd23223;cdd:cd23224;cdd:cd23225;cdd:cd23226;cdd:cd23227;cdd:cd23228;cdd:cd23229;cdd:cd23230;cdd:cd23231;cdd:cd23232	0.9958	0.9128	CDD_direct_multi_root	curated_root_transferred
Polycipiviridae	cdd_transfer:rvmt_broad::Polycipiviridae:modern_structural:F	modern_structural:F	CDD conserved polymerase motif F	141;142;143;144;145;146;147;148;149;150;151;152;153;154;156;157;158;159;160;161;162;163	cdd:cd23169;cdd:cd23192;cdd:cd23193;cdd:cd23194;cdd:cd23195;cdd:cd23196;cdd:cd23197;cdd:cd23198;cdd:cd23199;cdd:cd23210;cdd:cd23211;cdd:cd23212;cdd:cd23213;cdd:cd23214;cdd:cd23215;cdd:cd23216;cdd:cd23217;cdd:cd23218;cdd:cd23219;cdd:cd23221;cdd:cd23222;cdd:cd23223;cdd:cd23224;cdd:cd23225;cdd:cd23226;cdd:cd23227;cdd:cd23228;cdd:cd23229;cdd:cd23230;cdd:cd23231;cdd:cd23232	0.9885	0.8401	CDD_direct_multi_root	curated_root_transferred
Potyviridae	cdd_transfer:rvmt_broad::Potyviridae:modern_structural:A	modern_structural:A	CDD conserved polymerase motif A	193;194;195;196;197;198;199;200;201;202;203;204;205;206;207	cdd:cd23172;cdd:cd23175;cdd:cd23179;cdd:cd23192;cdd:cd23193;cdd:cd23194;cdd:cd23195;cdd:cd23197;cdd:cd23198;cdd:cd23200;cdd:cd23210;cdd:cd23212;cdd:cd23215;cdd:cd23216;cdd:cd23217;cdd:cd23218;cdd:cd23228;cdd:cd23229;cdd:cd23231	1.0000	0.6772	CDD_direct_multi_root	curated_root_transferred
Potyviridae	cdd_transfer:rvmt_broad::Potyviridae:modern_structural:B	modern_structural:B	CDD conserved polymerase motif B	258;259;260;261;262;263;264;265;266;267;268;269;270;271;272;273;274;275;276;277;278;279;280;281	cdd:cd23169;cdd:cd23172;cdd:cd23175;cdd:cd23179;cdd:cd23192;cdd:cd23193;cdd:cd23194;cdd:cd23195;cdd:cd23197;cdd:cd23198;cdd:cd23210;cdd:cd23212;cdd:cd23215;cdd:cd23216;cdd:cd23217;cdd:cd23218;cdd:cd23228;cdd:cd23229;cdd:cd23231	1.0000	0.6486	CDD_direct_multi_root	curated_root_transferred
Potyviridae	cdd_transfer:rvmt_broad::Potyviridae:modern_structural:C	modern_structural:C	CDD conserved polymerase motif C	295;296;297;298;299;300;301;302;303;304;305;306;307;308;309	cdd:cd23175;cdd:cd23179;cdd:cd23193;cdd:cd23197;cdd:cd23212;cdd:cd23215;cdd:cd23216;cdd:cd23217;cdd:cd23218;cdd:cd23228;cdd:cd23229;cdd:cd23231	1.0000	0.7999	CDD_direct_multi_root	curated_root_transferred
Potyviridae	cdd_transfer:rvmt_broad::Potyviridae:modern_structural:F	modern_structural:F	CDD conserved polymerase motif F	119;120;121;122;123;124;125;126;127;128;129;130;131;132;133;134;135;136;137;138;139;140	cdd:cd23169;cdd:cd23192;cdd:cd23193;cdd:cd23194;cdd:cd23195;cdd:cd23197;cdd:cd23198;cdd:cd23200;cdd:cd23210;cdd:cd23212;cdd:cd23215;cdd:cd23216;cdd:cd23217;cdd:cd23218;cdd:cd23228;cdd:cd23229;cdd:cd23231	0.9827	0.6762	CDD_direct_multi_root	curated_root_transferred
Resentoviricetes	cdd_transfer:rvmt_broad::Resentoviricetes:modern_structural:F	modern_structural:F	CDD conserved polymerase motif F	113;114;115;116;117;118;119;120;122;123;124;125;126;127	cdd:cd23185	1.0000	0.7143	CDD_direct_single_root	curated_root_transferred
Roniviridae	cdd_transfer:rvmt_broad::Roniviridae:modern_structural:A	modern_structural:A	CDD conserved polymerase motif A	200;201;202;203;204;205;206;207;208;209;210;211;212;213;214	cdd:cd21530;cdd:cd21588;cdd:cd23168;cdd:cd23187;cdd:cd23190;cdd:cd23191	1.0000	0.6329	CDD_direct_multi_root	curated_root_transferred
Roniviridae	cdd_transfer:rvmt_broad::Roniviridae:modern_structural:B	modern_structural:B	CDD conserved polymerase motif B	266;267;268;269;270;271;272;273;274;275;276;277;278;279;280;281;282;283;284;285;286;287;288;289	cdd:cd21530;cdd:cd21588;cdd:cd23168;cdd:cd23187;cdd:cd23190;cdd:cd23191	0.9661	0.6909	CDD_direct_multi_root	curated_root_transferred
Roniviridae	cdd_transfer:rvmt_broad::Roniviridae:modern_structural:C	modern_structural:C	CDD conserved polymerase motif C	335;336;337;338;339;340;341;342;343;344;345;346;347;348;349	cdd:cd21530;cdd:cd21588;cdd:cd23187;cdd:cd23190;cdd:cd23191	1.0000	0.7315	CDD_direct_multi_root	curated_root_transferred
Roniviridae	cdd_transfer:rvmt_broad::Roniviridae:modern_structural:F	modern_structural:F	CDD conserved polymerase motif F	120;121;122;123;124;125;126;127;128;129;130;131;132;133;134;135;136;137;138;139;140;141;142;143	cdd:cd23190;cdd:cd23191	0.9524	0.8611	CDD_direct_multi_root	curated_root_transferred
Secoviridae	cdd_transfer:rvmt_broad::Secoviridae:modern_structural:B	modern_structural:B	CDD conserved polymerase motif B	274;275;276;277;278;279;280;281;282;283;284;285;286;287;288;289;290;291;292;293;294;295;296;297	cdd:cd23168;cdd:cd23169;cdd:cd23171;cdd:cd23172;cdd:cd23175;cdd:cd23192;cdd:cd23193;cdd:cd23194;cdd:cd23195;cdd:cd23196;cdd:cd23197;cdd:cd23198;cdd:cd23199;cdd:cd23200;cdd:cd23210;cdd:cd23211;cdd:cd23212;cdd:cd23213;cdd:cd23214;cdd:cd23215;cdd:cd23216;cdd:cd23217;cdd:cd23218;cdd:cd23219;cdd:cd23220;cdd:cd23221;cdd:cd23222;cdd:cd23223;cdd:cd23224;cdd:cd23225;cdd:cd23226;cdd:cd23227;cdd:cd23228;cdd:cd23229;cdd:cd23230;cdd:cd23231;cdd:cd23232	1.0000	0.7371	CDD_direct_multi_root	curated_root_transferred
Secoviridae	cdd_transfer:rvmt_broad::Secoviridae:modern_structural:C	modern_structural:C	CDD conserved polymerase motif C	318;319;320;321;322;323;324;325;326;327;328;329;330;331;332	cdd:cd23169;cdd:cd23171;cdd:cd23175;cdd:cd23193;cdd:cd23194;cdd:cd23195;cdd:cd23196;cdd:cd23197;cdd:cd23198;cdd:cd23199;cdd:cd23200;cdd:cd23211;cdd:cd23212;cdd:cd23213;cdd:cd23214;cdd:cd23215;cdd:cd23216;cdd:cd23217;cdd:cd23218;cdd:cd23219;cdd:cd23220;cdd:cd23221;cdd:cd23222;cdd:cd23223;cdd:cd23224;cdd:cd23225;cdd:cd23226;cdd:cd23227;cdd:cd23228;cdd:cd23229;cdd:cd23230;cdd:cd23231;cdd:cd23232	0.9978	0.8232	CDD_direct_multi_root	curated_root_transferred
Secoviridae	cdd_transfer:rvmt_broad::Secoviridae:modern_structural:F	modern_structural:F	CDD conserved polymerase motif F	134;135;136;137;138;139;140;141;142;143;144;145;146;147;149;150;151;152;153;154;155;156	cdd:cd23169;cdd:cd23192;cdd:cd23193;cdd:cd23194;cdd:cd23195;cdd:cd23196;cdd:cd23197;cdd:cd23198;cdd:cd23199;cdd:cd23210;cdd:cd23211;cdd:cd23212;cdd:cd23213;cdd:cd23214;cdd:cd23215;cdd:cd23216;cdd:cd23217;cdd:cd23218;cdd:cd23219;cdd:cd23220;cdd:cd23221;cdd:cd23222;cdd:cd23223;cdd:cd23224;cdd:cd23225;cdd:cd23226;cdd:cd23227;cdd:cd23228;cdd:cd23229;cdd:cd23230;cdd:cd23231;cdd:cd23232	0.9972	0.6812	CDD_direct_multi_root	curated_root_transferred
Sinhaliviridae	cdd_transfer:rvmt_broad::Sinhaliviridae:modern_structural:A	modern_structural:A	CDD conserved polymerase motif A	187;188;189;190;191;192;193;194;195;196;197;198;199;200;201	cdd:cd23173;cdd:cd23174;cdd:cd23179;cdd:cd23193;cdd:cd23206;cdd:cd23234;cdd:cd23235;cdd:cd23236;cdd:cd23237;cdd:cd23238;cdd:cd23239;cdd:cd23240;cdd:cd23241;cdd:cd23242;cdd:cd23243;cdd:cd23253	0.9708	0.7599	CDD_direct_multi_root	curated_root_transferred
Sinhaliviridae	cdd_transfer:rvmt_broad::Sinhaliviridae:modern_structural:B	modern_structural:B	CDD conserved polymerase motif B	251;252;253;254;255;256;257;258;259;260;261;262;263;264;265;266;267;268;269;270;271;272;273;274	cdd:cd23169;cdd:cd23173;cdd:cd23174;cdd:cd23179;cdd:cd23193;cdd:cd23206;cdd:cd23234;cdd:cd23235;cdd:cd23236;cdd:cd23237;cdd:cd23238;cdd:cd23239;cdd:cd23240;cdd:cd23241;cdd:cd23242;cdd:cd23243;cdd:cd23253	0.9702	0.6804	CDD_direct_multi_root	curated_root_transferred
Sinhaliviridae	cdd_transfer:rvmt_broad::Sinhaliviridae:modern_structural:C	modern_structural:C	CDD conserved polymerase motif C	279;280;281;282;283;284;285;286;287;288;289;290;291;292;293	cdd:cd23169;cdd:cd23173;cdd:cd23174;cdd:cd23179;cdd:cd23193;cdd:cd23206;cdd:cd23235;cdd:cd23236;cdd:cd23237;cdd:cd23238;cdd:cd23239;cdd:cd23241;cdd:cd23253	0.9791	0.6268	CDD_direct_multi_root	curated_root_transferred
Sobelivirales	cdd_transfer:rvmt_broad::Sobelivirales:modern_structural:A	modern_structural:A	CDD conserved polymerase motif A	180;181;182;183;184;185;186;187;188;189;190;191;192;193;194	cdd:cd23173;cdd:cd23180;cdd:cd23181;cdd:cd23184;cdd:cd23213	1.0000	0.9250	CDD_direct_multi_root	curated_root_transferred
Sobelivirales	cdd_transfer:rvmt_broad::Sobelivirales:modern_structural:F	modern_structural:F	CDD conserved polymerase motif F	103;104;105;106;107;108;109;110;111;112;113;114;115;116;117;118;119;120;121;122;123;124	cdd:cd23193;cdd:cd23213	1.0000	0.7929	CDD_direct_multi_root	curated_root_transferred
Solemoviridae	cdd_transfer:rvmt_broad::Solemoviridae:modern_structural:A	modern_structural:A	CDD conserved polymerase motif A	181;182;183;184;185;186;187;188;189;190;191;192;193;194;195	cdd:cd23180;cdd:cd23181;cdd:cd23184;cdd:cd23213	1.0000	0.9500	CDD_direct_multi_root	curated_root_transferred
Solemoviridae	cdd_transfer:rvmt_broad::Solemoviridae:modern_structural:B	modern_structural:B	CDD conserved polymerase motif B	250;251;252;253;254;255;256;257;258;259;260;261;262;263;264;265;266;267;268;269;270;271;272;273	cdd:cd23180;cdd:cd23181;cdd:cd23213	1.0000	0.7778	CDD_direct_multi_root	curated_root_transferred
Solemoviridae	cdd_transfer:rvmt_broad::Solemoviridae:modern_structural:F	modern_structural:F	CDD conserved polymerase motif F	104;105;106;107;108;109;110;111;112;113;114;115;116;117;118;119;120;121;122;123;124;125	cdd:cd23169;cdd:cd23193;cdd:cd23213	1.0000	0.8146	CDD_direct_multi_root	curated_root_transferred
Solinviviridae	cdd_transfer:rvmt_broad::Solinviviridae:modern_structural:A	modern_structural:A	CDD conserved polymerase motif A	192;193;194;195;196;197;198;199;200;201;202;203;204;205;206	cdd:cd23172;cdd:cd23192;cdd:cd23193;cdd:cd23194;cdd:cd23195;cdd:cd23198;cdd:cd23199;cdd:cd23200;cdd:cd23210;cdd:cd23213;cdd:cd23214;cdd:cd23215;cdd:cd23217;cdd:cd23218;cdd:cd23219;cdd:cd23221;cdd:cd23222;cdd:cd23224;cdd:cd23227;cdd:cd23228;cdd:cd23229;cdd:cd23230;cdd:cd23231;cdd:cd23232	0.9972	0.6420	CDD_direct_multi_root	curated_root_transferred
Solinviviridae	cdd_transfer:rvmt_broad::Solinviviridae:modern_structural:B	modern_structural:B	CDD conserved polymerase motif B	253;254;255;256;257;258;259;260;261;262;263;264;265;266;267;268;269;270;271;272;273;274;275;276	cdd:cd23169;cdd:cd23171;cdd:cd23172;cdd:cd23192;cdd:cd23193;cdd:cd23194;cdd:cd23195;cdd:cd23196;cdd:cd23198;cdd:cd23199;cdd:cd23200;cdd:cd23210;cdd:cd23211;cdd:cd23213;cdd:cd23214;cdd:cd23215;cdd:cd23217;cdd:cd23218;cdd:cd23219;cdd:cd23221;cdd:cd23222;cdd:cd23223;cdd:cd23224;cdd:cd23225;cdd:cd23227;cdd:cd23228;cdd:cd23229;cdd:cd23230;cdd:cd23231;cdd:cd23232	0.9972	0.7684	CDD_direct_multi_root	curated_root_transferred
Solinviviridae	cdd_transfer:rvmt_broad::Solinviviridae:modern_structural:C	modern_structural:C	CDD conserved polymerase motif C	296;297;298;299;300;301;302;303;304;305;306;307;308;309;310	cdd:cd23169;cdd:cd23171;cdd:cd23193;cdd:cd23194;cdd:cd23195;cdd:cd23196;cdd:cd23198;cdd:cd23199;cdd:cd23200;cdd:cd23210;cdd:cd23211;cdd:cd23213;cdd:cd23214;cdd:cd23215;cdd:cd23217;cdd:cd23218;cdd:cd23219;cdd:cd23221;cdd:cd23222;cdd:cd23223;cdd:cd23224;cdd:cd23225;cdd:cd23227;cdd:cd23228;cdd:cd23229;cdd:cd23230;cdd:cd23231;cdd:cd23232	0.9976	0.8103	CDD_direct_multi_root	curated_root_transferred
Solinviviridae	cdd_transfer:rvmt_broad::Solinviviridae:modern_structural:F	modern_structural:F	CDD conserved polymerase motif F	123;124;125;126;127;128;129;130;131;132;133;134;135;136;137;138;139;140;141;142	cdd:cd23169;cdd:cd23192;cdd:cd23193;cdd:cd23194;cdd:cd23195;cdd:cd23196;cdd:cd23199;cdd:cd23210;cdd:cd23213;cdd:cd23214;cdd:cd23215;cdd:cd23217;cdd:cd23218;cdd:cd23221;cdd:cd23222;cdd:cd23223;cdd:cd23224;cdd:cd23225;cdd:cd23227;cdd:cd23228;cdd:cd23229;cdd:cd23231	0.9109	0.5990	CDD_direct_multi_root	curated_root_transferred
Solspiviridae	cdd_transfer:rvmt_broad::Solspiviridae:modern_structural:A	modern_structural:A	CDD conserved polymerase motif A	196;197;198;199;200;201;202;203;204;205;206;207;208;209;210	cdd:cd23176	1.0000	0.9167	CDD_direct_single_root	curated_root_transferred
Solspiviridae	cdd_transfer:rvmt_broad::Solspiviridae:modern_structural:B	modern_structural:B	CDD conserved polymerase motif B	247;248;249;250;251;252;253;254;255;256;257;258;259;260;261;262;263;265;266;267;268;269	cdd:cd23176	0.9565	0.8333	CDD_direct_single_root	curated_root_transferred
Solspiviridae	cdd_transfer:rvmt_broad::Solspiviridae:modern_structural:C	modern_structural:C	CDD conserved polymerase motif C	277;278;279;280;281;282;283;284;285;286;287;288;289;290;291	cdd:cd23176	1.0000	1.0000	CDD_direct_single_root	curated_root_transferred
Solspiviridae	cdd_transfer:rvmt_broad::Solspiviridae:modern_structural:F	modern_structural:F	CDD conserved polymerase motif F	133;134;135;136;137;138;139;140;141;142;143;144;145;146;147	cdd:cd23176	1.0000	0.8182	CDD_direct_single_root	curated_root_transferred
Steitzviridae	cdd_transfer:rvmt_broad::Steitzviridae:modern_structural:A	modern_structural:A	CDD conserved polymerase motif A	172;173;174;175;176;177;178;179;180;181;182;183;184;185;186	cdd:cd23176	1.0000	0.8462	CDD_direct_single_root	curated_root_transferred
Steitzviridae	cdd_transfer:rvmt_broad::Steitzviridae:modern_structural:B	modern_structural:B	CDD conserved polymerase motif B	226;227;228;229;230;231;232;233;234;235;236;237;238;239;240;241;242;244;245;246;247;248;249	cdd:cd23176	1.0000	0.6842	CDD_direct_single_root	curated_root_transferred
Steitzviridae	cdd_transfer:rvmt_broad::Steitzviridae:modern_structural:C	modern_structural:C	CDD conserved polymerase motif C	267;268;269;270;271;272;273;274;275;276;277;278;279;280;281	cdd:cd23176	1.0000	1.0000	CDD_direct_single_root	curated_root_transferred
Steitzviridae	cdd_transfer:rvmt_broad::Steitzviridae:modern_structural:F	modern_structural:F	CDD conserved polymerase motif F	107;108;109;110;111;112;113;114;115;116;117;118;119;120;121	cdd:cd23176	1.0000	0.8000	CDD_direct_single_root	curated_root_transferred
Stellavirales	cdd_transfer:rvmt_broad::Stellavirales:modern_structural:B	modern_structural:B	CDD conserved polymerase motif B	244;245;246;247;248;249;250;251;252;253;254;255;256;257;258;259;260;261;262;263;264;265;266;267	cdd:cd23172;cdd:cd23175;cdd:cd23192;cdd:cd23196;cdd:cd23198;cdd:cd23211;cdd:cd23216;cdd:cd23217;cdd:cd23218;cdd:cd23228	1.0000	0.7109	CDD_direct_multi_root	curated_root_transferred
Stellavirales	cdd_transfer:rvmt_broad::Stellavirales:modern_structural:C	modern_structural:C	CDD conserved polymerase motif C	289;290;291;292;293;294;295;296;297;298;299;300;301;302	cdd:cd23217;cdd:cd23228	1.0000	0.8571	CDD_direct_multi_root	curated_root_transferred
Stelpaviricetes	cdd_transfer:rvmt_broad::Stelpaviricetes:modern_structural:B	modern_structural:B	CDD conserved polymerase motif B	288;289;290;291;292;293;294;295;296;297;298;299;300;301;302;303;304;305;306;307;308;309;310;311	cdd:cd23175;cdd:cd23187;cdd:cd23189;cdd:cd23196;cdd:cd23198;cdd:cd23211;cdd:cd23213;cdd:cd23215;cdd:cd23217;cdd:cd23218;cdd:cd23220;cdd:cd23221;cdd:cd23223;cdd:cd23224;cdd:cd23227;cdd:cd23228;cdd:cd23229;cdd:cd23230	1.0000	0.7051	CDD_direct_multi_root	curated_root_transferred
Stelpaviricetes	cdd_transfer:rvmt_broad::Stelpaviricetes:modern_structural:F	modern_structural:F	CDD conserved polymerase motif F	142;143;144;145;146;147;148;149;150;151;152;153;154;155;156;157;158;159;160;161;162;163	cdd:cd21587;cdd:cd21590;cdd:cd21593;cdd:cd23189;cdd:cd23192;cdd:cd23193;cdd:cd23194;cdd:cd23196;cdd:cd23197;cdd:cd23198;cdd:cd23199;cdd:cd23210;cdd:cd23211;cdd:cd23212;cdd:cd23213;cdd:cd23214;cdd:cd23215;cdd:cd23216;cdd:cd23217;cdd:cd23218;cdd:cd23219;cdd:cd23220;cdd:cd23221;cdd:cd23222;cdd:cd23223;cdd:cd23224;cdd:cd23226;cdd:cd23227;cdd:cd23228;cdd:cd23229;cdd:cd23230;cdd:cd23231	0.9861	0.7749	CDD_direct_multi_root	curated_root_transferred
Timlovirales	cdd_transfer:rvmt_broad::Timlovirales:modern_structural:A	modern_structural:A	CDD conserved polymerase motif A	175;176;177;178;179;180;181;182;183;184;185;186;187;188;189	cdd:cd23176	1.0000	0.8462	CDD_direct_single_root	curated_root_transferred
Timlovirales	cdd_transfer:rvmt_broad::Timlovirales:modern_structural:B	modern_structural:B	CDD conserved polymerase motif B	229;230;231;232;233;234;235;236;237;238;239;240;241;242;243;244;245;247;248;249;250;251;252	cdd:cd23176	1.0000	0.6500	CDD_direct_single_root	curated_root_transferred
Timlovirales	cdd_transfer:rvmt_broad::Timlovirales:modern_structural:C	modern_structural:C	CDD conserved polymerase motif C	270;271;272;273;274;275;276;277;278;279;280;281;282;283;284	cdd:cd23176	1.0000	1.0000	CDD_direct_single_root	curated_root_transferred
Timlovirales	cdd_transfer:rvmt_broad::Timlovirales:modern_structural:F	modern_structural:F	CDD conserved polymerase motif F	110;111;112;113;114;115;116;117;118;119;120;121;122;123;124	cdd:cd23176	1.0000	0.8889	CDD_direct_single_root	curated_root_transferred
Tobaniviridae	cdd_transfer:rvmt_broad::Tobaniviridae:modern_structural:A	modern_structural:A	CDD conserved polymerase motif A	194;195;196;197;198;199;200;201;202;203;204;205;206;207;208;209;210	cdd:cd21530;cdd:cd21587;cdd:cd21588;cdd:cd21589;cdd:cd21590;cdd:cd21591;cdd:cd21592;cdd:cd21593;cdd:cd21596;cdd:cd23168;cdd:cd23186;cdd:cd23187;cdd:cd23189	1.0000	0.7483	CDD_direct_multi_root	curated_root_transferred
Tobaniviridae	cdd_transfer:rvmt_broad::Tobaniviridae:modern_structural:B	modern_structural:B	CDD conserved polymerase motif B	259;260;261;262;263;264;265;266;267;268;269;270;271;272;273;274;275;276;277;278;279;280;281;282;283;284;285;286;287;288	cdd:cd21530;cdd:cd21587;cdd:cd21588;cdd:cd21589;cdd:cd21590;cdd:cd21591;cdd:cd21592;cdd:cd21593;cdd:cd21596;cdd:cd23168;cdd:cd23186;cdd:cd23187;cdd:cd23188;cdd:cd23189	0.9976	0.7760	CDD_direct_multi_root	curated_root_transferred
Tobaniviridae	cdd_transfer:rvmt_broad::Tobaniviridae:modern_structural:C	modern_structural:C	CDD conserved polymerase motif C	326;327;328;329;330;331;332;333;334;335;336;337;338;339;340	cdd:cd21530;cdd:cd21587;cdd:cd21588;cdd:cd21589;cdd:cd21590;cdd:cd21591;cdd:cd21592;cdd:cd21593;cdd:cd21596;cdd:cd23186;cdd:cd23187;cdd:cd23188;cdd:cd23189	1.0000	0.7359	CDD_direct_multi_root	curated_root_transferred
Tobaniviridae	cdd_transfer:rvmt_broad::Tobaniviridae:modern_structural:E	modern_structural:E	CDD conserved polymerase motif E	380;381;382;383;384;385;386;387;388;389	cdd:cd21530;cdd:cd21587;cdd:cd21588;cdd:cd21589;cdd:cd21590;cdd:cd21591;cdd:cd21592;cdd:cd21593;cdd:cd21596	0.8611	0.8698	CDD_direct_multi_root	curated_root_transferred
Tobaniviridae	cdd_transfer:rvmt_broad::Tobaniviridae:modern_structural:F	modern_structural:F	CDD conserved polymerase motif F	116;117;118;119;120;121;122;123;124;125;126;127;128;129;130;131;132;133;134;135;136;137;138	cdd:cd21530;cdd:cd21587;cdd:cd21588;cdd:cd21589;cdd:cd21590;cdd:cd21591;cdd:cd21592;cdd:cd21593;cdd:cd21596;cdd:cd23168;cdd:cd23186;cdd:cd23187;cdd:cd23188;cdd:cd23189	0.9873	0.6885	CDD_direct_multi_root	curated_root_transferred
Togaviridae	cdd_transfer:rvmt_broad::Togaviridae:modern_structural:A	modern_structural:A	CDD conserved polymerase motif A	214;215;216;217;218;219;220;221;222;223;224;225;226;227;228	cdd:cd23208;cdd:cd23249;cdd:cd23250;cdd:cd23251;cdd:cd23252;cdd:cd23253;cdd:cd23254;cdd:cd23255;cdd:cd23256	1.0000	0.7288	CDD_direct_multi_root	curated_root_transferred
Togaviridae	cdd_transfer:rvmt_broad::Togaviridae:modern_structural:B	modern_structural:B	CDD conserved polymerase motif B	276;277;278;279;280;281;282;283;284;285;286;287;288;289;290;291;292;293;294;295;296;297;298;299	cdd:cd23208;cdd:cd23249;cdd:cd23250;cdd:cd23251;cdd:cd23252;cdd:cd23253;cdd:cd23254;cdd:cd23255;cdd:cd23256	0.9954	0.7785	CDD_direct_multi_root	curated_root_transferred
Togaviridae	cdd_transfer:rvmt_broad::Togaviridae:modern_structural:C	modern_structural:C	CDD conserved polymerase motif C	307;308;309;310;311;312;313;314;315;316;317;318;319;320;321	cdd:cd23208;cdd:cd23249;cdd:cd23250;cdd:cd23251;cdd:cd23252;cdd:cd23253;cdd:cd23254;cdd:cd23255;cdd:cd23256	0.9630	0.7864	CDD_direct_multi_root	curated_root_transferred
Tolivirales	cdd_transfer:rvmt_broad::Tolivirales:modern_structural:A	modern_structural:A	CDD conserved polymerase motif A	203;204;205;206;207;208;209;210;211;212;213;214;215;216;217	cdd:cd23173;cdd:cd23174;cdd:cd23178;cdd:cd23179;cdd:cd23201;cdd:cd23202;cdd:cd23203;cdd:cd23206;cdd:cd23233;cdd:cd23234;cdd:cd23235;cdd:cd23236;cdd:cd23237;cdd:cd23238;cdd:cd23239;cdd:cd23240;cdd:cd23241;cdd:cd23242;cdd:cd23243;cdd:cd23244;cdd:cd23253	1.0000	0.8744	CDD_direct_multi_root	curated_root_transferred
Tolivirales	cdd_transfer:rvmt_broad::Tolivirales:modern_structural:B	modern_structural:B	CDD conserved polymerase motif B	267;268;269;270;271;272;273;274;275;276;277;278;279;280;281;282;283;284;285;286;287;288;289;290	cdd:cd23174;cdd:cd23178;cdd:cd23179;cdd:cd23201;cdd:cd23202;cdd:cd23203;cdd:cd23206;cdd:cd23233;cdd:cd23234;cdd:cd23235;cdd:cd23236;cdd:cd23237;cdd:cd23239;cdd:cd23240;cdd:cd23241;cdd:cd23242;cdd:cd23243;cdd:cd23244;cdd:cd23253	0.9978	0.8794	CDD_direct_multi_root	curated_root_transferred
Tolivirales	cdd_transfer:rvmt_broad::Tolivirales:modern_structural:C	modern_structural:C	CDD conserved polymerase motif C	297;298;299;300;301;302;303;304;305;306;307;308;309;310;311	cdd:cd23174;cdd:cd23178;cdd:cd23179;cdd:cd23201;cdd:cd23202;cdd:cd23203;cdd:cd23206;cdd:cd23233;cdd:cd23234;cdd:cd23235;cdd:cd23236;cdd:cd23237;cdd:cd23238;cdd:cd23239;cdd:cd23240;cdd:cd23241;cdd:cd23242;cdd:cd23243;cdd:cd23244;cdd:cd23253	0.9933	0.8461	CDD_direct_multi_root	curated_root_transferred
Tolucaviricetes	cdd_transfer:rvmt_broad::Tolucaviricetes:modern_structural:A	modern_structural:A	CDD conserved polymerase motif A	183;184;185;186;187;188;189;190;191;192;193;194;195;196;197	cdd:cd23173;cdd:cd23174;cdd:cd23178;cdd:cd23179;cdd:cd23201;cdd:cd23202;cdd:cd23203;cdd:cd23205;cdd:cd23206;cdd:cd23233;cdd:cd23234;cdd:cd23235;cdd:cd23236;cdd:cd23237;cdd:cd23238;cdd:cd23239;cdd:cd23240;cdd:cd23241;cdd:cd23242;cdd:cd23243;cdd:cd23244;cdd:cd23253	1.0000	0.8596	CDD_direct_multi_root	curated_root_transferred
Tolucaviricetes	cdd_transfer:rvmt_broad::Tolucaviricetes:modern_structural:B	modern_structural:B	CDD conserved polymerase motif B	245;246;247;248;249;250;251;252;253;254;255;256;257;258;259;260;261;262;263;264;265;266;267;268	cdd:cd23173;cdd:cd23174;cdd:cd23178;cdd:cd23179;cdd:cd23201;cdd:cd23202;cdd:cd23203;cdd:cd23206;cdd:cd23233;cdd:cd23234;cdd:cd23235;cdd:cd23236;cdd:cd23237;cdd:cd23238;cdd:cd23239;cdd:cd23240;cdd:cd23241;cdd:cd23242;cdd:cd23243;cdd:cd23244;cdd:cd23253	0.9980	0.8174	CDD_direct_multi_root	curated_root_transferred
Tolucaviricetes	cdd_transfer:rvmt_broad::Tolucaviricetes:modern_structural:C	modern_structural:C	CDD conserved polymerase motif C	278;279;280;281;282;283;284;285;286;287;288;289;290;291;292	cdd:cd23173;cdd:cd23174;cdd:cd23178;cdd:cd23179;cdd:cd23201;cdd:cd23202;cdd:cd23203;cdd:cd23206;cdd:cd23233;cdd:cd23234;cdd:cd23235;cdd:cd23236;cdd:cd23237;cdd:cd23238;cdd:cd23239;cdd:cd23240;cdd:cd23241;cdd:cd23242;cdd:cd23243;cdd:cd23244;cdd:cd23253	0.9934	0.8765	CDD_direct_multi_root	curated_root_transferred
Tombusviridae	cdd_transfer:rvmt_broad::Tombusviridae:modern_structural:A	modern_structural:A	CDD conserved polymerase motif A	204;205;206;207;208;209;210;211;212;213;214;215;216;217;218	cdd:cd23173;cdd:cd23174;cdd:cd23179;cdd:cd23201;cdd:cd23202;cdd:cd23203;cdd:cd23206;cdd:cd23233;cdd:cd23234;cdd:cd23235;cdd:cd23236;cdd:cd23237;cdd:cd23238;cdd:cd23239;cdd:cd23240;cdd:cd23241;cdd:cd23242;cdd:cd23243;cdd:cd23244;cdd:cd23253	1.0000	0.8915	CDD_direct_multi_root	curated_root_transferred
Tombusviridae	cdd_transfer:rvmt_broad::Tombusviridae:modern_structural:B	modern_structural:B	CDD conserved polymerase motif B	268;269;270;271;272;273;274;275;276;277;278;279;280;281;282;283;284;285;286;287;288;289;290;291	cdd:cd23174;cdd:cd23178;cdd:cd23179;cdd:cd23201;cdd:cd23202;cdd:cd23203;cdd:cd23206;cdd:cd23233;cdd:cd23234;cdd:cd23235;cdd:cd23236;cdd:cd23237;cdd:cd23238;cdd:cd23239;cdd:cd23240;cdd:cd23241;cdd:cd23242;cdd:cd23243;cdd:cd23244;cdd:cd23253	0.9979	0.8587	CDD_direct_multi_root	curated_root_transferred
Tombusviridae	cdd_transfer:rvmt_broad::Tombusviridae:modern_structural:C	modern_structural:C	CDD conserved polymerase motif C	298;299;300;301;302;303;304;305;306;307;308;309;310;311;312	cdd:cd23174;cdd:cd23178;cdd:cd23179;cdd:cd23202;cdd:cd23203;cdd:cd23206;cdd:cd23233;cdd:cd23234;cdd:cd23235;cdd:cd23236;cdd:cd23237;cdd:cd23238;cdd:cd23239;cdd:cd23240;cdd:cd23241;cdd:cd23242;cdd:cd23243;cdd:cd23244;cdd:cd23253	1.0000	0.8967	CDD_direct_multi_root	curated_root_transferred
Totiviridae	cdd_transfer:rvmt_broad::Totiviridae:modern_structural:A	modern_structural:A	CDD conserved polymerase motif A	188;189;190;191;192;193;194;195;196;197;198;199;200;201;202	cdd:cd23193	1.0000	0.6667	CDD_direct_single_root	curated_root_transferred
Totiviridae	cdd_transfer:rvmt_broad::Totiviridae:modern_structural:B	modern_structural:B	CDD conserved polymerase motif B	256;257;258;259;260;261;262;263;264;265;266;267;268;269;270;271;272;274;275;276;277;278;279	cdd:cd23169;cdd:cd23193	1.0000	0.8516	CDD_direct_multi_root	curated_root_transferred
Tymovirales	cdd_transfer:rvmt_broad::Tymovirales:modern_structural:A	modern_structural:A	CDD conserved polymerase motif A	209;210;211;212;213;214;215;216;217;218;219;220;221;222;223	cdd:cd23182;cdd:cd23207;cdd:cd23208;cdd:cd23245;cdd:cd23246;cdd:cd23247;cdd:cd23248;cdd:cd23249;cdd:cd23250;cdd:cd23251;cdd:cd23253;cdd:cd23254;cdd:cd23259	0.9949	0.8417	CDD_direct_multi_root	curated_root_transferred
Tymovirales	cdd_transfer:rvmt_broad::Tymovirales:modern_structural:B	modern_structural:B	CDD conserved polymerase motif B	265;266;267;268;269;270;271;272;273;274;275;276;277;278;279;280;281;282;283;284;285;286;287;288	cdd:cd23245;cdd:cd23246;cdd:cd23247;cdd:cd23248;cdd:cd23250;cdd:cd23259	0.9861	0.8637	CDD_direct_multi_root	curated_root_transferred
Tymoviridae	cdd_transfer:rvmt_broad::Tymoviridae:modern_structural:A	modern_structural:A	CDD conserved polymerase motif A	209;210;211;212;213;214;215;216;217;218;219;220;221;222;223	cdd:cd23182;cdd:cd23207;cdd:cd23208;cdd:cd23209;cdd:cd23245;cdd:cd23246;cdd:cd23247;cdd:cd23248;cdd:cd23249;cdd:cd23251;cdd:cd23253;cdd:cd23254;cdd:cd23259;cdd:cd23260	0.9952	0.8089	CDD_direct_multi_root	curated_root_transferred
Tymoviridae	cdd_transfer:rvmt_broad::Tymoviridae:modern_structural:B	modern_structural:B	CDD conserved polymerase motif B	265;266;267;268;269;270;271;272;273;274;275;276;277;278;279;280;281;282;283;284;285;286;287;288	cdd:cd23182;cdd:cd23207;cdd:cd23208;cdd:cd23209;cdd:cd23245;cdd:cd23246;cdd:cd23247;cdd:cd23248;cdd:cd23249;cdd:cd23251;cdd:cd23253;cdd:cd23254;cdd:cd23259;cdd:cd23260	0.9970	0.8285	CDD_direct_multi_root	curated_root_transferred
Tymoviridae	cdd_transfer:rvmt_broad::Tymoviridae:modern_structural:C	modern_structural:C	CDD conserved polymerase motif C	294;295;296;297;298;299;300;301;302;303;304;305;306;307	cdd:cd23182;cdd:cd23251;cdd:cd23253;cdd:cd23259;cdd:cd23260	0.9324	0.8464	CDD_direct_multi_root	curated_root_transferred
Virgaviridae	cdd_transfer:rvmt_broad::Virgaviridae:modern_structural:A	modern_structural:A	CDD conserved polymerase motif A	216;217;218;219;220;221;222;223;224;225;226;227;228;229;230	cdd:cd23173;cdd:cd23179;cdd:cd23182;cdd:cd23207;cdd:cd23208;cdd:cd23209;cdd:cd23245;cdd:cd23246;cdd:cd23247;cdd:cd23249;cdd:cd23250;cdd:cd23251;cdd:cd23252;cdd:cd23253;cdd:cd23254;cdd:cd23255;cdd:cd23256;cdd:cd23259;cdd:cd23260	1.0000	0.8049	CDD_direct_multi_root	curated_root_transferred
Virgaviridae	cdd_transfer:rvmt_broad::Virgaviridae:modern_structural:B	modern_structural:B	CDD conserved polymerase motif B	278;279;280;281;282;283;284;285;286;287;288;289;290;291;292;293;294;295;296;297;298;299;300;301	cdd:cd23173;cdd:cd23208;cdd:cd23209;cdd:cd23245;cdd:cd23246;cdd:cd23247;cdd:cd23249;cdd:cd23250;cdd:cd23251;cdd:cd23252;cdd:cd23253;cdd:cd23254;cdd:cd23255;cdd:cd23256;cdd:cd23259;cdd:cd23260	1.0000	0.8546	CDD_direct_multi_root	curated_root_transferred
Virgaviridae	cdd_transfer:rvmt_broad::Virgaviridae:modern_structural:C	modern_structural:C	CDD conserved polymerase motif C	307;308;309;310;311;312;313;314;315;316;317;318;319;320;321	cdd:cd23182;cdd:cd23252;cdd:cd23253;cdd:cd23256	0.9821	0.9018	CDD_direct_multi_root	curated_root_transferred
Wolframvirales	cdd_transfer:rvmt_broad::Wolframvirales:modern_structural:A	modern_structural:A	CDD conserved polymerase motif A	204;205;206;207;208;209;210;211;212;213;214;215;216;217;218	cdd:cd23177;cdd:cd23183	1.0000	0.8944	CDD_direct_multi_root	curated_root_transferred
Wolframvirales	cdd_transfer:rvmt_broad::Wolframvirales:modern_structural:B	modern_structural:B	CDD conserved polymerase motif B	267;268;269;270;271;272;273;274;275;276;277;278;279;280;281;282;283;284;285;286;287;288;289;290	cdd:cd23177;cdd:cd23183	1.0000	0.8782	CDD_direct_multi_root	curated_root_transferred
c.0001.base-Pisoni	cdd_transfer:rvmt_broad::c.0001.base-Pisoni:modern_structural:A	modern_structural:A	CDD conserved polymerase motif A	215;216;217;218;219;220;221;222;223;224;225;226;227;228;229	cdd:cd23175;cdd:cd23192;cdd:cd23193;cdd:cd23194;cdd:cd23196;cdd:cd23197;cdd:cd23198;cdd:cd23214;cdd:cd23215;cdd:cd23217;cdd:cd23218;cdd:cd23219;cdd:cd23220;cdd:cd23223;cdd:cd23229;cdd:cd23230;cdd:cd23231	0.9922	0.6982	CDD_direct_multi_root	curated_root_transferred
c.0001.base-Pisoni	cdd_transfer:rvmt_broad::c.0001.base-Pisoni:modern_structural:B	modern_structural:B	CDD conserved polymerase motif B	282;283;284;285;286;287;288;289;290;291;292;293;294;295;296;297;298;299;300;301;302;303;304;305	cdd:cd23196;cdd:cd23214;cdd:cd23215;cdd:cd23217;cdd:cd23218;cdd:cd23220;cdd:cd23223;cdd:cd23225;cdd:cd23229;cdd:cd23230	0.9960	0.7635	CDD_direct_multi_root	curated_root_transferred
c.0001.base-Pisoni	cdd_transfer:rvmt_broad::c.0001.base-Pisoni:modern_structural:F	modern_structural:F	CDD conserved polymerase motif F	140;141;142;143;144;145;146;147;148;149;150;151;152;153;154;155;156;157;158;159;160;161	cdd:cd23169;cdd:cd23192;cdd:cd23194;cdd:cd23195;cdd:cd23198;cdd:cd23215;cdd:cd23217;cdd:cd23218;cdd:cd23219;cdd:cd23220;cdd:cd23223;cdd:cd23230	0.9861	0.8591	CDD_direct_multi_root	curated_root_transferred
c.0002.base-Pisoni	cdd_transfer:rvmt_broad::c.0002.base-Pisoni:modern_structural:A	modern_structural:A	CDD conserved polymerase motif A	215;216;217;218;219;220;221;222;223;224;225;226;227;228;229	cdd:cd23172;cdd:cd23175;cdd:cd23192;cdd:cd23193;cdd:cd23194;cdd:cd23196;cdd:cd23211;cdd:cd23212;cdd:cd23213;cdd:cd23214;cdd:cd23215;cdd:cd23216;cdd:cd23217;cdd:cd23218;cdd:cd23219;cdd:cd23220;cdd:cd23222;cdd:cd23223;cdd:cd23224;cdd:cd23226;cdd:cd23227;cdd:cd23228;cdd:cd23229;cdd:cd23231	1.0000	0.8142	CDD_direct_multi_root	curated_root_transferred
c.0002.base-Pisoni	cdd_transfer:rvmt_broad::c.0002.base-Pisoni:modern_structural:B	modern_structural:B	CDD conserved polymerase motif B	282;283;284;285;286;287;288;289;290;291;292;293;294;295;296;297;298;299;300;301;302;303;304;305	cdd:cd23196;cdd:cd23211;cdd:cd23212;cdd:cd23213;cdd:cd23217;cdd:cd23218;cdd:cd23220;cdd:cd23223;cdd:cd23227;cdd:cd23228;cdd:cd23229	1.0000	0.8869	CDD_direct_multi_root	curated_root_transferred
c.0002.base-Pisoni	cdd_transfer:rvmt_broad::c.0002.base-Pisoni:modern_structural:F	modern_structural:F	CDD conserved polymerase motif F	140;141;142;143;144;145;146;147;148;149;150;151;152;155;156;157;158;159;160;161	cdd:cd23169;cdd:cd23192;cdd:cd23193;cdd:cd23194;cdd:cd23195;cdd:cd23196;cdd:cd23197;cdd:cd23198;cdd:cd23210;cdd:cd23211;cdd:cd23212;cdd:cd23213;cdd:cd23214;cdd:cd23215;cdd:cd23216;cdd:cd23217;cdd:cd23218;cdd:cd23219;cdd:cd23220;cdd:cd23222;cdd:cd23223;cdd:cd23224;cdd:cd23226;cdd:cd23227;cdd:cd23228;cdd:cd23229;cdd:cd23231;cdd:cd23232	0.9195	0.6475	CDD_direct_multi_root	curated_root_transferred
c.0003.base-Pisoni	cdd_transfer:rvmt_broad::c.0003.base-Pisoni:modern_structural:A	modern_structural:A	CDD conserved polymerase motif A	223;224;225;226;227;228;229;230;231;232;233;234;235;236;237	cdd:cd23172;cdd:cd23180;cdd:cd23184;cdd:cd23194;cdd:cd23206;cdd:cd23217;cdd:cd23220;cdd:cd23223;cdd:cd23228	1.0000	0.5710	CDD_direct_multi_root	curated_root_transferred
c.0003.base-Pisoni	cdd_transfer:rvmt_broad::c.0003.base-Pisoni:modern_structural:F	modern_structural:F	CDD conserved polymerase motif F	146;147;148;149;150;151;152;153;154;155;156;157;158;159;160;161;162;163;164;165;166;167	cdd:cd23192;cdd:cd23193;cdd:cd23194;cdd:cd23217;cdd:cd23220;cdd:cd23223;cdd:cd23228	1.0000	0.6035	CDD_direct_multi_root	curated_root_transferred
c.0004.base-Pisoni	cdd_transfer:rvmt_broad::c.0004.base-Pisoni:modern_structural:B	modern_structural:B	CDD conserved polymerase motif B	283;284;285;286;287;288;289;290;291;292;293;294;295;296;297;298;299;300;301;302;303;304;305;306	cdd:cd23172;cdd:cd23175;cdd:cd23194;cdd:cd23195;cdd:cd23196;cdd:cd23197;cdd:cd23219;cdd:cd23225;cdd:cd23226	1.0000	0.7608	CDD_direct_multi_root	curated_root_transferred
c.0004.base-Pisoni	cdd_transfer:rvmt_broad::c.0004.base-Pisoni:modern_structural:C	modern_structural:C	CDD conserved polymerase motif C	322;323;324;325;327;328;329;330;331;332;333;334;335;336	cdd:cd23193	1.0000	0.8571	CDD_direct_single_root	curated_root_transferred
c.0004.base-Pisoni	cdd_transfer:rvmt_broad::c.0004.base-Pisoni:modern_structural:F	modern_structural:F	CDD conserved polymerase motif F	137;138;139;140;141;142;143;144;145;146;147;148;149;151;152;153;154;155;156;157;158	cdd:cd23192;cdd:cd23194;cdd:cd23196;cdd:cd23226	0.9750	0.6490	CDD_direct_multi_root	curated_root_transferred
c.0005.base-Stelpa	cdd_transfer:rvmt_broad::c.0005.base-Stelpa:modern_structural:B	modern_structural:B	CDD conserved polymerase motif B	231;232;233;234;235;236;237;238;239;240;241;242;243;244;245;246;247;248;249;250;251;252;253;254	cdd:cd23170;cdd:cd23172;cdd:cd23175;cdd:cd23192	1.0000	0.7173	CDD_direct_multi_root	curated_root_transferred
c.0005.base-Stelpa	cdd_transfer:rvmt_broad::c.0005.base-Stelpa:modern_structural:C	modern_structural:C	CDD conserved polymerase motif C	269;270;271;272;273;274;275;276;277;278;279;280;281;282;283	cdd:cd23170	1.0000	0.7500	CDD_direct_single_root	curated_root_transferred
c.0005.base-Stelpa	cdd_transfer:rvmt_broad::c.0005.base-Stelpa:modern_structural:F	modern_structural:F	CDD conserved polymerase motif F	85;86;87;88;89;90;91;92;93;94;95;96;97;99;100;101;102;103;104;105;106	cdd:cd23192	1.0000	0.6364	CDD_direct_single_root	curated_root_transferred
c.0006.base-Stelpa	cdd_transfer:rvmt_broad::c.0006.base-Stelpa:modern_structural:A	modern_structural:A	CDD conserved polymerase motif A	188;189;190;191;192;193;194;195;196;197;198;199;200;201;202	cdd:cd23195	1.0000	0.6667	CDD_direct_single_root	curated_root_transferred
c.0006.base-Stelpa	cdd_transfer:rvmt_broad::c.0006.base-Stelpa:modern_structural:B	modern_structural:B	CDD conserved polymerase motif B	256;257;258;259;260;261;262;263;264;265;266;267;268;269;270;271;272;273;274;275;276;277;278;279	cdd:cd23175;cdd:cd23195	1.0000	0.6949	CDD_direct_multi_root	curated_root_transferred
c.0006.base-Stelpa	cdd_transfer:rvmt_broad::c.0006.base-Stelpa:modern_structural:C	modern_structural:C	CDD conserved polymerase motif C	292;293;294;295;296;297;298;299;300;301;302;303;304;305;306	cdd:cd23175;cdd:cd23195	1.0000	0.6875	CDD_direct_multi_root	curated_root_transferred
c.0006.base-Stelpa	cdd_transfer:rvmt_broad::c.0006.base-Stelpa:modern_structural:F	modern_structural:F	CDD conserved polymerase motif F	110;111;112;113;114;115;116;117;125;126;127;128;129;130;131	cdd:cd23195	1.0000	1.0000	CDD_direct_single_root	curated_root_transferred
c.0007.base-Stelpa	cdd_transfer:rvmt_broad::c.0007.base-Stelpa:modern_structural:C	modern_structural:C	CDD conserved polymerase motif C	256;257;258;259;260;261;262;263;264;265;266;267;268;269;270	cdd:cd23179;cdd:cd23193;cdd:cd23196;cdd:cd23197;cdd:cd23211;cdd:cd23212;cdd:cd23213;cdd:cd23215;cdd:cd23217;cdd:cd23218;cdd:cd23219;cdd:cd23225;cdd:cd23226;cdd:cd23227;cdd:cd23228;cdd:cd23229;cdd:cd23230;cdd:cd23231	1.0000	0.9134	CDD_direct_multi_root	curated_root_transferred
c.0007.base-Stelpa	cdd_transfer:rvmt_broad::c.0007.base-Stelpa:modern_structural:F	modern_structural:F	CDD conserved polymerase motif F	80;81;82;83;84;85;86;87;88;89;90;91;92;93;95;96;97;98;99;100;101	cdd:cd23169;cdd:cd23192;cdd:cd23193;cdd:cd23194;cdd:cd23195;cdd:cd23196;cdd:cd23197;cdd:cd23198;cdd:cd23199;cdd:cd23211;cdd:cd23212;cdd:cd23213;cdd:cd23215;cdd:cd23217;cdd:cd23218;cdd:cd23219;cdd:cd23220;cdd:cd23225;cdd:cd23226;cdd:cd23227;cdd:cd23228;cdd:cd23229;cdd:cd23230;cdd:cd23231	0.9571	0.7767	CDD_direct_multi_root	curated_root_transferred
c.0008.base-Stelpa	cdd_transfer:rvmt_broad::c.0008.base-Stelpa:modern_structural:A	modern_structural:A	CDD conserved polymerase motif A	175;176;177;178;179;180;181;182;183;184;185;186;187;188;189	cdd:cd23172;cdd:cd23175;cdd:cd23192;cdd:cd23194;cdd:cd23198;cdd:cd23215;cdd:cd23225;cdd:cd23228;cdd:cd23232	1.0000	0.7357	CDD_direct_multi_root	curated_root_transferred
c.0008.base-Stelpa	cdd_transfer:rvmt_broad::c.0008.base-Stelpa:modern_structural:B	modern_structural:B	CDD conserved polymerase motif B	243;244;245;246;247;248;249;250;251;252;253;254;255;256;257;258;259;260;261;262;263;264;265;266	cdd:cd23195;cdd:cd23215;cdd:cd23228	1.0000	0.5952	CDD_direct_multi_root	curated_root_transferred
c.0008.base-Stelpa	cdd_transfer:rvmt_broad::c.0008.base-Stelpa:modern_structural:C	modern_structural:C	CDD conserved polymerase motif C	277;282;283;284;285;286;287;288;289;290;291;292;293;294;295	cdd:cd23225;cdd:cd23228	1.0000	0.8661	CDD_direct_multi_root	curated_root_transferred
c.0008.base-Stelpa	cdd_transfer:rvmt_broad::c.0008.base-Stelpa:modern_structural:F	modern_structural:F	CDD conserved polymerase motif F	104;105;106;107;108;109;110;111;112;113;114;115;116;117;118;119;120;121	cdd:cd23169;cdd:cd23192;cdd:cd23193;cdd:cd23194;cdd:cd23195;cdd:cd23198;cdd:cd23215;cdd:cd23225;cdd:cd23228;cdd:cd23232	0.8609	0.6757	CDD_direct_multi_root	curated_root_transferred
c.0009.base-Stelpa	cdd_transfer:rvmt_broad::c.0009.base-Stelpa:modern_structural:B	modern_structural:B	CDD conserved polymerase motif B	270;271;272;273;274;275;276;277;278;279;280;281;282;283;284;285;286;287;288;289;290;291;292;293	cdd:cd23175;cdd:cd23192;cdd:cd23194;cdd:cd23196;cdd:cd23198;cdd:cd23211;cdd:cd23212;cdd:cd23214;cdd:cd23215;cdd:cd23220;cdd:cd23224;cdd:cd23226;cdd:cd23227;cdd:cd23231	0.9702	0.6363	CDD_direct_multi_root	curated_root_transferred
c.0009.base-Stelpa	cdd_transfer:rvmt_broad::c.0009.base-Stelpa:modern_structural:C	modern_structural:C	CDD conserved polymerase motif C	308;309;310;311;312;313;314;315;316;317;318;319;320;321;322	cdd:cd23193;cdd:cd23196;cdd:cd23211;cdd:cd23212;cdd:cd23214;cdd:cd23224;cdd:cd23226;cdd:cd23227;cdd:cd23231	1.0000	0.8730	CDD_direct_multi_root	curated_root_transferred
c.0009.base-Stelpa	cdd_transfer:rvmt_broad::c.0009.base-Stelpa:modern_structural:F	modern_structural:F	CDD conserved polymerase motif F	128;129;130;131;132;133;134;135;136;137;138;139;140;141;142;143;144;145;146;147;148;149	cdd:cd23192;cdd:cd23193;cdd:cd23194;cdd:cd23198;cdd:cd23210;cdd:cd23211;cdd:cd23212;cdd:cd23214;cdd:cd23215;cdd:cd23224;cdd:cd23226;cdd:cd23227;cdd:cd23231	0.9936	0.9179	CDD_direct_multi_root	curated_root_transferred
c.0010.base-Stelpa	cdd_transfer:rvmt_broad::c.0010.base-Stelpa:modern_structural:C	modern_structural:C	CDD conserved polymerase motif C	296;297;298;299;300;301;302;303;304;305;306;307;308;309;310	cdd:cd21590;cdd:cd23169;cdd:cd23170;cdd:cd23196;cdd:cd23211;cdd:cd23213;cdd:cd23216;cdd:cd23217;cdd:cd23219;cdd:cd23227;cdd:cd23230;cdd:cd23231;cdd:cd23232	1.0000	0.9231	CDD_direct_multi_root	curated_root_transferred
c.0010.base-Stelpa	cdd_transfer:rvmt_broad::c.0010.base-Stelpa:modern_structural:F	modern_structural:F	CDD conserved polymerase motif F	111;112;113;114;115;116;117;118;119;120;121;122;123;124;125;126;127;128;129;130;131;132	cdd:cd23169;cdd:cd23192;cdd:cd23193;cdd:cd23194;cdd:cd23196;cdd:cd23197;cdd:cd23211;cdd:cd23213;cdd:cd23214;cdd:cd23215;cdd:cd23216;cdd:cd23217;cdd:cd23218;cdd:cd23219;cdd:cd23223;cdd:cd23227;cdd:cd23229;cdd:cd23230;cdd:cd23231;cdd:cd23232	0.9978	0.7264	CDD_direct_multi_root	curated_root_transferred
c.0010.base-Stelpa	cdd_transfer:rvmt_broad::c.0010.base-Stelpa:modern_structural:G	modern_structural:G	CDD conserved polymerase motif G	65;66;67;68;69;70;71;72;73;74;75;76;77;78	cdd:cd21590	1.0000	0.5000	CDD_direct_single_root	curated_root_transferred
c.0011.base-Flasu	cdd_transfer:rvmt_broad::c.0011.base-Flasu:modern_structural:A	modern_structural:A	CDD conserved polymerase motif A	204;205;206;207;208;209;210;211;212;213;214;215;216;217;218	cdd:cd23172;cdd:cd23175;cdd:cd23185;cdd:cd23194;cdd:cd23198;cdd:cd23230	1.0000	0.7685	CDD_direct_multi_root	curated_root_transferred
c.0011.base-Flasu	cdd_transfer:rvmt_broad::c.0011.base-Flasu:modern_structural:B	modern_structural:B	CDD conserved polymerase motif B	272;273;274;275;276;277;278;279;280;281;282;283;284;285;286;287;288;289;290;291;292;293;294;295	cdd:cd23169;cdd:cd23172;cdd:cd23175;cdd:cd23194;cdd:cd23195;cdd:cd23198;cdd:cd23230	1.0000	0.6748	CDD_direct_multi_root	curated_root_transferred
c.0011.base-Flasu	cdd_transfer:rvmt_broad::c.0011.base-Flasu:modern_structural:C	modern_structural:C	CDD conserved polymerase motif C	312;313;314;315;316;317;318;319;320;321;322;323;324;325	cdd:cd23193;cdd:cd23230	0.8952	0.8452	CDD_direct_multi_root	curated_root_transferred
c.0012	cdd_transfer:rvmt_broad::c.0012:modern_structural:F	modern_structural:F	CDD conserved polymerase motif F	126;127;128;129;130;131;132;133;134;135;136;137;140;141;142;143;144;145;146;147;148;149	cdd:cd23169;cdd:cd23192;cdd:cd23193;cdd:cd23213	1.0000	0.8190	CDD_direct_multi_root	curated_root_transferred
c.0013	cdd_transfer:rvmt_broad::c.0013:modern_structural:B	modern_structural:B	CDD conserved polymerase motif B	263;264;265;266;267;268;269;270;271;272;273;274;275;276;277;278;279;280;281;282;283;284;285	cdd:cd23169;cdd:cd23172;cdd:cd23194	0.9306	0.6667	CDD_direct_multi_root	curated_root_transferred
c.0013	cdd_transfer:rvmt_broad::c.0013:modern_structural:C	modern_structural:C	CDD conserved polymerase motif C	302;303;304;305;307;308;309;310;311;312;313;314;315;316	cdd:cd23193	1.0000	0.8571	CDD_direct_single_root	curated_root_transferred
c.0014	cdd_transfer:rvmt_broad::c.0014:modern_structural:F	modern_structural:F	CDD conserved polymerase motif F	117;118;119;120;121;122;128;133;134;135;136;137;138;139	cdd:cd23169	0.9333	0.6250	CDD_direct_single_root	curated_root_transferred
c.0015	cdd_transfer:rvmt_broad::c.0015:modern_structural:A	modern_structural:A	CDD conserved polymerase motif A	181;182;183;184;185;186;187;188;189;190;191;192;193;194;195	cdd:cd23195;cdd:cd23231	1.0000	0.7557	CDD_direct_multi_root	curated_root_transferred
c.0015	cdd_transfer:rvmt_broad::c.0015:modern_structural:B	modern_structural:B	CDD conserved polymerase motif B	249;250;251;252;253;254;255;256;257;258;259;260;261;262;263;264;265;266;267;268;269;270;271;272;273	cdd:cd23195;cdd:cd23231	1.0000	0.8595	CDD_direct_multi_root	curated_root_transferred
c.0015	cdd_transfer:rvmt_broad::c.0015:modern_structural:C	modern_structural:C	CDD conserved polymerase motif C	288;289;290;291;292;293;294;295;296;297;298;299;300;301;302	cdd:cd23193;cdd:cd23231	1.0000	0.7083	CDD_direct_multi_root	curated_root_transferred
c.0016	cdd_transfer:rvmt_broad::c.0016:modern_structural:A	modern_structural:A	CDD conserved polymerase motif A	193;195;196;197;198;199;200;201;202;203;204;205;206;207;208;209;210	cdd:cd21530;cdd:cd21587;cdd:cd21588;cdd:cd21589;cdd:cd21590;cdd:cd21591;cdd:cd21592;cdd:cd21593;cdd:cd21596;cdd:cd23168;cdd:cd23172;cdd:cd23186;cdd:cd23187;cdd:cd23189	0.9958	0.8492	CDD_direct_multi_root	curated_root_transferred
c.0016	cdd_transfer:rvmt_broad::c.0016:modern_structural:E	modern_structural:E	CDD conserved polymerase motif E	354;355;356;357;358;359;360;361;362;363;364;365	cdd:cd21530;cdd:cd21587;cdd:cd21588;cdd:cd21589;cdd:cd21590;cdd:cd21591;cdd:cd21592;cdd:cd21593;cdd:cd21596	0.9630	1.0000	CDD_direct_multi_root	curated_root_transferred
c.0016	cdd_transfer:rvmt_broad::c.0016:modern_structural:F	modern_structural:F	CDD conserved polymerase motif F	115;116;117;118;119;120;121;122;123;124;125;126;132;133;134;135;136;137;138;139;140;141;142	cdd:cd21530;cdd:cd21587;cdd:cd21588;cdd:cd21589;cdd:cd21590;cdd:cd21591;cdd:cd21592;cdd:cd21593;cdd:cd21596;cdd:cd23168;cdd:cd23186;cdd:cd23187;cdd:cd23189;cdd:cd23190	0.9970	0.9286	CDD_direct_multi_root	curated_root_transferred
c.0017	cdd_transfer:rvmt_broad::c.0017:modern_structural:F	modern_structural:F	CDD conserved polymerase motif F	140;141;142;143;144;145;146;147;148;149;150;151;152;153;155;156;157;158;159;160;161	cdd:cd23193;cdd:cd23194;cdd:cd23210;cdd:cd23211	0.9659	0.5795	CDD_direct_multi_root	curated_root_transferred
c.0018.base-Duplopi	cdd_transfer:rvmt_broad::c.0018.base-Duplopi:modern_structural:A	modern_structural:A	CDD conserved polymerase motif A	178;179;180;181;182;183;184;185;186;187;188;189;190;191;192	cdd:cd23185	1.0000	0.7500	CDD_direct_single_root	curated_root_transferred
c.0018.base-Duplopi	cdd_transfer:rvmt_broad::c.0018.base-Duplopi:modern_structural:F	modern_structural:F	CDD conserved polymerase motif F	108;109;110;111;112;113;114;115;121;122;123;124;125;126	cdd:cd23185	1.0000	0.6667	CDD_direct_single_root	curated_root_transferred
c.0019.base-Toluca	cdd_transfer:rvmt_broad::c.0019.base-Toluca:modern_structural:B	modern_structural:B	CDD conserved polymerase motif B	242;243;244;245;246;247;248;249;250;251;252;253;254;255;256;257;258;259;260;261;262;263;264;265	cdd:cd23201;cdd:cd23233;cdd:cd23234;cdd:cd23235;cdd:cd23236;cdd:cd23237;cdd:cd23239;cdd:cd23240;cdd:cd23241;cdd:cd23242;cdd:cd23243;cdd:cd23244	0.9965	0.8681	CDD_direct_multi_root	curated_root_transferred
c.0019.base-Toluca	cdd_transfer:rvmt_broad::c.0019.base-Toluca:modern_structural:C	modern_structural:C	CDD conserved polymerase motif C	275;276;277;278;279;280;281;282;283;284;285;286;287;288	cdd:cd23201	0.9333	0.8571	CDD_direct_single_root	curated_root_transferred
c.0019.base-Toluca	cdd_transfer:rvmt_broad::c.0019.base-Toluca:modern_structural:F	modern_structural:F	CDD conserved polymerase motif F	101;102;103;104;105;106;107;108;109;110;111;112;113;114;115;117;118;119;120;121;122;123;124	cdd:cd23201	0.8214	0.6667	CDD_direct_single_root	curated_root_transferred
c.0020.base-Toluca	cdd_transfer:rvmt_broad::c.0020.base-Toluca:modern_structural:A	modern_structural:A	CDD conserved polymerase motif A	222;223;224;225;226;227;228;229;230;231;232;233;234;235;236	cdd:cd23206;cdd:cd23233;cdd:cd23234;cdd:cd23235;cdd:cd23236;cdd:cd23237;cdd:cd23238;cdd:cd23239;cdd:cd23240;cdd:cd23241;cdd:cd23242;cdd:cd23243;cdd:cd23244;cdd:cd23254	1.0000	0.7331	CDD_direct_multi_root	curated_root_transferred
c.0020.base-Toluca	cdd_transfer:rvmt_broad::c.0020.base-Toluca:modern_structural:B	modern_structural:B	CDD conserved polymerase motif B	291;292;293;294;295;296;297;298;299;300;301;302;303;304;305;306;307;308;309;310;311;312;313;314	cdd:cd23174;cdd:cd23233;cdd:cd23234;cdd:cd23236;cdd:cd23237;cdd:cd23239;cdd:cd23242;cdd:cd23243;cdd:cd23244;cdd:cd23254	1.0000	0.8583	CDD_direct_multi_root	curated_root_transferred
c.0020.base-Toluca	cdd_transfer:rvmt_broad::c.0020.base-Toluca:modern_structural:C	modern_structural:C	CDD conserved polymerase motif C	330;331;332;333;334;335;336;337;338;339;340;341;342;343;344	cdd:cd23169;cdd:cd23174;cdd:cd23179;cdd:cd23193;cdd:cd23206;cdd:cd23233;cdd:cd23234;cdd:cd23235;cdd:cd23236;cdd:cd23237;cdd:cd23238;cdd:cd23239;cdd:cd23240;cdd:cd23241;cdd:cd23242;cdd:cd23243;cdd:cd23244;cdd:cd23251;cdd:cd23253;cdd:cd23254	0.9967	0.6908	CDD_direct_multi_root	curated_root_transferred
c.0021.base-Toluca	cdd_transfer:rvmt_broad::c.0021.base-Toluca:modern_structural:A	modern_structural:A	CDD conserved polymerase motif A	185;186;187;188;189;190;191;192;193;194;195;196;197;198;199	cdd:cd23173;cdd:cd23174;cdd:cd23178;cdd:cd23179;cdd:cd23208;cdd:cd23250;cdd:cd23251;cdd:cd23252;cdd:cd23253;cdd:cd23254;cdd:cd23255	1.0000	0.7128	CDD_direct_multi_root	curated_root_transferred
c.0021.base-Toluca	cdd_transfer:rvmt_broad::c.0021.base-Toluca:modern_structural:B	modern_structural:B	CDD conserved polymerase motif B	248;249;250;251;252;253;254;255;256;257;258;259;260;261;262;263;264;265;266;267;268;269;270;271	cdd:cd23173;cdd:cd23174;cdd:cd23178;cdd:cd23179;cdd:cd23203;cdd:cd23206;cdd:cd23208;cdd:cd23233;cdd:cd23234;cdd:cd23235;cdd:cd23236;cdd:cd23237;cdd:cd23238;cdd:cd23239;cdd:cd23240;cdd:cd23241;cdd:cd23242;cdd:cd23243;cdd:cd23244;cdd:cd23250;cdd:cd23251;cdd:cd23252;cdd:cd23253;cdd:cd23254;cdd:cd23255	0.9967	0.7228	CDD_direct_multi_root	curated_root_transferred
c.0021.base-Toluca	cdd_transfer:rvmt_broad::c.0021.base-Toluca:modern_structural:C	modern_structural:C	CDD conserved polymerase motif C	283;284;285;286;287;288;289;290;291;292;293;294;295;296;297	cdd:cd23174;cdd:cd23179;cdd:cd23203;cdd:cd23233;cdd:cd23234;cdd:cd23235;cdd:cd23236;cdd:cd23237;cdd:cd23238;cdd:cd23239;cdd:cd23240;cdd:cd23241;cdd:cd23242;cdd:cd23243;cdd:cd23244;cdd:cd23252	0.9917	0.6943	CDD_direct_multi_root	curated_root_transferred
c.0021.base-Toluca	cdd_transfer:rvmt_broad::c.0021.base-Toluca:modern_structural:F	modern_structural:F	CDD conserved polymerase motif F	106;107;108;109;110;111;112;113;114;115;122;123;124;125;126;127;128;129	cdd:cd23203	0.9000	0.9000	CDD_direct_single_root	curated_root_transferred
c.0022.base-Toluca	cdd_transfer:rvmt_broad::c.0022.base-Toluca:modern_structural:A	modern_structural:A	CDD conserved polymerase motif A	179;180;181;182;183;184;185;186;187;188;189;190;191;192;193	cdd:cd23174;cdd:cd23179;cdd:cd23206;cdd:cd23208;cdd:cd23233;cdd:cd23234;cdd:cd23235;cdd:cd23236;cdd:cd23237;cdd:cd23238;cdd:cd23239;cdd:cd23240;cdd:cd23241;cdd:cd23242;cdd:cd23243;cdd:cd23244;cdd:cd23251	1.0000	0.7615	CDD_direct_multi_root	curated_root_transferred
c.0022.base-Toluca	cdd_transfer:rvmt_broad::c.0022.base-Toluca:modern_structural:B	modern_structural:B	CDD conserved polymerase motif B	237;238;239;240;241;242;243;244;245;246;247;248;249;250;251;252;253;254;255;256;257;258;259;260	cdd:cd23174;cdd:cd23179;cdd:cd23206;cdd:cd23208;cdd:cd23233;cdd:cd23234;cdd:cd23235;cdd:cd23236;cdd:cd23237;cdd:cd23239;cdd:cd23240;cdd:cd23241;cdd:cd23242;cdd:cd23243;cdd:cd23244;cdd:cd23255	1.0000	0.7853	CDD_direct_multi_root	curated_root_transferred
c.0022.base-Toluca	cdd_transfer:rvmt_broad::c.0022.base-Toluca:modern_structural:C	modern_structural:C	CDD conserved polymerase motif C	270;271;272;273;274;275;276;277;278;279;280;281;282;283;284	cdd:cd23174;cdd:cd23233;cdd:cd23234;cdd:cd23235;cdd:cd23236;cdd:cd23237;cdd:cd23238;cdd:cd23239;cdd:cd23240;cdd:cd23241;cdd:cd23242;cdd:cd23243;cdd:cd23244;cdd:cd23251	1.0000	0.6518	CDD_direct_multi_root	curated_root_transferred
c.0023.base-Magsa	cdd_transfer:rvmt_broad::c.0023.base-Magsa:modern_structural:A	modern_structural:A	CDD conserved polymerase motif A	153;154;155;156;157;158;159;160;161;162;163;164;165;166;167	cdd:cd23173;cdd:cd23174;cdd:cd23179;cdd:cd23205;cdd:cd23206;cdd:cd23233;cdd:cd23234;cdd:cd23235;cdd:cd23236;cdd:cd23237;cdd:cd23238;cdd:cd23239;cdd:cd23240;cdd:cd23241;cdd:cd23242;cdd:cd23243;cdd:cd23244;cdd:cd23253;cdd:cd23255	0.9895	0.7727	CDD_direct_multi_root	curated_root_transferred
c.0023.base-Magsa	cdd_transfer:rvmt_broad::c.0023.base-Magsa:modern_structural:B	modern_structural:B	CDD conserved polymerase motif B	212;213;214;215;216;217;218;219;220;221;222;223;224;225;226;227;228;229;230;231;232	cdd:cd23173;cdd:cd23174;cdd:cd23179;cdd:cd23206;cdd:cd23233;cdd:cd23234;cdd:cd23235;cdd:cd23236;cdd:cd23237;cdd:cd23238;cdd:cd23239;cdd:cd23240;cdd:cd23241;cdd:cd23242;cdd:cd23243;cdd:cd23244;cdd:cd23253;cdd:cd23255	0.8773	0.8437	CDD_direct_multi_root	curated_root_transferred
c.0023.base-Magsa	cdd_transfer:rvmt_broad::c.0023.base-Magsa:modern_structural:C	modern_structural:C	CDD conserved polymerase motif C	238;239;240;241;242;243;244;245;246;247;248;249;250;251;252;253	cdd:cd23174;cdd:cd23179;cdd:cd23233;cdd:cd23234;cdd:cd23235;cdd:cd23236;cdd:cd23237;cdd:cd23238;cdd:cd23239;cdd:cd23240;cdd:cd23241;cdd:cd23242;cdd:cd23243;cdd:cd23244;cdd:cd23253	0.9778	0.6398	CDD_direct_multi_root	curated_root_transferred
c.0024	cdd_transfer:rvmt_broad::c.0024:modern_structural:A	modern_structural:A	CDD conserved polymerase motif A	192;193;194;195;196;197;198;199;200;201;202;203;204;205;206	cdd:cd23173;cdd:cd23174;cdd:cd23206;cdd:cd23234;cdd:cd23236;cdd:cd23237;cdd:cd23238;cdd:cd23239;cdd:cd23240;cdd:cd23241;cdd:cd23242;cdd:cd23243;cdd:cd23244;cdd:cd23255	0.9714	0.7153	CDD_direct_multi_root	curated_root_transferred
c.0024	cdd_transfer:rvmt_broad::c.0024:modern_structural:B	modern_structural:B	CDD conserved polymerase motif B	259;260;261;262;263;264;265;266;267;268;269;270;271;272;273;274;275;276;277;278;279;280;281;282	cdd:cd23173;cdd:cd23174;cdd:cd23179;cdd:cd23206;cdd:cd23234;cdd:cd23236;cdd:cd23237;cdd:cd23238;cdd:cd23239;cdd:cd23240;cdd:cd23241;cdd:cd23242;cdd:cd23243;cdd:cd23244;cdd:cd23255	1.0000	0.7265	CDD_direct_multi_root	curated_root_transferred
c.0024	cdd_transfer:rvmt_broad::c.0024:modern_structural:C	modern_structural:C	CDD conserved polymerase motif C	298;299;300;301;302;303;304;305;306;307;308;309;310;311;312	cdd:cd23173;cdd:cd23174;cdd:cd23179;cdd:cd23206;cdd:cd23234;cdd:cd23236;cdd:cd23237;cdd:cd23238;cdd:cd23239;cdd:cd23240;cdd:cd23241;cdd:cd23242;cdd:cd23243;cdd:cd23244	1.0000	0.6627	CDD_direct_multi_root	curated_root_transferred
c.0026	cdd_transfer:rvmt_broad::c.0026:modern_structural:A	modern_structural:A	CDD conserved polymerase motif A	181;182;183;184;185;186;187;188;189;190;191;192;193;194;195	cdd:cd23173;cdd:cd23174;cdd:cd23207	1.0000	0.7778	CDD_direct_multi_root	curated_root_transferred
c.0026	cdd_transfer:rvmt_broad::c.0026:modern_structural:B	modern_structural:B	CDD conserved polymerase motif B	243;244;245;246;247;248;249;250;251;252;253;254;255;256;257;258;259;260;261;262;263;264;265;266	cdd:cd23173;cdd:cd23174	1.0000	0.8393	CDD_direct_multi_root	curated_root_transferred
c.0027	cdd_transfer:rvmt_broad::c.0027:modern_structural:A	modern_structural:A	CDD conserved polymerase motif A	177;178;179;180;181;182;183;184;185;186;187;188;189;190;191	cdd:cd23174;cdd:cd23179	1.0000	0.6970	CDD_direct_multi_root	curated_root_transferred
c.0027	cdd_transfer:rvmt_broad::c.0027:modern_structural:B	modern_structural:B	CDD conserved polymerase motif B	240;241;242;243;244;245;246;247;248;249;250;251;252;253;254;255;256;257;258;259;260;261;262;263;264;265;266;267;268	cdd:cd23174;cdd:cd23179	1.0000	0.7894	CDD_direct_multi_root	curated_root_transferred
c.0027	cdd_transfer:rvmt_broad::c.0027:modern_structural:C	modern_structural:C	CDD conserved polymerase motif C	277;278;279;280;281;282;283;284;285;286;287;288;289;290;291;292	cdd:cd23174;cdd:cd23179	1.0000	0.7833	CDD_direct_multi_root	curated_root_transferred
c.0028	cdd_transfer:rvmt_broad::c.0028:modern_structural:A	modern_structural:A	CDD conserved polymerase motif A	174;175;176;177;178;179;180;181;182;183;184;185;186;187;188	cdd:cd23172;cdd:cd23173;cdd:cd23192;cdd:cd23206;cdd:cd23233;cdd:cd23234;cdd:cd23237;cdd:cd23238;cdd:cd23239;cdd:cd23240;cdd:cd23241;cdd:cd23242;cdd:cd23243;cdd:cd23244;cdd:cd23252;cdd:cd23253;cdd:cd23254;cdd:cd23255;cdd:cd23256	0.9965	0.7763	CDD_direct_multi_root	curated_root_transferred
c.0028	cdd_transfer:rvmt_broad::c.0028:modern_structural:B	modern_structural:B	CDD conserved polymerase motif B	234;235;236;237;238;239;240;241;242;243;244;245;246;247;248;249;250;251;252;253;254;255;256;257	cdd:cd23172;cdd:cd23173;cdd:cd23174;cdd:cd23179;cdd:cd23192;cdd:cd23203;cdd:cd23206;cdd:cd23233;cdd:cd23234;cdd:cd23237;cdd:cd23238;cdd:cd23239;cdd:cd23240;cdd:cd23241;cdd:cd23242;cdd:cd23243;cdd:cd23244;cdd:cd23252;cdd:cd23253;cdd:cd23254;cdd:cd23255;cdd:cd23256	1.0000	0.7984	CDD_direct_multi_root	curated_root_transferred
c.0028	cdd_transfer:rvmt_broad::c.0028:modern_structural:C	modern_structural:C	CDD conserved polymerase motif C	271;272;273;274;275;276;277;278;279;280;281;282;283;284;285	cdd:cd23174;cdd:cd23208;cdd:cd23233;cdd:cd23234;cdd:cd23237;cdd:cd23238;cdd:cd23239;cdd:cd23240;cdd:cd23241;cdd:cd23242;cdd:cd23243;cdd:cd23244;cdd:cd23252;cdd:cd23253;cdd:cd23254;cdd:cd23256	0.9958	0.7266	CDD_direct_multi_root	curated_root_transferred
c.0029	cdd_transfer:rvmt_broad::c.0029:modern_structural:A	modern_structural:A	CDD conserved polymerase motif A	192;193;194;195;196;197;198;199;200;201;202;203;204;205;206	cdd:cd23206;cdd:cd23234;cdd:cd23237;cdd:cd23239;cdd:cd23241;cdd:cd23242;cdd:cd23243;cdd:cd23244	1.0000	0.6094	CDD_direct_multi_root	curated_root_transferred
c.0029	cdd_transfer:rvmt_broad::c.0029:modern_structural:B	modern_structural:B	CDD conserved polymerase motif B	259;260;261;262;263;264;265;266;267;268;269;270;271;272;273;274;275;276;277;278;279;280;281;282	cdd:cd23206;cdd:cd23234;cdd:cd23237;cdd:cd23239;cdd:cd23241;cdd:cd23242;cdd:cd23243;cdd:cd23244	1.0000	0.8438	CDD_direct_multi_root	curated_root_transferred
c.0029	cdd_transfer:rvmt_broad::c.0029:modern_structural:C	modern_structural:C	CDD conserved polymerase motif C	296;297;298;299;300;301;302;303;304;305;306;307;308;309;310;311	cdd:cd23234;cdd:cd23237;cdd:cd23239;cdd:cd23244	1.0000	0.6250	CDD_direct_multi_root	curated_root_transferred
c.0031	cdd_transfer:rvmt_broad::c.0031:modern_structural:F	modern_structural:F	CDD conserved polymerase motif F	118;119;120;121;122;123;124;134;135;136;137;138;139;140	cdd:cd23169	0.9333	0.7143	CDD_direct_single_root	curated_root_transferred
c.0032	cdd_transfer:rvmt_broad::c.0032:modern_structural:A	modern_structural:A	CDD conserved polymerase motif A	189;190;191;192;193;194;195;196;197;198;199;200;201;202;203	cdd:cd23255	1.0000	0.6250	CDD_direct_single_root	curated_root_transferred
c.0033	cdd_transfer:rvmt_broad::c.0033:modern_structural:F	modern_structural:F	CDD conserved polymerase motif F	124;125;126;127;128;129;130;131;132;133;134;135;137;138;139;140;141;142;143;144;145;146;147	cdd:cd23193;cdd:cd23230	1.0000	0.6098	CDD_direct_multi_root	curated_root_transferred
c.0034	cdd_transfer:rvmt_broad::c.0034:modern_structural:A	modern_structural:A	CDD conserved polymerase motif A	178;179;180;181;182;183;184;185;186;187;188;189;190;191;192	cdd:cd23203;cdd:cd23206;cdd:cd23233;cdd:cd23234;cdd:cd23239;cdd:cd23240;cdd:cd23244	1.0000	0.6627	CDD_direct_multi_root	curated_root_transferred
c.0034	cdd_transfer:rvmt_broad::c.0034:modern_structural:B	modern_structural:B	CDD conserved polymerase motif B	245;246;247;248;249;250;251;252;253;254;255;256;257;258;259;260;261;262;263;264;265;266;267;268	cdd:cd23203;cdd:cd23206;cdd:cd23233;cdd:cd23234;cdd:cd23239;cdd:cd23240;cdd:cd23244	1.0000	0.6685	CDD_direct_multi_root	curated_root_transferred
c.0036	cdd_transfer:rvmt_broad::c.0036:modern_structural:A	modern_structural:A	CDD conserved polymerase motif A	180;181;182;183;184;185;186;187;188;189;190;191;192;193;194	cdd:cd23173;cdd:cd23206;cdd:cd23208;cdd:cd23253	0.9500	0.7083	CDD_direct_multi_root	curated_root_transferred
c.0036	cdd_transfer:rvmt_broad::c.0036:modern_structural:B	modern_structural:B	CDD conserved polymerase motif B	241;242;243;244;245;246;247;248;249;250;251;252;253;254;255;256;257;258;259;260;261;262;263;264	cdd:cd23206;cdd:cd23253	1.0000	0.7917	CDD_direct_multi_root	curated_root_transferred
c.0037	cdd_transfer:rvmt_broad::c.0037:modern_structural:B	modern_structural:B	CDD conserved polymerase motif B	253;254;255;256;257;258;259;260;261;262;263;264;265;266;267;268;269;271;272;273;274;275;276	cdd:cd23169	1.0000	1.0000	CDD_direct_single_root	curated_root_transferred
c.0038	cdd_transfer:rvmt_broad::c.0038:modern_structural:A	modern_structural:A	CDD conserved polymerase motif A	188;189;190;191;192;193;194;195;196;197;198;199;200;201;202	cdd:cd23174	1.0000	1.0000	CDD_direct_single_root	curated_root_transferred
c.0038	cdd_transfer:rvmt_broad::c.0038:modern_structural:B	modern_structural:B	CDD conserved polymerase motif B	255;256;257;258;259;260;261;262;263;264;265;266;267;268;269;270;271;272;273;274;275;276;277;278	cdd:cd23174	1.0000	0.6875	CDD_direct_single_root	curated_root_transferred
c.0038	cdd_transfer:rvmt_broad::c.0038:modern_structural:C	modern_structural:C	CDD conserved polymerase motif C	293;294;295;296;297;298;299;300;301;302;303;304;305;306;307	cdd:cd23174;cdd:cd23179;cdd:cd23251	1.0000	0.7955	CDD_direct_multi_root	curated_root_transferred
c.0039	cdd_transfer:rvmt_broad::c.0039:modern_structural:A	modern_structural:A	CDD conserved polymerase motif A	206;207;208;209;210;211;212;213;214;215;216;217;218;219;220	cdd:cd23255	1.0000	0.6000	CDD_direct_single_root	curated_root_transferred
c.0039	cdd_transfer:rvmt_broad::c.0039:modern_structural:B	modern_structural:B	CDD conserved polymerase motif B	270;271;272;273;274;275;276;277;278;279;280;281;282;283;284;285;286;287;288;289;290;291;292;293	cdd:cd23255	1.0000	0.7500	CDD_direct_single_root	curated_root_transferred
c.0040	cdd_transfer:rvmt_broad::c.0040:modern_structural:B	modern_structural:B	CDD conserved polymerase motif B	242;243;244;245;246;247;248;249;250;251;252;253;254;255;256;257;258;259;260;261;262;263;264;265	cdd:cd23173	1.0000	0.8333	CDD_direct_single_root	curated_root_transferred
c.0040	cdd_transfer:rvmt_broad::c.0040:modern_structural:C	modern_structural:C	CDD conserved polymerase motif C	280;281;282;283;284;285;286;287;288;289;290;291;292;293;294	cdd:cd23173;cdd:cd23193	1.0000	0.7321	CDD_direct_multi_root	curated_root_transferred
c.0041.base-Chrymoti	cdd_transfer:rvmt_broad::c.0041.base-Chrymoti:modern_structural:B	modern_structural:B	CDD conserved polymerase motif B	235;236;237;238;239;240;241;242;243;244;245;246;247;248;249;250;251;253;254;255;256;257;258	cdd:cd23193	1.0000	0.9231	CDD_direct_single_root	curated_root_transferred
c.0061.base-Levi	cdd_transfer:rvmt_broad::c.0061.base-Levi:modern_structural:A	modern_structural:A	CDD conserved polymerase motif A	187;188;189;190;191;192;193;194;195;196;197;198;199;200;201	cdd:cd23176	1.0000	0.8333	CDD_direct_single_root	curated_root_transferred
c.0061.base-Levi	cdd_transfer:rvmt_broad::c.0061.base-Levi:modern_structural:B	modern_structural:B	CDD conserved polymerase motif B	240;241;242;243;244;245;246;247;248;249;250;251;252;253;254;255;256;258;259;260;261;262;263	cdd:cd23176	1.0000	0.5882	CDD_direct_single_root	curated_root_transferred
c.0061.base-Levi	cdd_transfer:rvmt_broad::c.0061.base-Levi:modern_structural:C	modern_structural:C	CDD conserved polymerase motif C	278;279;280;281;282;283;284;285;286;287;288;289;290;291	cdd:cd23176	0.9333	0.7778	CDD_direct_single_root	curated_root_transferred
c.0061.base-Levi	cdd_transfer:rvmt_broad::c.0061.base-Levi:modern_structural:F	modern_structural:F	CDD conserved polymerase motif F	124;125;126;127;128;129;130;131;132;133;134;135;136;137;138	cdd:cd23176	1.0000	0.5455	CDD_direct_single_root	curated_root_transferred
c.0062.base-Levi	cdd_transfer:rvmt_broad::c.0062.base-Levi:modern_structural:A	modern_structural:A	CDD conserved polymerase motif A	141;142;143;144;145;146;147;148;149;150;151;152;153;154;155	cdd:cd23177;cdd:cd23183	1.0000	0.6795	CDD_direct_multi_root	curated_root_transferred
c.0062.base-Levi	cdd_transfer:rvmt_broad::c.0062.base-Levi:modern_structural:B	modern_structural:B	CDD conserved polymerase motif B	199;200;201;202;203;204;205;206;207;208;209;210;211;212;213;214;215;216;217;218;219;220;221;222	cdd:cd23177;cdd:cd23183	1.0000	0.7157	CDD_direct_multi_root	curated_root_transferred
c.0062.base-Levi	cdd_transfer:rvmt_broad::c.0062.base-Levi:modern_structural:C	modern_structural:C	CDD conserved polymerase motif C	236;237;238;239;240;241;242;243;244;245;246;247;248;249;250	cdd:cd23177;cdd:cd23183	1.0000	0.6136	CDD_direct_multi_root	curated_root_transferred
c.0063.base-Howelto	cdd_transfer:rvmt_broad::c.0063.base-Howelto:modern_structural:A	modern_structural:A	CDD conserved polymerase motif A	189;190;191;192;193;194;195;196;197;198;199;200;201;202;203	cdd:cd23183	1.0000	0.8000	CDD_direct_single_root	curated_root_transferred
c.0063.base-Howelto	cdd_transfer:rvmt_broad::c.0063.base-Howelto:modern_structural:B	modern_structural:B	CDD conserved polymerase motif B	249;250;251;252;253;254;255;256;257;258;259;260;261;262;263;264;265;266;267;268;269;270;271;272	cdd:cd23183	1.0000	0.7857	CDD_direct_single_root	curated_root_transferred
c.0063.base-Howelto	cdd_transfer:rvmt_broad::c.0063.base-Howelto:modern_structural:C	modern_structural:C	CDD conserved polymerase motif C	285;286;287;288;289;290;291;292;293;294;295;296;297;298;299	cdd:cd23183	1.0000	0.8889	CDD_direct_single_root	curated_root_transferred
c.0066.base-Howelto	cdd_transfer:rvmt_broad::c.0066.base-Howelto:modern_structural:A	modern_structural:A	CDD conserved polymerase motif A	134;135;136;137;138;139;140;141;142;143;144;145;146;147;148	cdd:cd23176	1.0000	0.7500	CDD_direct_single_root	curated_root_transferred
c.0066.base-Howelto	cdd_transfer:rvmt_broad::c.0066.base-Howelto:modern_structural:B	modern_structural:B	CDD conserved polymerase motif B	188;189;190;191;192;193;194;195;196;197;198;199;200;201;202;203;204;206;207;208;209;210;211	cdd:cd23176	1.0000	0.5263	CDD_direct_single_root	curated_root_transferred
c.0066.base-Howelto	cdd_transfer:rvmt_broad::c.0066.base-Howelto:modern_structural:C	modern_structural:C	CDD conserved polymerase motif C	216;217;218;219;220;221;222;223;224;225;226;227;228;229;230	cdd:cd23176	1.0000	0.8000	CDD_direct_single_root	curated_root_transferred
c.0067.base-Howelto	cdd_transfer:rvmt_broad::c.0067.base-Howelto:modern_structural:A	modern_structural:A	CDD conserved polymerase motif A	151;152;153;154;155;156;157;158;159;160;161;162;163;164;165	cdd:cd23177;cdd:cd23183	1.0000	0.7841	CDD_direct_multi_root	curated_root_transferred
c.0067.base-Howelto	cdd_transfer:rvmt_broad::c.0067.base-Howelto:modern_structural:B	modern_structural:B	CDD conserved polymerase motif B	211;212;213;214;215;216;217;218;219;220;221;222;223;224;225;226;227;228;229;230;231;232;233;234	cdd:cd23177;cdd:cd23183	1.0000	0.6722	CDD_direct_multi_root	curated_root_transferred
c.0067.base-Howelto	cdd_transfer:rvmt_broad::c.0067.base-Howelto:modern_structural:C	modern_structural:C	CDD conserved polymerase motif C	239;240;241;242;248;249;250;251;252;253;254;255;256;257	cdd:cd23177;cdd:cd23183	0.9333	0.6833	CDD_direct_multi_root	curated_root_transferred
c.0069.base-Howelto	cdd_transfer:rvmt_broad::c.0069.base-Howelto:modern_structural:A	modern_structural:A	CDD conserved polymerase motif A	153;154;155;156;157;158;159;160;161;162;163;164;165;166;167	cdd:cd23183	1.0000	0.8889	CDD_direct_single_root	curated_root_transferred
c.0069.base-Howelto	cdd_transfer:rvmt_broad::c.0069.base-Howelto:modern_structural:B	modern_structural:B	CDD conserved polymerase motif B	209;210;211;212;213;214;215;216;217;218;219;220;221;222;223;224;225;226;227;228;229;230;231;232	cdd:cd23183	1.0000	0.6154	CDD_direct_single_root	curated_root_transferred
c.0069.base-Howelto	cdd_transfer:rvmt_broad::c.0069.base-Howelto:modern_structural:C	modern_structural:C	CDD conserved polymerase motif C	238;239;240;248;249;250;251;252;253;254;255;256;257	cdd:cd23183	0.8667	0.8750	CDD_direct_single_root	curated_root_transferred
c.0071.base-Howelto	cdd_transfer:rvmt_broad::c.0071.base-Howelto:modern_structural:A	modern_structural:A	CDD conserved polymerase motif A	158;159;160;161;162;163;164;165;166;167;168;169;170;171;172	cdd:cd23183	1.0000	0.8000	CDD_direct_single_root	curated_root_transferred
c.0071.base-Howelto	cdd_transfer:rvmt_broad::c.0071.base-Howelto:modern_structural:B	modern_structural:B	CDD conserved polymerase motif B	214;215;216;217;218;219;220;221;222;223;224;225;226;227;228;229;230;231;232;233;234;235;236;237	cdd:cd23183	1.0000	0.6667	CDD_direct_single_root	curated_root_transferred
c.0071.base-Howelto	cdd_transfer:rvmt_broad::c.0071.base-Howelto:modern_structural:C	modern_structural:C	CDD conserved polymerase motif C	243;244;245;251;252;253;254;255;256;257;258;259;260;261	cdd:cd23183	0.9333	0.8750	CDD_direct_single_root	curated_root_transferred
c.0072.base-Howelto	cdd_transfer:rvmt_broad::c.0072.base-Howelto:modern_structural:A	modern_structural:A	CDD conserved polymerase motif A	119;120;121;122;123;124;125;126;127;128;129;130;131;132;133	cdd:cd23183	1.0000	0.9091	CDD_direct_single_root	curated_root_transferred
c.0072.base-Howelto	cdd_transfer:rvmt_broad::c.0072.base-Howelto:modern_structural:B	modern_structural:B	CDD conserved polymerase motif B	175;176;177;178;179;180;181;182;183;184;185;186;187;188;189;190;191;192;193;194;195;196;197;198	cdd:cd23183	1.0000	0.7143	CDD_direct_single_root	curated_root_transferred
c.0072.base-Howelto	cdd_transfer:rvmt_broad::c.0072.base-Howelto:modern_structural:C	modern_structural:C	CDD conserved polymerase motif C	208;209;210;211;212;213;214;215;216;217;218;219;220	cdd:cd23183	0.8667	0.8182	CDD_direct_single_root	curated_root_transferred
f.0001.base-Ifla	cdd_transfer:rvmt_broad::f.0001.base-Ifla:modern_structural:A	modern_structural:A	CDD conserved polymerase motif A	212;213;214;215;216;217;218;219;220;221;222;223;224;225;226	cdd:cd23171;cdd:cd23192;cdd:cd23193;cdd:cd23194;cdd:cd23195;cdd:cd23196;cdd:cd23197;cdd:cd23198;cdd:cd23200;cdd:cd23211;cdd:cd23213;cdd:cd23218;cdd:cd23219;cdd:cd23225;cdd:cd23226;cdd:cd23227;cdd:cd23229	0.9843	0.5910	CDD_direct_multi_root	curated_root_transferred
f.0001.base-Ifla	cdd_transfer:rvmt_broad::f.0001.base-Ifla:modern_structural:B	modern_structural:B	CDD conserved polymerase motif B	280;281;282;283;284;285;286;287;288;289;290;291;292;293;294;295;296;297;298;299;300;301;302;303	cdd:cd23169;cdd:cd23171;cdd:cd23192;cdd:cd23194;cdd:cd23195;cdd:cd23196;cdd:cd23197;cdd:cd23198;cdd:cd23200;cdd:cd23211;cdd:cd23213;cdd:cd23218;cdd:cd23219;cdd:cd23223;cdd:cd23225;cdd:cd23226;cdd:cd23227;cdd:cd23229	1.0000	0.7212	CDD_direct_multi_root	curated_root_transferred
f.0001.base-Ifla	cdd_transfer:rvmt_broad::f.0001.base-Ifla:modern_structural:C	modern_structural:C	CDD conserved polymerase motif C	330;331;332;333;334;335;336;337;338;339;340;341;342;343;344	cdd:cd23169;cdd:cd23171;cdd:cd23193;cdd:cd23194;cdd:cd23195;cdd:cd23196;cdd:cd23197;cdd:cd23198;cdd:cd23200;cdd:cd23211;cdd:cd23213;cdd:cd23218;cdd:cd23219;cdd:cd23223;cdd:cd23225;cdd:cd23226;cdd:cd23227;cdd:cd23229	1.0000	0.7944	CDD_direct_multi_root	curated_root_transferred
f.0001.base-Ifla	cdd_transfer:rvmt_broad::f.0001.base-Ifla:modern_structural:F	modern_structural:F	CDD conserved polymerase motif F	135;136;137;138;139;140;141;142;143;144;145;146;147;148;149;150;151;152	cdd:cd23169;cdd:cd23192;cdd:cd23193;cdd:cd23194;cdd:cd23195;cdd:cd23197;cdd:cd23211;cdd:cd23213;cdd:cd23218;cdd:cd23219;cdd:cd23223;cdd:cd23225;cdd:cd23226;cdd:cd23227;cdd:cd23229	0.8332	0.6675	CDD_direct_multi_root	curated_root_transferred
f.0002.base-Ifla	cdd_transfer:rvmt_broad::f.0002.base-Ifla:modern_structural:A	modern_structural:A	CDD conserved polymerase motif A	221;222;223;224;225;226;227;228;229;230;231;232;233;234;235	cdd:cd23171;cdd:cd23172;cdd:cd23173;cdd:cd23175;cdd:cd23192;cdd:cd23193;cdd:cd23194;cdd:cd23195;cdd:cd23196;cdd:cd23197;cdd:cd23198;cdd:cd23199;cdd:cd23200;cdd:cd23210;cdd:cd23211;cdd:cd23212;cdd:cd23214;cdd:cd23215;cdd:cd23216;cdd:cd23217;cdd:cd23218;cdd:cd23219;cdd:cd23220;cdd:cd23221;cdd:cd23222;cdd:cd23223;cdd:cd23224;cdd:cd23225;cdd:cd23226;cdd:cd23227;cdd:cd23228;cdd:cd23229;cdd:cd23230;cdd:cd23231;cdd:cd23232	1.0000	0.6747	CDD_direct_multi_root	curated_root_transferred
f.0002.base-Ifla	cdd_transfer:rvmt_broad::f.0002.base-Ifla:modern_structural:B	modern_structural:B	CDD conserved polymerase motif B	289;290;291;292;293;294;295;296;297;298;299;300;301;302;303;304;305;306;307;308;309;310;311;312	cdd:cd23169;cdd:cd23171;cdd:cd23172;cdd:cd23173;cdd:cd23175;cdd:cd23192;cdd:cd23193;cdd:cd23194;cdd:cd23195;cdd:cd23196;cdd:cd23197;cdd:cd23198;cdd:cd23199;cdd:cd23200;cdd:cd23210;cdd:cd23211;cdd:cd23212;cdd:cd23213;cdd:cd23214;cdd:cd23215;cdd:cd23216;cdd:cd23217;cdd:cd23218;cdd:cd23219;cdd:cd23220;cdd:cd23221;cdd:cd23222;cdd:cd23223;cdd:cd23224;cdd:cd23225;cdd:cd23226;cdd:cd23227;cdd:cd23228;cdd:cd23229;cdd:cd23230;cdd:cd23231;cdd:cd23232	0.9955	0.7401	CDD_direct_multi_root	curated_root_transferred
f.0002.base-Ifla	cdd_transfer:rvmt_broad::f.0002.base-Ifla:modern_structural:C	modern_structural:C	CDD conserved polymerase motif C	330;331;332;333;334;335;336;337;338;339;340;341;342;343;344	cdd:cd23169;cdd:cd23171;cdd:cd23173;cdd:cd23175;cdd:cd23193;cdd:cd23194;cdd:cd23195;cdd:cd23196;cdd:cd23197;cdd:cd23198;cdd:cd23199;cdd:cd23200;cdd:cd23211;cdd:cd23212;cdd:cd23213;cdd:cd23214;cdd:cd23215;cdd:cd23216;cdd:cd23217;cdd:cd23218;cdd:cd23219;cdd:cd23220;cdd:cd23221;cdd:cd23222;cdd:cd23223;cdd:cd23224;cdd:cd23225;cdd:cd23226;cdd:cd23227;cdd:cd23228;cdd:cd23229;cdd:cd23230;cdd:cd23231;cdd:cd23232	0.9980	0.8527	CDD_direct_multi_root	curated_root_transferred
f.0002.base-Ifla	cdd_transfer:rvmt_broad::f.0002.base-Ifla:modern_structural:F	modern_structural:F	CDD conserved polymerase motif F	146;147;148;149;150;151;152;153;154;155;156;157;158;159;160;161;162;163;164;165;166;167	cdd:cd23169;cdd:cd23192;cdd:cd23193;cdd:cd23194;cdd:cd23195;cdd:cd23196;cdd:cd23197;cdd:cd23198;cdd:cd23199;cdd:cd23200;cdd:cd23210;cdd:cd23211;cdd:cd23212;cdd:cd23213;cdd:cd23214;cdd:cd23215;cdd:cd23216;cdd:cd23217;cdd:cd23218;cdd:cd23219;cdd:cd23220;cdd:cd23221;cdd:cd23222;cdd:cd23223;cdd:cd23224;cdd:cd23225;cdd:cd23226;cdd:cd23227;cdd:cd23228;cdd:cd23229;cdd:cd23230;cdd:cd23231;cdd:cd23232	0.9948	0.7621	CDD_direct_multi_root	curated_root_transferred
f.0003.base-Ifla	cdd_transfer:rvmt_broad::f.0003.base-Ifla:modern_structural:A	modern_structural:A	CDD conserved polymerase motif A	223;224;225;226;227;228;229;230;231;232;233;234;235;236;237	cdd:cd23170;cdd:cd23171;cdd:cd23172;cdd:cd23175;cdd:cd23192;cdd:cd23194;cdd:cd23196;cdd:cd23198;cdd:cd23211;cdd:cd23212;cdd:cd23213;cdd:cd23214;cdd:cd23215;cdd:cd23216;cdd:cd23217;cdd:cd23218;cdd:cd23219;cdd:cd23220;cdd:cd23221;cdd:cd23222;cdd:cd23224;cdd:cd23226;cdd:cd23228;cdd:cd23229;cdd:cd23230;cdd:cd23231	1.0000	0.6348	CDD_direct_multi_root	curated_root_transferred
f.0003.base-Ifla	cdd_transfer:rvmt_broad::f.0003.base-Ifla:modern_structural:B	modern_structural:B	CDD conserved polymerase motif B	290;291;292;293;294;295;296;297;298;299;300;301;302;303;304;305;306;307;308;309;310;311;312;313	cdd:cd23170;cdd:cd23171;cdd:cd23175;cdd:cd23196;cdd:cd23197;cdd:cd23198;cdd:cd23211;cdd:cd23212;cdd:cd23213;cdd:cd23214;cdd:cd23215;cdd:cd23216;cdd:cd23217;cdd:cd23218;cdd:cd23219;cdd:cd23220;cdd:cd23221;cdd:cd23222;cdd:cd23223;cdd:cd23224;cdd:cd23225;cdd:cd23226;cdd:cd23227;cdd:cd23228;cdd:cd23230;cdd:cd23231;cdd:cd23232	0.9969	0.7070	CDD_direct_multi_root	curated_root_transferred
f.0003.base-Ifla	cdd_transfer:rvmt_broad::f.0003.base-Ifla:modern_structural:C	modern_structural:C	CDD conserved polymerase motif C	328;329;330;331;332;333;334;335;336;337;338;339;340;341;342	cdd:cd23170;cdd:cd23193;cdd:cd23194;cdd:cd23196;cdd:cd23197;cdd:cd23198;cdd:cd23199;cdd:cd23211;cdd:cd23212;cdd:cd23213;cdd:cd23214;cdd:cd23215;cdd:cd23216;cdd:cd23217;cdd:cd23218;cdd:cd23219;cdd:cd23220;cdd:cd23221;cdd:cd23222;cdd:cd23223;cdd:cd23224;cdd:cd23225;cdd:cd23226;cdd:cd23227;cdd:cd23228;cdd:cd23229;cdd:cd23230;cdd:cd23231;cdd:cd23232	0.9977	0.8689	CDD_direct_multi_root	curated_root_transferred
f.0003.base-Ifla	cdd_transfer:rvmt_broad::f.0003.base-Ifla:modern_structural:F	modern_structural:F	CDD conserved polymerase motif F	149;150;151;152;153;154;155;156;157;158;159;160;161;162;163;164;165;166;167;168;169;170	cdd:cd23169;cdd:cd23192;cdd:cd23193;cdd:cd23194;cdd:cd23195;cdd:cd23196;cdd:cd23197;cdd:cd23198;cdd:cd23199;cdd:cd23210;cdd:cd23211;cdd:cd23212;cdd:cd23213;cdd:cd23214;cdd:cd23215;cdd:cd23216;cdd:cd23217;cdd:cd23218;cdd:cd23219;cdd:cd23220;cdd:cd23221;cdd:cd23222;cdd:cd23223;cdd:cd23224;cdd:cd23225;cdd:cd23226;cdd:cd23227;cdd:cd23228;cdd:cd23229;cdd:cd23230;cdd:cd23231;cdd:cd23232	0.9947	0.7477	CDD_direct_multi_root	curated_root_transferred
f.0004.base-Seco	cdd_transfer:rvmt_broad::f.0004.base-Seco:modern_structural:A	modern_structural:A	CDD conserved polymerase motif A	83;84;85;86;87;88;89;90;91;92;93;94;95;96;97	cdd:cd23172;cdd:cd23173;cdd:cd23175;cdd:cd23192;cdd:cd23194;cdd:cd23195;cdd:cd23196;cdd:cd23198;cdd:cd23199;cdd:cd23213;cdd:cd23214;cdd:cd23215;cdd:cd23216;cdd:cd23217;cdd:cd23220;cdd:cd23221;cdd:cd23222;cdd:cd23224;cdd:cd23228;cdd:cd23229;cdd:cd23230;cdd:cd23231;cdd:cd23232	1.0000	0.6885	CDD_direct_multi_root	curated_root_transferred
f.0004.base-Seco	cdd_transfer:rvmt_broad::f.0004.base-Seco:modern_structural:B	modern_structural:B	CDD conserved polymerase motif B	163;164;165;166;167;168;169;170;171;172;173;174;175;176;177;178;179;180;181;182;183;184;185;186	cdd:cd23169;cdd:cd23171;cdd:cd23172;cdd:cd23173;cdd:cd23175;cdd:cd23192;cdd:cd23194;cdd:cd23195;cdd:cd23196;cdd:cd23197;cdd:cd23198;cdd:cd23213;cdd:cd23214;cdd:cd23215;cdd:cd23216;cdd:cd23217;cdd:cd23219;cdd:cd23220;cdd:cd23221;cdd:cd23222;cdd:cd23223;cdd:cd23224;cdd:cd23225;cdd:cd23228;cdd:cd23229;cdd:cd23230;cdd:cd23231;cdd:cd23232	0.9836	0.7524	CDD_direct_multi_root	curated_root_transferred
f.0004.base-Seco	cdd_transfer:rvmt_broad::f.0004.base-Seco:modern_structural:C	modern_structural:C	CDD conserved polymerase motif C	201;202;203;204;205;206;207;208;209;210;211;212;213;214;215	cdd:cd23169;cdd:cd23171;cdd:cd23175;cdd:cd23193;cdd:cd23194;cdd:cd23195;cdd:cd23196;cdd:cd23197;cdd:cd23198;cdd:cd23199;cdd:cd23200;cdd:cd23213;cdd:cd23214;cdd:cd23215;cdd:cd23216;cdd:cd23217;cdd:cd23219;cdd:cd23220;cdd:cd23221;cdd:cd23222;cdd:cd23223;cdd:cd23224;cdd:cd23225;cdd:cd23228;cdd:cd23229;cdd:cd23230;cdd:cd23231;cdd:cd23232	0.9974	0.8316	CDD_direct_multi_root	curated_root_transferred
f.0004.base-Seco	cdd_transfer:rvmt_broad::f.0004.base-Seco:modern_structural:F	modern_structural:F	CDD conserved polymerase motif F	8;9;10;11;12;13;14;15;16;17;18;19;20;21;22;23;24;25;26;27;28;29	cdd:cd23169;cdd:cd23192;cdd:cd23193;cdd:cd23194;cdd:cd23195;cdd:cd23196;cdd:cd23197;cdd:cd23198;cdd:cd23200;cdd:cd23213;cdd:cd23214;cdd:cd23215;cdd:cd23216;cdd:cd23217;cdd:cd23219;cdd:cd23220;cdd:cd23221;cdd:cd23222;cdd:cd23223;cdd:cd23224;cdd:cd23225;cdd:cd23228;cdd:cd23229;cdd:cd23230;cdd:cd23231;cdd:cd23232	0.9934	0.7040	CDD_direct_multi_root	curated_root_transferred
f.0005	cdd_transfer:rvmt_broad::f.0005:modern_structural:A	modern_structural:A	CDD conserved polymerase motif A	204;205;206;207;208;209;210;211;212;213;214;215;216;217;218	cdd:cd23171;cdd:cd23172;cdd:cd23173;cdd:cd23175;cdd:cd23192;cdd:cd23194;cdd:cd23196;cdd:cd23197;cdd:cd23198;cdd:cd23199;cdd:cd23210;cdd:cd23211;cdd:cd23212;cdd:cd23213;cdd:cd23214;cdd:cd23215;cdd:cd23216;cdd:cd23217;cdd:cd23218;cdd:cd23219;cdd:cd23220;cdd:cd23221;cdd:cd23222;cdd:cd23223;cdd:cd23224;cdd:cd23225;cdd:cd23227;cdd:cd23228;cdd:cd23229;cdd:cd23230;cdd:cd23231;cdd:cd23232	1.0000	0.7323	CDD_direct_multi_root	curated_root_transferred
f.0005	cdd_transfer:rvmt_broad::f.0005:modern_structural:B	modern_structural:B	CDD conserved polymerase motif B	272;273;274;275;276;277;278;279;280;281;282;283;284;285;286;287;288;289;290;291;292;293;294;295	cdd:cd23171;cdd:cd23172;cdd:cd23175;cdd:cd23192;cdd:cd23194;cdd:cd23195;cdd:cd23196;cdd:cd23197;cdd:cd23198;cdd:cd23210;cdd:cd23211;cdd:cd23212;cdd:cd23213;cdd:cd23214;cdd:cd23215;cdd:cd23216;cdd:cd23217;cdd:cd23218;cdd:cd23219;cdd:cd23220;cdd:cd23221;cdd:cd23222;cdd:cd23223;cdd:cd23224;cdd:cd23225;cdd:cd23226;cdd:cd23227;cdd:cd23228;cdd:cd23229;cdd:cd23230;cdd:cd23231;cdd:cd23232	1.0000	0.8029	CDD_direct_multi_root	curated_root_transferred
f.0005	cdd_transfer:rvmt_broad::f.0005:modern_structural:C	modern_structural:C	CDD conserved polymerase motif C	317;318;319;320;321;322;323;324;325;326;327;328;329;330;331	cdd:cd23169;cdd:cd23175;cdd:cd23193;cdd:cd23194;cdd:cd23196;cdd:cd23197;cdd:cd23198;cdd:cd23199;cdd:cd23200;cdd:cd23211;cdd:cd23212;cdd:cd23213;cdd:cd23216;cdd:cd23217;cdd:cd23218;cdd:cd23219;cdd:cd23220;cdd:cd23221;cdd:cd23223;cdd:cd23224;cdd:cd23225;cdd:cd23226;cdd:cd23227;cdd:cd23228;cdd:cd23229;cdd:cd23230;cdd:cd23231;cdd:cd23232	0.9949	0.8233	CDD_direct_multi_root	curated_root_transferred
f.0005	cdd_transfer:rvmt_broad::f.0005:modern_structural:F	modern_structural:F	CDD conserved polymerase motif F	129;130;131;132;133;134;135;136;137;138;139;140;141;142;143;144;145;146;147;148;149;150	cdd:cd23169;cdd:cd23192;cdd:cd23193;cdd:cd23194;cdd:cd23195;cdd:cd23196;cdd:cd23197;cdd:cd23198;cdd:cd23210;cdd:cd23211;cdd:cd23212;cdd:cd23213;cdd:cd23214;cdd:cd23215;cdd:cd23216;cdd:cd23217;cdd:cd23218;cdd:cd23219;cdd:cd23220;cdd:cd23221;cdd:cd23222;cdd:cd23223;cdd:cd23224;cdd:cd23225;cdd:cd23226;cdd:cd23227;cdd:cd23228;cdd:cd23229;cdd:cd23230;cdd:cd23231;cdd:cd23232	0.9959	0.8871	CDD_direct_multi_root	curated_root_transferred
f.0006	cdd_transfer:rvmt_broad::f.0006:modern_structural:A	modern_structural:A	CDD conserved polymerase motif A	208;209;213;214;215;216;217;218;219;220;221;222;223;224;225	cdd:cd23217	1.0000	0.6250	CDD_direct_single_root	curated_root_transferred
f.0006	cdd_transfer:rvmt_broad::f.0006:modern_structural:C	modern_structural:C	CDD conserved polymerase motif C	320;321;322;323;324;325;326;327;328;329;330;331;332;333;334	cdd:cd23169;cdd:cd23196;cdd:cd23211;cdd:cd23213;cdd:cd23216;cdd:cd23217;cdd:cd23219;cdd:cd23221;cdd:cd23224;cdd:cd23225;cdd:cd23227;cdd:cd23228;cdd:cd23230;cdd:cd23231;cdd:cd23232	1.0000	0.8738	CDD_direct_multi_root	curated_root_transferred
f.0006	cdd_transfer:rvmt_broad::f.0006:modern_structural:F	modern_structural:F	CDD conserved polymerase motif F	136;137;138;139;140;141;142;143;144;145;146;147;148;149;150;151;152;153;154;155;156;157	cdd:cd23169;cdd:cd23192;cdd:cd23193;cdd:cd23194;cdd:cd23196;cdd:cd23198;cdd:cd23210;cdd:cd23211;cdd:cd23212;cdd:cd23213;cdd:cd23214;cdd:cd23215;cdd:cd23216;cdd:cd23217;cdd:cd23218;cdd:cd23219;cdd:cd23220;cdd:cd23221;cdd:cd23223;cdd:cd23224;cdd:cd23225;cdd:cd23226;cdd:cd23227;cdd:cd23228;cdd:cd23229;cdd:cd23230;cdd:cd23231	0.9969	0.9550	CDD_direct_multi_root	curated_root_transferred
f.0007	cdd_transfer:rvmt_broad::f.0007:modern_structural:A	modern_structural:A	CDD conserved polymerase motif A	202;203;204;205;206;207;208;209;210;211;212;213;214;215;216	cdd:cd23171;cdd:cd23172;cdd:cd23175;cdd:cd23192;cdd:cd23194;cdd:cd23195;cdd:cd23196;cdd:cd23198;cdd:cd23199;cdd:cd23210;cdd:cd23211;cdd:cd23212;cdd:cd23213;cdd:cd23214;cdd:cd23215;cdd:cd23216;cdd:cd23217;cdd:cd23219;cdd:cd23220;cdd:cd23221;cdd:cd23222;cdd:cd23223;cdd:cd23224;cdd:cd23225;cdd:cd23226;cdd:cd23227;cdd:cd23228;cdd:cd23229;cdd:cd23230;cdd:cd23231;cdd:cd23232	1.0000	0.6615	CDD_direct_multi_root	curated_root_transferred
f.0007	cdd_transfer:rvmt_broad::f.0007:modern_structural:C	modern_structural:C	CDD conserved polymerase motif C	309;310;311;312;313;314;315;316;317;318;319;320;321;322;323	cdd:cd23199;cdd:cd23211;cdd:cd23213;cdd:cd23216;cdd:cd23217;cdd:cd23218;cdd:cd23220;cdd:cd23221;cdd:cd23225;cdd:cd23228;cdd:cd23230	1.0000	0.8019	CDD_direct_multi_root	curated_root_transferred
f.0007	cdd_transfer:rvmt_broad::f.0007:modern_structural:F	modern_structural:F	CDD conserved polymerase motif F	127;128;129;130;131;132;133;134;135;136;137;138;139;140;141;142;143;144;145;146;147;148	cdd:cd23169;cdd:cd23192;cdd:cd23193;cdd:cd23194;cdd:cd23195;cdd:cd23196;cdd:cd23198;cdd:cd23210;cdd:cd23211;cdd:cd23212;cdd:cd23213;cdd:cd23214;cdd:cd23215;cdd:cd23216;cdd:cd23217;cdd:cd23218;cdd:cd23219;cdd:cd23220;cdd:cd23221;cdd:cd23222;cdd:cd23223;cdd:cd23224;cdd:cd23225;cdd:cd23226;cdd:cd23227;cdd:cd23228;cdd:cd23229;cdd:cd23230;cdd:cd23231;cdd:cd23232	0.9944	0.7932	CDD_direct_multi_root	curated_root_transferred
f.0008.base-Polycipi	cdd_transfer:rvmt_broad::f.0008.base-Polycipi:modern_structural:A	modern_structural:A	CDD conserved polymerase motif A	210;211;212;213;214;215;216;217;218;219;220;221;222;223;224	cdd:cd23171;cdd:cd23172;cdd:cd23173;cdd:cd23175;cdd:cd23192;cdd:cd23194;cdd:cd23196;cdd:cd23197;cdd:cd23198;cdd:cd23199;cdd:cd23210;cdd:cd23211;cdd:cd23212;cdd:cd23213;cdd:cd23214;cdd:cd23215;cdd:cd23216;cdd:cd23217;cdd:cd23218;cdd:cd23219;cdd:cd23220;cdd:cd23221;cdd:cd23222;cdd:cd23223;cdd:cd23224;cdd:cd23225;cdd:cd23226;cdd:cd23227;cdd:cd23228;cdd:cd23229;cdd:cd23230;cdd:cd23231;cdd:cd23232	1.0000	0.7740	CDD_direct_multi_root	curated_root_transferred
f.0008.base-Polycipi	cdd_transfer:rvmt_broad::f.0008.base-Polycipi:modern_structural:B	modern_structural:B	CDD conserved polymerase motif B	275;276;277;278;279;280;281;282;283;284;285;286;287;288;289;290;291;292;293;294;295;296;297;298	cdd:cd23169;cdd:cd23171;cdd:cd23172;cdd:cd23173;cdd:cd23175;cdd:cd23192;cdd:cd23193;cdd:cd23194;cdd:cd23195;cdd:cd23196;cdd:cd23197;cdd:cd23198;cdd:cd23199;cdd:cd23210;cdd:cd23211;cdd:cd23212;cdd:cd23213;cdd:cd23214;cdd:cd23215;cdd:cd23216;cdd:cd23217;cdd:cd23218;cdd:cd23219;cdd:cd23220;cdd:cd23221;cdd:cd23222;cdd:cd23223;cdd:cd23224;cdd:cd23225;cdd:cd23226;cdd:cd23227;cdd:cd23228;cdd:cd23229;cdd:cd23230;cdd:cd23231;cdd:cd23232	1.0000	0.7253	CDD_direct_multi_root	curated_root_transferred
f.0008.base-Polycipi	cdd_transfer:rvmt_broad::f.0008.base-Polycipi:modern_structural:C	modern_structural:C	CDD conserved polymerase motif C	318;319;320;321;322;323;324;325;326;327;328;329;330;331;332	cdd:cd23169;cdd:cd23171;cdd:cd23172;cdd:cd23173;cdd:cd23175;cdd:cd23193;cdd:cd23194;cdd:cd23195;cdd:cd23196;cdd:cd23197;cdd:cd23199;cdd:cd23200;cdd:cd23211;cdd:cd23212;cdd:cd23213;cdd:cd23214;cdd:cd23215;cdd:cd23216;cdd:cd23217;cdd:cd23218;cdd:cd23219;cdd:cd23220;cdd:cd23221;cdd:cd23222;cdd:cd23223;cdd:cd23224;cdd:cd23225;cdd:cd23226;cdd:cd23227;cdd:cd23228;cdd:cd23229;cdd:cd23230;cdd:cd23231;cdd:cd23232	1.0000	0.8386	CDD_direct_multi_root	curated_root_transferred
f.0008.base-Polycipi	cdd_transfer:rvmt_broad::f.0008.base-Polycipi:modern_structural:F	modern_structural:F	CDD conserved polymerase motif F	135;136;137;138;139;140;141;142;143;144;145;146;147;148;149;150;151;152;153;154;155;156	cdd:cd23169;cdd:cd23192;cdd:cd23193;cdd:cd23194;cdd:cd23195;cdd:cd23196;cdd:cd23197;cdd:cd23198;cdd:cd23199;cdd:cd23210;cdd:cd23211;cdd:cd23212;cdd:cd23213;cdd:cd23214;cdd:cd23215;cdd:cd23216;cdd:cd23217;cdd:cd23218;cdd:cd23219;cdd:cd23220;cdd:cd23221;cdd:cd23222;cdd:cd23223;cdd:cd23224;cdd:cd23225;cdd:cd23226;cdd:cd23227;cdd:cd23228;cdd:cd23229;cdd:cd23230;cdd:cd23231;cdd:cd23232	0.9913	0.8985	CDD_direct_multi_root	curated_root_transferred
f.0009.base-Polycipi	cdd_transfer:rvmt_broad::f.0009.base-Polycipi:modern_structural:A	modern_structural:A	CDD conserved polymerase motif A	210;211;212;213;214;215;216;217;218;219;220;221;222;223;224	cdd:cd23211;cdd:cd23214;cdd:cd23215;cdd:cd23216;cdd:cd23218;cdd:cd23223;cdd:cd23227	0.9714	0.7143	CDD_direct_multi_root	curated_root_transferred
f.0009.base-Polycipi	cdd_transfer:rvmt_broad::f.0009.base-Polycipi:modern_structural:B	modern_structural:B	CDD conserved polymerase motif B	277;278;279;280;281;282;283;284;285;286;287;288;289;290;291;292;293;294;295;296;297;298;299;300	cdd:cd23196;cdd:cd23210;cdd:cd23213;cdd:cd23214;cdd:cd23215;cdd:cd23216;cdd:cd23217;cdd:cd23218;cdd:cd23221;cdd:cd23223;cdd:cd23224;cdd:cd23226;cdd:cd23227;cdd:cd23228;cdd:cd23230;cdd:cd23231	1.0000	0.6350	CDD_direct_multi_root	curated_root_transferred
f.0009.base-Polycipi	cdd_transfer:rvmt_broad::f.0009.base-Polycipi:modern_structural:F	modern_structural:F	CDD conserved polymerase motif F	135;136;137;138;139;140;141;142;143;144;145;146;147;148;149;150;151;152;153;154;155;156	cdd:cd23169;cdd:cd23192;cdd:cd23193;cdd:cd23194;cdd:cd23195;cdd:cd23196;cdd:cd23197;cdd:cd23198;cdd:cd23199;cdd:cd23200;cdd:cd23210;cdd:cd23211;cdd:cd23212;cdd:cd23213;cdd:cd23214;cdd:cd23215;cdd:cd23216;cdd:cd23217;cdd:cd23218;cdd:cd23219;cdd:cd23221;cdd:cd23222;cdd:cd23223;cdd:cd23224;cdd:cd23225;cdd:cd23226;cdd:cd23227;cdd:cd23228;cdd:cd23229;cdd:cd23230;cdd:cd23231;cdd:cd23232	0.9960	0.7918	CDD_direct_multi_root	curated_root_transferred
f.0010.base-Polycipi	cdd_transfer:rvmt_broad::f.0010.base-Polycipi:modern_structural:A	modern_structural:A	CDD conserved polymerase motif A	206;207;208;209;210;211;212;213;214;215;216;217;218;219;220	cdd:cd23171;cdd:cd23172;cdd:cd23175;cdd:cd23194;cdd:cd23196;cdd:cd23197;cdd:cd23198;cdd:cd23199;cdd:cd23211;cdd:cd23212;cdd:cd23214;cdd:cd23215;cdd:cd23216;cdd:cd23217;cdd:cd23218;cdd:cd23219;cdd:cd23220;cdd:cd23221;cdd:cd23222;cdd:cd23223;cdd:cd23224;cdd:cd23226;cdd:cd23227;cdd:cd23228;cdd:cd23229;cdd:cd23230;cdd:cd23231	1.0000	0.6514	CDD_direct_multi_root	curated_root_transferred
f.0010.base-Polycipi	cdd_transfer:rvmt_broad::f.0010.base-Polycipi:modern_structural:B	modern_structural:B	CDD conserved polymerase motif B	270;271;272;273;274;275;276;277;278;279;280;281;282;283;284;285;286;287;288;289;290;291;292;293	cdd:cd23169;cdd:cd23171;cdd:cd23172;cdd:cd23175;cdd:cd23192;cdd:cd23193;cdd:cd23194;cdd:cd23195;cdd:cd23196;cdd:cd23197;cdd:cd23198;cdd:cd23210;cdd:cd23211;cdd:cd23212;cdd:cd23213;cdd:cd23214;cdd:cd23215;cdd:cd23216;cdd:cd23217;cdd:cd23218;cdd:cd23219;cdd:cd23220;cdd:cd23221;cdd:cd23222;cdd:cd23223;cdd:cd23224;cdd:cd23225;cdd:cd23226;cdd:cd23227;cdd:cd23228;cdd:cd23229;cdd:cd23230;cdd:cd23231;cdd:cd23232	1.0000	0.8188	CDD_direct_multi_root	curated_root_transferred
f.0010.base-Polycipi	cdd_transfer:rvmt_broad::f.0010.base-Polycipi:modern_structural:C	modern_structural:C	CDD conserved polymerase motif C	313;314;315;316;317;318;319;320;321;322;323;324;325;326;327	cdd:cd23169;cdd:cd23171;cdd:cd23175;cdd:cd23193;cdd:cd23194;cdd:cd23195;cdd:cd23196;cdd:cd23197;cdd:cd23198;cdd:cd23199;cdd:cd23200;cdd:cd23211;cdd:cd23212;cdd:cd23213;cdd:cd23214;cdd:cd23215;cdd:cd23216;cdd:cd23217;cdd:cd23218;cdd:cd23219;cdd:cd23220;cdd:cd23221;cdd:cd23222;cdd:cd23223;cdd:cd23224;cdd:cd23225;cdd:cd23226;cdd:cd23227;cdd:cd23228;cdd:cd23229;cdd:cd23230;cdd:cd23231;cdd:cd23232	0.9980	0.8076	CDD_direct_multi_root	curated_root_transferred
f.0010.base-Polycipi	cdd_transfer:rvmt_broad::f.0010.base-Polycipi:modern_structural:F	modern_structural:F	CDD conserved polymerase motif F	132;133;134;135;136;137;138;139;140;141;142;143;144;145;146;147;148;149;150;151;152;153	cdd:cd23169;cdd:cd23192;cdd:cd23193;cdd:cd23194;cdd:cd23195;cdd:cd23196;cdd:cd23198;cdd:cd23199;cdd:cd23210;cdd:cd23211;cdd:cd23212;cdd:cd23213;cdd:cd23214;cdd:cd23215;cdd:cd23216;cdd:cd23217;cdd:cd23218;cdd:cd23219;cdd:cd23220;cdd:cd23221;cdd:cd23222;cdd:cd23223;cdd:cd23224;cdd:cd23225;cdd:cd23226;cdd:cd23227;cdd:cd23228;cdd:cd23229;cdd:cd23230;cdd:cd23231;cdd:cd23232	0.9960	0.8176	CDD_direct_multi_root	curated_root_transferred
f.0011	cdd_transfer:rvmt_broad::f.0011:modern_structural:B	modern_structural:B	CDD conserved polymerase motif B	274;275;276;277;278;279;280;281;282;283;284;285;286;287;288;289;290;291;292;293;294;295;296;297	cdd:cd23171;cdd:cd23175;cdd:cd23194;cdd:cd23195;cdd:cd23196;cdd:cd23197;cdd:cd23198;cdd:cd23211;cdd:cd23212;cdd:cd23213;cdd:cd23215;cdd:cd23217;cdd:cd23218;cdd:cd23220;cdd:cd23221;cdd:cd23223;cdd:cd23224;cdd:cd23225;cdd:cd23227;cdd:cd23228;cdd:cd23229;cdd:cd23230;cdd:cd23231	1.0000	0.8447	CDD_direct_multi_root	curated_root_transferred
f.0011	cdd_transfer:rvmt_broad::f.0011:modern_structural:C	modern_structural:C	CDD conserved polymerase motif C	317;318;319;320;321;322;323;324;325;326;327;328;329;330;331	cdd:cd23169;cdd:cd23196;cdd:cd23197;cdd:cd23198;cdd:cd23200;cdd:cd23211;cdd:cd23212;cdd:cd23213;cdd:cd23216;cdd:cd23217;cdd:cd23218;cdd:cd23219;cdd:cd23220;cdd:cd23221;cdd:cd23224;cdd:cd23225;cdd:cd23226;cdd:cd23227;cdd:cd23228;cdd:cd23230;cdd:cd23231;cdd:cd23232	1.0000	0.8112	CDD_direct_multi_root	curated_root_transferred
f.0011	cdd_transfer:rvmt_broad::f.0011:modern_structural:F	modern_structural:F	CDD conserved polymerase motif F	133;134;135;136;137;138;139;140;141;142;143;144;145;146;147;148;149;150;151;152;153;154	cdd:cd23169;cdd:cd23192;cdd:cd23193;cdd:cd23194;cdd:cd23195;cdd:cd23196;cdd:cd23197;cdd:cd23198;cdd:cd23210;cdd:cd23211;cdd:cd23212;cdd:cd23213;cdd:cd23214;cdd:cd23215;cdd:cd23216;cdd:cd23217;cdd:cd23218;cdd:cd23219;cdd:cd23220;cdd:cd23221;cdd:cd23222;cdd:cd23223;cdd:cd23224;cdd:cd23225;cdd:cd23226;cdd:cd23227;cdd:cd23228;cdd:cd23229;cdd:cd23230;cdd:cd23231;cdd:cd23232	0.9959	0.8887	CDD_direct_multi_root	curated_root_transferred
f.0012.base-Solinvi	cdd_transfer:rvmt_broad::f.0012.base-Solinvi:modern_structural:A	modern_structural:A	CDD conserved polymerase motif A	204;205;206;207;208;209;210;211;212;213;214;215;216;217;218	cdd:cd23172;cdd:cd23175;cdd:cd23185;cdd:cd23191;cdd:cd23194;cdd:cd23196;cdd:cd23199;cdd:cd23212;cdd:cd23213;cdd:cd23215;cdd:cd23216;cdd:cd23217;cdd:cd23218;cdd:cd23220;cdd:cd23223;cdd:cd23224;cdd:cd23228;cdd:cd23229;cdd:cd23230;cdd:cd23231;cdd:cd23232	0.9968	0.6226	CDD_direct_multi_root	curated_root_transferred
f.0012.base-Solinvi	cdd_transfer:rvmt_broad::f.0012.base-Solinvi:modern_structural:C	modern_structural:C	CDD conserved polymerase motif C	317;318;319;320;321;322;323;324;325;326;327;328;329;330	cdd:cd23217;cdd:cd23228	1.0000	0.8571	CDD_direct_multi_root	curated_root_transferred
f.0012.base-Solinvi	cdd_transfer:rvmt_broad::f.0012.base-Solinvi:modern_structural:F	modern_structural:F	CDD conserved polymerase motif F	130;131;132;133;134;135;136;137;138;139;140;141;142;143;144;145;146;147;148;149;150;151	cdd:cd23169;cdd:cd23192;cdd:cd23193;cdd:cd23194;cdd:cd23195;cdd:cd23196;cdd:cd23199;cdd:cd23210;cdd:cd23212;cdd:cd23213;cdd:cd23215;cdd:cd23216;cdd:cd23217;cdd:cd23218;cdd:cd23219;cdd:cd23220;cdd:cd23223;cdd:cd23224;cdd:cd23228;cdd:cd23229;cdd:cd23230;cdd:cd23231;cdd:cd23232	1.0000	0.6833	CDD_direct_multi_root	curated_root_transferred
f.0013.base-Solinvi	cdd_transfer:rvmt_broad::f.0013.base-Solinvi:modern_structural:A	modern_structural:A	CDD conserved polymerase motif A	194;195;196;197;198;199;200;201;202;203;204;205;206;207;208	cdd:cd23192;cdd:cd23194;cdd:cd23195;cdd:cd23196;cdd:cd23198;cdd:cd23199;cdd:cd23210;cdd:cd23211;cdd:cd23214;cdd:cd23217;cdd:cd23219;cdd:cd23221;cdd:cd23222;cdd:cd23223;cdd:cd23224;cdd:cd23227;cdd:cd23232	1.0000	0.6764	CDD_direct_multi_root	curated_root_transferred
f.0013.base-Solinvi	cdd_transfer:rvmt_broad::f.0013.base-Solinvi:modern_structural:B	modern_structural:B	CDD conserved polymerase motif B	255;256;257;258;259;260;261;262;263;264;265;266;267;268;269;270;271;272;273;274;275;276;277;278	cdd:cd23169;cdd:cd23192;cdd:cd23194;cdd:cd23195;cdd:cd23196;cdd:cd23198;cdd:cd23210;cdd:cd23211;cdd:cd23214;cdd:cd23217;cdd:cd23219;cdd:cd23221;cdd:cd23222;cdd:cd23223;cdd:cd23224;cdd:cd23227;cdd:cd23232	1.0000	0.7097	CDD_direct_multi_root	curated_root_transferred
f.0013.base-Solinvi	cdd_transfer:rvmt_broad::f.0013.base-Solinvi:modern_structural:C	modern_structural:C	CDD conserved polymerase motif C	299;300;301;302;303;304;305;306;307;308;309;310;311;312;313	cdd:cd23169;cdd:cd23193;cdd:cd23195;cdd:cd23196;cdd:cd23198;cdd:cd23199;cdd:cd23200;cdd:cd23210;cdd:cd23211;cdd:cd23214;cdd:cd23217;cdd:cd23219;cdd:cd23221;cdd:cd23222;cdd:cd23223;cdd:cd23224;cdd:cd23227;cdd:cd23232	0.9963	0.7592	CDD_direct_multi_root	curated_root_transferred
f.0013.base-Solinvi	cdd_transfer:rvmt_broad::f.0013.base-Solinvi:modern_structural:F	modern_structural:F	CDD conserved polymerase motif F	125;126;127;128;129;130;131;132;133;134;135;136;137;139;140;141;142;143;144	cdd:cd23169;cdd:cd23192;cdd:cd23193;cdd:cd23194;cdd:cd23195;cdd:cd23196;cdd:cd23199;cdd:cd23210;cdd:cd23214;cdd:cd23217;cdd:cd23222;cdd:cd23223;cdd:cd23224;cdd:cd23227	0.9057	0.6457	CDD_direct_multi_root	curated_root_transferred
f.0014.base-Solinvi	cdd_transfer:rvmt_broad::f.0014.base-Solinvi:modern_structural:A	modern_structural:A	CDD conserved polymerase motif A	195;196;197;198;199;200;201;202;203;204;205;206;207;208;209	cdd:cd23192;cdd:cd23194;cdd:cd23195;cdd:cd23196;cdd:cd23199;cdd:cd23211;cdd:cd23213;cdd:cd23214;cdd:cd23215;cdd:cd23216;cdd:cd23217;cdd:cd23218;cdd:cd23219;cdd:cd23220;cdd:cd23221;cdd:cd23222;cdd:cd23223;cdd:cd23224;cdd:cd23226;cdd:cd23228;cdd:cd23229;cdd:cd23230;cdd:cd23231;cdd:cd23232	0.9972	0.6492	CDD_direct_multi_root	curated_root_transferred
f.0014.base-Solinvi	cdd_transfer:rvmt_broad::f.0014.base-Solinvi:modern_structural:B	modern_structural:B	CDD conserved polymerase motif B	256;257;258;259;260;261;262;263;264;265;266;267;268;269;270;271;272;273;274;275;276;277;278;279	cdd:cd23192;cdd:cd23194;cdd:cd23195;cdd:cd23196;cdd:cd23210;cdd:cd23211;cdd:cd23213;cdd:cd23214;cdd:cd23215;cdd:cd23216;cdd:cd23217;cdd:cd23218;cdd:cd23219;cdd:cd23220;cdd:cd23221;cdd:cd23222;cdd:cd23223;cdd:cd23224;cdd:cd23226;cdd:cd23228;cdd:cd23229;cdd:cd23230;cdd:cd23231;cdd:cd23232	0.9983	0.8034	CDD_direct_multi_root	curated_root_transferred
f.0014.base-Solinvi	cdd_transfer:rvmt_broad::f.0014.base-Solinvi:modern_structural:C	modern_structural:C	CDD conserved polymerase motif C	299;300;301;302;303;304;305;306;307;308;309;310;311;312;313	cdd:cd23169;cdd:cd23193;cdd:cd23194;cdd:cd23195;cdd:cd23196;cdd:cd23199;cdd:cd23200;cdd:cd23210;cdd:cd23211;cdd:cd23213;cdd:cd23214;cdd:cd23215;cdd:cd23216;cdd:cd23217;cdd:cd23218;cdd:cd23219;cdd:cd23220;cdd:cd23221;cdd:cd23222;cdd:cd23223;cdd:cd23224;cdd:cd23226;cdd:cd23228;cdd:cd23229;cdd:cd23230;cdd:cd23231;cdd:cd23232	0.9901	0.7391	CDD_direct_multi_root	curated_root_transferred
f.0014.base-Solinvi	cdd_transfer:rvmt_broad::f.0014.base-Solinvi:modern_structural:F	modern_structural:F	CDD conserved polymerase motif F	126;127;128;129;130;131;132;133;134;135;136;137;138;139;140;141;142;143;144;145	cdd:cd23169;cdd:cd23192;cdd:cd23193;cdd:cd23194;cdd:cd23195;cdd:cd23196;cdd:cd23199;cdd:cd23210;cdd:cd23211;cdd:cd23213;cdd:cd23214;cdd:cd23216;cdd:cd23217;cdd:cd23218;cdd:cd23220;cdd:cd23221;cdd:cd23222;cdd:cd23223;cdd:cd23224;cdd:cd23226;cdd:cd23228;cdd:cd23229;cdd:cd23230;cdd:cd23231;cdd:cd23232	0.9208	0.6445	CDD_direct_multi_root	curated_root_transferred
f.0015.base-Solinvi	cdd_transfer:rvmt_broad::f.0015.base-Solinvi:modern_structural:A	modern_structural:A	CDD conserved polymerase motif A	201;202;203;204;205;206;207;208;209;210;211;212;213;214;215	cdd:cd23194;cdd:cd23196;cdd:cd23197;cdd:cd23198;cdd:cd23199;cdd:cd23212;cdd:cd23213;cdd:cd23215;cdd:cd23216;cdd:cd23217;cdd:cd23218;cdd:cd23219;cdd:cd23220;cdd:cd23223;cdd:cd23224;cdd:cd23228;cdd:cd23229;cdd:cd23230;cdd:cd23231;cdd:cd23232	0.9867	0.5786	CDD_direct_multi_root	curated_root_transferred
f.0015.base-Solinvi	cdd_transfer:rvmt_broad::f.0015.base-Solinvi:modern_structural:B	modern_structural:B	CDD conserved polymerase motif B	274;275;276;277;278;279;280;281;282;283;284;285;286;287;288;289;290;291;292;293;294;295;296;297	cdd:cd23192;cdd:cd23194;cdd:cd23195;cdd:cd23196;cdd:cd23197;cdd:cd23198;cdd:cd23199;cdd:cd23210;cdd:cd23212;cdd:cd23213;cdd:cd23214;cdd:cd23215;cdd:cd23216;cdd:cd23217;cdd:cd23218;cdd:cd23219;cdd:cd23220;cdd:cd23223;cdd:cd23224;cdd:cd23226;cdd:cd23228;cdd:cd23229;cdd:cd23230;cdd:cd23231;cdd:cd23232	0.9983	0.7618	CDD_direct_multi_root	curated_root_transferred
f.0015.base-Solinvi	cdd_transfer:rvmt_broad::f.0015.base-Solinvi:modern_structural:C	modern_structural:C	CDD conserved polymerase motif C	317;318;319;320;321;322;323;324;325;326;327;328;329;330;331	cdd:cd23193;cdd:cd23196;cdd:cd23197;cdd:cd23199;cdd:cd23210;cdd:cd23212;cdd:cd23213;cdd:cd23214;cdd:cd23215;cdd:cd23216;cdd:cd23217;cdd:cd23218;cdd:cd23219;cdd:cd23220;cdd:cd23223;cdd:cd23224;cdd:cd23226;cdd:cd23228;cdd:cd23229;cdd:cd23230;cdd:cd23231;cdd:cd23232	1.0000	0.7437	CDD_direct_multi_root	curated_root_transferred
f.0015.base-Solinvi	cdd_transfer:rvmt_broad::f.0015.base-Solinvi:modern_structural:F	modern_structural:F	CDD conserved polymerase motif F	130;131;132;133;134;135;136;137;138;139;140;141;142;143;144;145;146;147;148;149	cdd:cd23169;cdd:cd23192;cdd:cd23193;cdd:cd23194;cdd:cd23195;cdd:cd23196;cdd:cd23199;cdd:cd23210;cdd:cd23212;cdd:cd23213;cdd:cd23214;cdd:cd23215;cdd:cd23216;cdd:cd23217;cdd:cd23218;cdd:cd23219;cdd:cd23220;cdd:cd23223;cdd:cd23224;cdd:cd23226;cdd:cd23228;cdd:cd23229;cdd:cd23230;cdd:cd23231;cdd:cd23232	0.9271	0.6658	CDD_direct_multi_root	curated_root_transferred
f.0016.base-Solinvi	cdd_transfer:rvmt_broad::f.0016.base-Solinvi:modern_structural:A	modern_structural:A	CDD conserved polymerase motif A	195;196;197;198;199;200;201;202;203;204;205;206;207;208;209	cdd:cd23192;cdd:cd23193;cdd:cd23194;cdd:cd23195;cdd:cd23196;cdd:cd23197;cdd:cd23198;cdd:cd23199;cdd:cd23217;cdd:cd23218;cdd:cd23219;cdd:cd23221;cdd:cd23222;cdd:cd23223;cdd:cd23226;cdd:cd23228;cdd:cd23229;cdd:cd23231	1.0000	0.6378	CDD_direct_multi_root	curated_root_transferred
f.0016.base-Solinvi	cdd_transfer:rvmt_broad::f.0016.base-Solinvi:modern_structural:B	modern_structural:B	CDD conserved polymerase motif B	261;262;263;264;265;266;267;268;269;270;271;272;273;274;275;276;277;278;279;280;281;282;283;284	cdd:cd23192;cdd:cd23194;cdd:cd23195;cdd:cd23196;cdd:cd23197;cdd:cd23198;cdd:cd23217;cdd:cd23218;cdd:cd23219;cdd:cd23221;cdd:cd23222;cdd:cd23223;cdd:cd23226;cdd:cd23228;cdd:cd23229;cdd:cd23231;cdd:cd23232	0.9975	0.6902	CDD_direct_multi_root	curated_root_transferred
f.0016.base-Solinvi	cdd_transfer:rvmt_broad::f.0016.base-Solinvi:modern_structural:C	modern_structural:C	CDD conserved polymerase motif C	305;306;307;308;309;310;311;312;313;314;315;316;317;318;319	cdd:cd23169;cdd:cd23194;cdd:cd23195;cdd:cd23198;cdd:cd23199;cdd:cd23200;cdd:cd23217;cdd:cd23218;cdd:cd23221;cdd:cd23222;cdd:cd23226;cdd:cd23228;cdd:cd23229	1.0000	0.6038	CDD_direct_multi_root	curated_root_transferred
f.0016.base-Solinvi	cdd_transfer:rvmt_broad::f.0016.base-Solinvi:modern_structural:F	modern_structural:F	CDD conserved polymerase motif F	121;122;123;124;125;126;127;128;129;130;131;132;133;134;136;137;138;139;140;141;142;143	cdd:cd23169;cdd:cd23192;cdd:cd23193;cdd:cd23194;cdd:cd23195;cdd:cd23196;cdd:cd23197;cdd:cd23198;cdd:cd23200;cdd:cd23217;cdd:cd23218;cdd:cd23219;cdd:cd23221;cdd:cd23222;cdd:cd23223;cdd:cd23226;cdd:cd23228;cdd:cd23229;cdd:cd23231;cdd:cd23232	0.9805	0.7142	CDD_direct_multi_root	curated_root_transferred
f.0017.base-Solinvi	cdd_transfer:rvmt_broad::f.0017.base-Solinvi:modern_structural:A	modern_structural:A	CDD conserved polymerase motif A	206;207;208;209;210;211;212;213;214;215;216;217;218;219	cdd:cd23172;cdd:cd23175;cdd:cd23194;cdd:cd23196;cdd:cd23197;cdd:cd23198;cdd:cd23199;cdd:cd23200;cdd:cd23215;cdd:cd23217;cdd:cd23218;cdd:cd23219;cdd:cd23221;cdd:cd23223;cdd:cd23224;cdd:cd23226;cdd:cd23228;cdd:cd23229;cdd:cd23231	1.0000	0.6270	CDD_direct_multi_root	curated_root_transferred
f.0017.base-Solinvi	cdd_transfer:rvmt_broad::f.0017.base-Solinvi:modern_structural:C	modern_structural:C	CDD conserved polymerase motif C	328;329;330;331;332;333;334;335;336;337;338;339;340;341;342	cdd:cd23169;cdd:cd23175;cdd:cd23193;cdd:cd23196;cdd:cd23197;cdd:cd23199;cdd:cd23215;cdd:cd23217;cdd:cd23218;cdd:cd23219;cdd:cd23221;cdd:cd23223;cdd:cd23224;cdd:cd23225;cdd:cd23226;cdd:cd23228;cdd:cd23229;cdd:cd23231;cdd:cd23232	1.0000	0.6822	CDD_direct_multi_root	curated_root_transferred
f.0017.base-Solinvi	cdd_transfer:rvmt_broad::f.0017.base-Solinvi:modern_structural:F	modern_structural:F	CDD conserved polymerase motif F	129;130;131;132;133;134;135;136;137;138;139;140;141;142;143;144;145;146;147;148;149;150	cdd:cd23169;cdd:cd23192;cdd:cd23193;cdd:cd23194;cdd:cd23195;cdd:cd23196;cdd:cd23197;cdd:cd23198;cdd:cd23199;cdd:cd23215;cdd:cd23217;cdd:cd23218;cdd:cd23219;cdd:cd23221;cdd:cd23223;cdd:cd23224;cdd:cd23226;cdd:cd23228;cdd:cd23229;cdd:cd23231	0.9824	0.8643	CDD_direct_multi_root	curated_root_transferred
f.0018.base-Solinvi	cdd_transfer:rvmt_broad::f.0018.base-Solinvi:modern_structural:A	modern_structural:A	CDD conserved polymerase motif A	204;205;206;207;208;209;210;211;212;213;214;215;216;217;218	cdd:cd23192;cdd:cd23195;cdd:cd23199;cdd:cd23214;cdd:cd23224;cdd:cd23226;cdd:cd23227;cdd:cd23228;cdd:cd23229;cdd:cd23231;cdd:cd23232	1.0000	0.6354	CDD_direct_multi_root	curated_root_transferred
f.0018.base-Solinvi	cdd_transfer:rvmt_broad::f.0018.base-Solinvi:modern_structural:B	modern_structural:B	CDD conserved polymerase motif B	271;272;273;274;275;276;277;278;279;280;281;282;283;284;285;286;287;288;289;290;291;292;293;294	cdd:cd23192;cdd:cd23194;cdd:cd23195;cdd:cd23196;cdd:cd23197;cdd:cd23199;cdd:cd23210;cdd:cd23214;cdd:cd23224;cdd:cd23226;cdd:cd23227;cdd:cd23228;cdd:cd23229;cdd:cd23231;cdd:cd23232	1.0000	0.7099	CDD_direct_multi_root	curated_root_transferred
f.0018.base-Solinvi	cdd_transfer:rvmt_broad::f.0018.base-Solinvi:modern_structural:C	modern_structural:C	CDD conserved polymerase motif C	316;317;318;319;320;321;322;323;324;325;326;327;328;329;330	cdd:cd23169;cdd:cd23193;cdd:cd23194;cdd:cd23195;cdd:cd23196;cdd:cd23197;cdd:cd23199;cdd:cd23210;cdd:cd23214;cdd:cd23224;cdd:cd23226;cdd:cd23227;cdd:cd23228;cdd:cd23229;cdd:cd23231;cdd:cd23232	0.9872	0.7167	CDD_direct_multi_root	curated_root_transferred
f.0018.base-Solinvi	cdd_transfer:rvmt_broad::f.0018.base-Solinvi:modern_structural:F	modern_structural:F	CDD conserved polymerase motif F	133;134;135;136;137;138;139;140;141;142;143;144;145;146;147;148;149;150;151;152;153;154	cdd:cd23169;cdd:cd23192;cdd:cd23193;cdd:cd23194;cdd:cd23195;cdd:cd23196;cdd:cd23197;cdd:cd23199;cdd:cd23210;cdd:cd23214;cdd:cd23224;cdd:cd23226;cdd:cd23227;cdd:cd23228;cdd:cd23231;cdd:cd23232	0.9848	0.8080	CDD_direct_multi_root	curated_root_transferred
f.0019.base-Solinvi	cdd_transfer:rvmt_broad::f.0019.base-Solinvi:modern_structural:A	modern_structural:A	CDD conserved polymerase motif A	206;207;208;209;210;211;212;213;214;215;216;217;218;219;220	cdd:cd23192;cdd:cd23216;cdd:cd23219;cdd:cd23228	1.0000	0.5625	CDD_direct_multi_root	curated_root_transferred
f.0019.base-Solinvi	cdd_transfer:rvmt_broad::f.0019.base-Solinvi:modern_structural:B	modern_structural:B	CDD conserved polymerase motif B	276;277;278;279;280;281;282;283;284;285;286;287;288;289;290;291;292;293;294;295;296;297;298;299	cdd:cd23175;cdd:cd23194;cdd:cd23196;cdd:cd23197;cdd:cd23213;cdd:cd23217;cdd:cd23218;cdd:cd23220;cdd:cd23221;cdd:cd23223;cdd:cd23227;cdd:cd23228;cdd:cd23230	1.0000	0.8087	CDD_direct_multi_root	curated_root_transferred
f.0019.base-Solinvi	cdd_transfer:rvmt_broad::f.0019.base-Solinvi:modern_structural:F	modern_structural:F	CDD conserved polymerase motif F	132;133;134;135;136;137;138;139;140;141;142;143;144;145;146;147;148;149;150;151;152;153	cdd:cd23169;cdd:cd23192;cdd:cd23193;cdd:cd23194;cdd:cd23195;cdd:cd23196;cdd:cd23197;cdd:cd23198;cdd:cd23199;cdd:cd23210;cdd:cd23211;cdd:cd23212;cdd:cd23213;cdd:cd23214;cdd:cd23215;cdd:cd23216;cdd:cd23217;cdd:cd23218;cdd:cd23219;cdd:cd23220;cdd:cd23221;cdd:cd23223;cdd:cd23224;cdd:cd23226;cdd:cd23227;cdd:cd23228;cdd:cd23229;cdd:cd23230;cdd:cd23231;cdd:cd23232	0.9958	0.8307	CDD_direct_multi_root	curated_root_transferred
f.0020.base-Solinvi	cdd_transfer:rvmt_broad::f.0020.base-Solinvi:modern_structural:B	modern_structural:B	CDD conserved polymerase motif B	252;253;254;255;256;257;258;259;260;261;262;263;264;265;266;267;268;269;270;271;272;273;274;275	cdd:cd23175;cdd:cd23196;cdd:cd23198;cdd:cd23211;cdd:cd23212;cdd:cd23213;cdd:cd23214;cdd:cd23215;cdd:cd23221;cdd:cd23223;cdd:cd23224;cdd:cd23228;cdd:cd23229;cdd:cd23232	0.9911	0.7067	CDD_direct_multi_root	curated_root_transferred
f.0020.base-Solinvi	cdd_transfer:rvmt_broad::f.0020.base-Solinvi:modern_structural:C	modern_structural:C	CDD conserved polymerase motif C	294;295;296;297;298;299;300;301;302;303;304;305;306;307	cdd:cd23221	0.9333	0.7143	CDD_direct_single_root	curated_root_transferred
f.0020.base-Solinvi	cdd_transfer:rvmt_broad::f.0020.base-Solinvi:modern_structural:F	modern_structural:F	CDD conserved polymerase motif F	108;109;110;111;112;113;114;115;116;117;118;119;120;121;122;123;124;125;126;127;128;129	cdd:cd23169;cdd:cd23192;cdd:cd23193;cdd:cd23194;cdd:cd23195;cdd:cd23196;cdd:cd23198;cdd:cd23210;cdd:cd23211;cdd:cd23212;cdd:cd23213;cdd:cd23214;cdd:cd23215;cdd:cd23221;cdd:cd23223;cdd:cd23224;cdd:cd23225;cdd:cd23228;cdd:cd23229;cdd:cd23232	0.9821	0.8482	CDD_direct_multi_root	curated_root_transferred
f.0021.base-Solinvi	cdd_transfer:rvmt_broad::f.0021.base-Solinvi:modern_structural:A	modern_structural:A	CDD conserved polymerase motif A	202;203;204;205;206;207;208;209;210;211;212;213;214;215;216	cdd:cd23172;cdd:cd23175;cdd:cd23192;cdd:cd23194;cdd:cd23195;cdd:cd23210;cdd:cd23211;cdd:cd23217;cdd:cd23220;cdd:cd23228;cdd:cd23231;cdd:cd23232	1.0000	0.6380	CDD_direct_multi_root	curated_root_transferred
f.0021.base-Solinvi	cdd_transfer:rvmt_broad::f.0021.base-Solinvi:modern_structural:B	modern_structural:B	CDD conserved polymerase motif B	265;266;267;268;269;270;271;272;273;274;275;276;277;278;279;280;281;282;283;284;285;286;287;288	cdd:cd23169;cdd:cd23172;cdd:cd23175;cdd:cd23192;cdd:cd23193;cdd:cd23194;cdd:cd23195;cdd:cd23210;cdd:cd23211;cdd:cd23217;cdd:cd23220;cdd:cd23228;cdd:cd23231;cdd:cd23232	0.9911	0.7704	CDD_direct_multi_root	curated_root_transferred
f.0021.base-Solinvi	cdd_transfer:rvmt_broad::f.0021.base-Solinvi:modern_structural:C	modern_structural:C	CDD conserved polymerase motif C	306;307;308;309;310;311;312;313;314;315;316;317;318	cdd:cd23175;cdd:cd23211;cdd:cd23217	0.9540	0.6111	CDD_direct_multi_root	curated_root_transferred
f.0021.base-Solinvi	cdd_transfer:rvmt_broad::f.0021.base-Solinvi:modern_structural:F	modern_structural:F	CDD conserved polymerase motif F	123;124;125;126;127;128;129;130;131;132;133;134;135;136;137;138;139;140;141;142;143;144	cdd:cd23169;cdd:cd23192;cdd:cd23193;cdd:cd23194;cdd:cd23195;cdd:cd23210;cdd:cd23211;cdd:cd23217;cdd:cd23220;cdd:cd23228;cdd:cd23231;cdd:cd23232	1.0000	0.6790	CDD_direct_multi_root	curated_root_transferred
f.0022.base-Solinvi	cdd_transfer:rvmt_broad::f.0022.base-Solinvi:modern_structural:A	modern_structural:A	CDD conserved polymerase motif A	196;197;198;199;200;201;202;203;204;205;206;207;208;209;210	cdd:cd23175;cdd:cd23194;cdd:cd23195;cdd:cd23196;cdd:cd23197;cdd:cd23198;cdd:cd23211;cdd:cd23212;cdd:cd23213;cdd:cd23214;cdd:cd23215;cdd:cd23216;cdd:cd23217;cdd:cd23218;cdd:cd23219;cdd:cd23220;cdd:cd23221;cdd:cd23222;cdd:cd23223;cdd:cd23225;cdd:cd23226;cdd:cd23227;cdd:cd23228;cdd:cd23229;cdd:cd23230;cdd:cd23231;cdd:cd23232	0.9975	0.6773	CDD_direct_multi_root	curated_root_transferred
f.0022.base-Solinvi	cdd_transfer:rvmt_broad::f.0022.base-Solinvi:modern_structural:B	modern_structural:B	CDD conserved polymerase motif B	264;265;266;267;268;269;270;271;272;273;274;275;276;277;278;279;280;281;282;283;284;285;286;287	cdd:cd23169;cdd:cd23172;cdd:cd23175;cdd:cd23192;cdd:cd23193;cdd:cd23194;cdd:cd23195;cdd:cd23196;cdd:cd23197;cdd:cd23198;cdd:cd23211;cdd:cd23212;cdd:cd23213;cdd:cd23214;cdd:cd23215;cdd:cd23216;cdd:cd23217;cdd:cd23218;cdd:cd23219;cdd:cd23220;cdd:cd23221;cdd:cd23222;cdd:cd23223;cdd:cd23225;cdd:cd23226;cdd:cd23227;cdd:cd23228;cdd:cd23229;cdd:cd23230;cdd:cd23231;cdd:cd23232	1.0000	0.7233	CDD_direct_multi_root	curated_root_transferred
f.0022.base-Solinvi	cdd_transfer:rvmt_broad::f.0022.base-Solinvi:modern_structural:C	modern_structural:C	CDD conserved polymerase motif C	299;300;301;302;303;304;305;306;307;308;309;310;311;312	cdd:cd23175;cdd:cd23193;cdd:cd23196;cdd:cd23197;cdd:cd23198;cdd:cd23210;cdd:cd23211;cdd:cd23212;cdd:cd23213;cdd:cd23214;cdd:cd23215;cdd:cd23216;cdd:cd23217;cdd:cd23218;cdd:cd23219;cdd:cd23220;cdd:cd23221;cdd:cd23222;cdd:cd23223;cdd:cd23225;cdd:cd23227;cdd:cd23228;cdd:cd23229;cdd:cd23230;cdd:cd23231;cdd:cd23232	0.9332	0.7916	CDD_direct_multi_root	curated_root_transferred
f.0022.base-Solinvi	cdd_transfer:rvmt_broad::f.0022.base-Solinvi:modern_structural:F	modern_structural:F	CDD conserved polymerase motif F	124;125;126;127;128;129;130;131;132;133;134;135;136;137;138;139;140;141;142;143	cdd:cd21587;cdd:cd23169;cdd:cd23192;cdd:cd23193;cdd:cd23194;cdd:cd23195;cdd:cd23197;cdd:cd23198;cdd:cd23210;cdd:cd23211;cdd:cd23212;cdd:cd23213;cdd:cd23214;cdd:cd23215;cdd:cd23216;cdd:cd23217;cdd:cd23218;cdd:cd23219;cdd:cd23220;cdd:cd23221;cdd:cd23222;cdd:cd23223;cdd:cd23225;cdd:cd23226;cdd:cd23227;cdd:cd23228;cdd:cd23229;cdd:cd23230;cdd:cd23231;cdd:cd23232	0.9221	0.7476	CDD_direct_multi_root	curated_root_transferred
f.0022.base-Solinvi	cdd_transfer:rvmt_broad::f.0022.base-Solinvi:modern_structural:G	modern_structural:G	CDD conserved polymerase motif G	79;80;81;82;83;84;85;86;87;88;89;90;91;92	cdd:cd21587	1.0000	0.7500	CDD_direct_single_root	curated_root_transferred
f.0023.base-Solinvi	cdd_transfer:rvmt_broad::f.0023.base-Solinvi:modern_structural:A	modern_structural:A	CDD conserved polymerase motif A	178;179;180;181;182;183;184;185;186;187;188;189;190;191;192	cdd:cd23172;cdd:cd23175;cdd:cd23192;cdd:cd23194;cdd:cd23198;cdd:cd23214;cdd:cd23215;cdd:cd23219;cdd:cd23227;cdd:cd23228;cdd:cd23229;cdd:cd23230;cdd:cd23231	0.9744	0.6177	CDD_direct_multi_root	curated_root_transferred
f.0023.base-Solinvi	cdd_transfer:rvmt_broad::f.0023.base-Solinvi:modern_structural:B	modern_structural:B	CDD conserved polymerase motif B	246;247;248;249;250;251;252;253;254;255;256;257;258;259;260;261;262;263;264;265;266;267;268;269	cdd:cd23169;cdd:cd23172;cdd:cd23175;cdd:cd23192;cdd:cd23194;cdd:cd23195;cdd:cd23196;cdd:cd23198;cdd:cd23211;cdd:cd23214;cdd:cd23215;cdd:cd23219;cdd:cd23227;cdd:cd23228;cdd:cd23229;cdd:cd23230;cdd:cd23231	1.0000	0.7808	CDD_direct_multi_root	curated_root_transferred
f.0023.base-Solinvi	cdd_transfer:rvmt_broad::f.0023.base-Solinvi:modern_structural:C	modern_structural:C	CDD conserved polymerase motif C	289;290;291;292;293;294;295;296;297;299;300;301;302;303;304	cdd:cd23195;cdd:cd23196;cdd:cd23198;cdd:cd23200;cdd:cd23211;cdd:cd23214;cdd:cd23215;cdd:cd23219;cdd:cd23227;cdd:cd23228;cdd:cd23229;cdd:cd23230;cdd:cd23231	0.9744	0.8479	CDD_direct_multi_root	curated_root_transferred
f.0023.base-Solinvi	cdd_transfer:rvmt_broad::f.0023.base-Solinvi:modern_structural:F	modern_structural:F	CDD conserved polymerase motif F	104;105;106;107;108;109;110;111;112;113;114;115;116;117;118;119;120;121;122;123;124;125	cdd:cd23194;cdd:cd23198;cdd:cd23199;cdd:cd23211;cdd:cd23214;cdd:cd23215;cdd:cd23219;cdd:cd23227;cdd:cd23228;cdd:cd23230	0.9750	0.7473	CDD_direct_multi_root	curated_root_transferred
f.0024.base-Solinvi	cdd_transfer:rvmt_broad::f.0024.base-Solinvi:modern_structural:B	modern_structural:B	CDD conserved polymerase motif B	271;272;273;274;275;276;277;278;279;280;281;282;283;284;285;286;287;288;289;290;291;292;293;294	cdd:cd23169;cdd:cd23171;cdd:cd23172;cdd:cd23173;cdd:cd23175;cdd:cd23192;cdd:cd23193;cdd:cd23194;cdd:cd23195;cdd:cd23196;cdd:cd23197;cdd:cd23198;cdd:cd23199;cdd:cd23200;cdd:cd23210;cdd:cd23211;cdd:cd23212;cdd:cd23213;cdd:cd23214;cdd:cd23215;cdd:cd23216;cdd:cd23217;cdd:cd23218;cdd:cd23219;cdd:cd23220;cdd:cd23221;cdd:cd23222;cdd:cd23223;cdd:cd23224;cdd:cd23225;cdd:cd23226;cdd:cd23227;cdd:cd23228;cdd:cd23229;cdd:cd23230;cdd:cd23231;cdd:cd23232	1.0000	0.7381	CDD_direct_multi_root	curated_root_transferred
f.0024.base-Solinvi	cdd_transfer:rvmt_broad::f.0024.base-Solinvi:modern_structural:C	modern_structural:C	CDD conserved polymerase motif C	310;311;312;313;314;315;316;317;318;319;320;321;322;323;324	cdd:cd23169;cdd:cd23196;cdd:cd23197;cdd:cd23198;cdd:cd23199;cdd:cd23200;cdd:cd23211;cdd:cd23212;cdd:cd23213;cdd:cd23216;cdd:cd23217;cdd:cd23218;cdd:cd23219;cdd:cd23220;cdd:cd23221;cdd:cd23224;cdd:cd23225;cdd:cd23226;cdd:cd23227;cdd:cd23228;cdd:cd23230;cdd:cd23231;cdd:cd23232	1.0000	0.8714	CDD_direct_multi_root	curated_root_transferred
f.0024.base-Solinvi	cdd_transfer:rvmt_broad::f.0024.base-Solinvi:modern_structural:F	modern_structural:F	CDD conserved polymerase motif F	130;131;132;133;134;135;136;137;138;139;140;141;142;143;144;145;146;147;148;149;150;151	cdd:cd23169;cdd:cd23192;cdd:cd23193;cdd:cd23194;cdd:cd23195;cdd:cd23196;cdd:cd23197;cdd:cd23198;cdd:cd23200;cdd:cd23210;cdd:cd23211;cdd:cd23212;cdd:cd23213;cdd:cd23214;cdd:cd23215;cdd:cd23216;cdd:cd23217;cdd:cd23218;cdd:cd23219;cdd:cd23220;cdd:cd23221;cdd:cd23222;cdd:cd23223;cdd:cd23224;cdd:cd23225;cdd:cd23226;cdd:cd23227;cdd:cd23228;cdd:cd23229;cdd:cd23230;cdd:cd23231;cdd:cd23232	0.9934	0.8930	CDD_direct_multi_root	curated_root_transferred
f.0025	cdd_transfer:rvmt_broad::f.0025:modern_structural:A	modern_structural:A	CDD conserved polymerase motif A	225;226;227;228;229;230;231;232;233;234;235;236;237;238;239	cdd:cd23175;cdd:cd23189;cdd:cd23194;cdd:cd23196;cdd:cd23198;cdd:cd23211;cdd:cd23212;cdd:cd23215;cdd:cd23216;cdd:cd23219;cdd:cd23220;cdd:cd23221;cdd:cd23222;cdd:cd23223;cdd:cd23224;cdd:cd23227;cdd:cd23232	1.0000	0.6054	CDD_direct_multi_root	curated_root_transferred
f.0025	cdd_transfer:rvmt_broad::f.0025:modern_structural:C	modern_structural:C	CDD conserved polymerase motif C	338;339;340;341;342;343;344;345;346;347;348;349;350;351;352	cdd:cd23169;cdd:cd23196;cdd:cd23211;cdd:cd23213;cdd:cd23216;cdd:cd23217;cdd:cd23219;cdd:cd23221;cdd:cd23224;cdd:cd23225;cdd:cd23227;cdd:cd23228;cdd:cd23230;cdd:cd23231;cdd:cd23232	1.0000	0.7452	CDD_direct_multi_root	curated_root_transferred
f.0025	cdd_transfer:rvmt_broad::f.0025:modern_structural:F	modern_structural:F	CDD conserved polymerase motif F	149;150;151;152;153;154;155;156;157;158;159;160;161;162;163;165;166;167;168;169;170;171	cdd:cd23169;cdd:cd23192;cdd:cd23193;cdd:cd23194;cdd:cd23195;cdd:cd23196;cdd:cd23198;cdd:cd23210;cdd:cd23211;cdd:cd23212;cdd:cd23213;cdd:cd23214;cdd:cd23215;cdd:cd23216;cdd:cd23217;cdd:cd23218;cdd:cd23219;cdd:cd23220;cdd:cd23221;cdd:cd23223;cdd:cd23224;cdd:cd23225;cdd:cd23226;cdd:cd23227;cdd:cd23228;cdd:cd23229;cdd:cd23230;cdd:cd23231;cdd:cd23232	0.9954	0.9268	CDD_direct_multi_root	curated_root_transferred
f.0026.base-Dicistro	cdd_transfer:rvmt_broad::f.0026.base-Dicistro:modern_structural:A	modern_structural:A	CDD conserved polymerase motif A	210;211;212;213;214;215;216;217;218;219;220;221;222;223;224	cdd:cd23171;cdd:cd23172;cdd:cd23173;cdd:cd23175;cdd:cd23192;cdd:cd23194;cdd:cd23196;cdd:cd23197;cdd:cd23198;cdd:cd23199;cdd:cd23210;cdd:cd23211;cdd:cd23212;cdd:cd23213;cdd:cd23214;cdd:cd23215;cdd:cd23216;cdd:cd23217;cdd:cd23218;cdd:cd23220;cdd:cd23221;cdd:cd23222;cdd:cd23223;cdd:cd23224;cdd:cd23225;cdd:cd23227;cdd:cd23228;cdd:cd23229;cdd:cd23230;cdd:cd23231;cdd:cd23232	1.0000	0.7373	CDD_direct_multi_root	curated_root_transferred
f.0026.base-Dicistro	cdd_transfer:rvmt_broad::f.0026.base-Dicistro:modern_structural:B	modern_structural:B	CDD conserved polymerase motif B	277;278;279;280;281;282;283;284;285;286;287;288;289;290;291;292;293;294;295;296;297;298;299;300	cdd:cd23171;cdd:cd23172;cdd:cd23175;cdd:cd23192;cdd:cd23194;cdd:cd23195;cdd:cd23196;cdd:cd23197;cdd:cd23198;cdd:cd23210;cdd:cd23211;cdd:cd23212;cdd:cd23213;cdd:cd23214;cdd:cd23215;cdd:cd23216;cdd:cd23217;cdd:cd23218;cdd:cd23219;cdd:cd23220;cdd:cd23221;cdd:cd23222;cdd:cd23223;cdd:cd23224;cdd:cd23225;cdd:cd23226;cdd:cd23227;cdd:cd23228;cdd:cd23229;cdd:cd23230;cdd:cd23231;cdd:cd23232	1.0000	0.7923	CDD_direct_multi_root	curated_root_transferred
f.0026.base-Dicistro	cdd_transfer:rvmt_broad::f.0026.base-Dicistro:modern_structural:C	modern_structural:C	CDD conserved polymerase motif C	316;317;318;319;320;321;322;323;324;325;326;327;328;329;330	cdd:cd23169;cdd:cd23173;cdd:cd23175;cdd:cd23196;cdd:cd23197;cdd:cd23198;cdd:cd23199;cdd:cd23200;cdd:cd23211;cdd:cd23212;cdd:cd23213;cdd:cd23214;cdd:cd23215;cdd:cd23216;cdd:cd23217;cdd:cd23218;cdd:cd23219;cdd:cd23220;cdd:cd23223;cdd:cd23224;cdd:cd23225;cdd:cd23226;cdd:cd23227;cdd:cd23228;cdd:cd23229;cdd:cd23230;cdd:cd23231;cdd:cd23232	0.9974	0.7459	CDD_direct_multi_root	curated_root_transferred
f.0026.base-Dicistro	cdd_transfer:rvmt_broad::f.0026.base-Dicistro:modern_structural:F	modern_structural:F	CDD conserved polymerase motif F	130;131;132;133;134;135;136;137;138;139;140;141;142;148;149;150;151;152;153;154;155;156	cdd:cd23169;cdd:cd23192;cdd:cd23193;cdd:cd23194;cdd:cd23195;cdd:cd23196;cdd:cd23197;cdd:cd23198;cdd:cd23199;cdd:cd23200;cdd:cd23210;cdd:cd23211;cdd:cd23212;cdd:cd23213;cdd:cd23214;cdd:cd23215;cdd:cd23216;cdd:cd23217;cdd:cd23218;cdd:cd23219;cdd:cd23220;cdd:cd23221;cdd:cd23222;cdd:cd23223;cdd:cd23224;cdd:cd23225;cdd:cd23226;cdd:cd23227;cdd:cd23228;cdd:cd23229;cdd:cd23230;cdd:cd23231;cdd:cd23232	1.0000	0.7274	CDD_direct_multi_root	curated_root_transferred
f.0027.base-Dicistro	cdd_transfer:rvmt_broad::f.0027.base-Dicistro:modern_structural:A	modern_structural:A	CDD conserved polymerase motif A	209;210;211;212;213;214;215;216;217;218;219;220;221;222;223	cdd:cd23175;cdd:cd23192;cdd:cd23193;cdd:cd23194;cdd:cd23195;cdd:cd23196;cdd:cd23198;cdd:cd23199;cdd:cd23210;cdd:cd23211;cdd:cd23214;cdd:cd23215;cdd:cd23216;cdd:cd23217;cdd:cd23218;cdd:cd23219;cdd:cd23221;cdd:cd23222;cdd:cd23223;cdd:cd23224;cdd:cd23226;cdd:cd23228;cdd:cd23229;cdd:cd23230;cdd:cd23231;cdd:cd23232	1.0000	0.7795	CDD_direct_multi_root	curated_root_transferred
f.0027.base-Dicistro	cdd_transfer:rvmt_broad::f.0027.base-Dicistro:modern_structural:B	modern_structural:B	CDD conserved polymerase motif B	276;277;278;279;280;281;282;283;284;285;286;287;288;289;290;291;292;293;294;295;296;297;298;299	cdd:cd23175;cdd:cd23192;cdd:cd23194;cdd:cd23195;cdd:cd23196;cdd:cd23198;cdd:cd23199;cdd:cd23210;cdd:cd23211;cdd:cd23214;cdd:cd23215;cdd:cd23216;cdd:cd23217;cdd:cd23218;cdd:cd23219;cdd:cd23221;cdd:cd23222;cdd:cd23223;cdd:cd23224;cdd:cd23226;cdd:cd23228;cdd:cd23229;cdd:cd23230;cdd:cd23231;cdd:cd23232	1.0000	0.6590	CDD_direct_multi_root	curated_root_transferred
f.0027.base-Dicistro	cdd_transfer:rvmt_broad::f.0027.base-Dicistro:modern_structural:C	modern_structural:C	CDD conserved polymerase motif C	350;351;352;353;354;355;356;357;358;359;360;361;362;363;364	cdd:cd23169;cdd:cd23175;cdd:cd23193;cdd:cd23194;cdd:cd23195;cdd:cd23196;cdd:cd23198;cdd:cd23199;cdd:cd23200;cdd:cd23210;cdd:cd23211;cdd:cd23214;cdd:cd23215;cdd:cd23216;cdd:cd23217;cdd:cd23218;cdd:cd23219;cdd:cd23221;cdd:cd23222;cdd:cd23223;cdd:cd23224;cdd:cd23226;cdd:cd23228;cdd:cd23229;cdd:cd23230;cdd:cd23231;cdd:cd23232	0.9852	0.7041	CDD_direct_multi_root	curated_root_transferred
f.0027.base-Dicistro	cdd_transfer:rvmt_broad::f.0027.base-Dicistro:modern_structural:F	modern_structural:F	CDD conserved polymerase motif F	137;138;139;140;141;142;143;144;145;146;147;148;149;150;151;152;153;154;155;156	cdd:cd23169;cdd:cd23192;cdd:cd23193;cdd:cd23194;cdd:cd23195;cdd:cd23196;cdd:cd23198;cdd:cd23210;cdd:cd23211;cdd:cd23214;cdd:cd23215;cdd:cd23216;cdd:cd23217;cdd:cd23218;cdd:cd23219;cdd:cd23221;cdd:cd23222;cdd:cd23223;cdd:cd23224;cdd:cd23226;cdd:cd23228;cdd:cd23229;cdd:cd23230;cdd:cd23231;cdd:cd23232	0.9187	0.6156	CDD_direct_multi_root	curated_root_transferred
f.0028.base-Dicistro	cdd_transfer:rvmt_broad::f.0028.base-Dicistro:modern_structural:A	modern_structural:A	CDD conserved polymerase motif A	214;215;216;217;218;219;220;221;222;223;224;225;226;227;228	cdd:cd23171;cdd:cd23172;cdd:cd23173;cdd:cd23175;cdd:cd23192;cdd:cd23193;cdd:cd23194;cdd:cd23195;cdd:cd23196;cdd:cd23197;cdd:cd23198;cdd:cd23199;cdd:cd23211;cdd:cd23212;cdd:cd23213;cdd:cd23214;cdd:cd23215;cdd:cd23216;cdd:cd23217;cdd:cd23218;cdd:cd23219;cdd:cd23220;cdd:cd23221;cdd:cd23222;cdd:cd23223;cdd:cd23224;cdd:cd23225;cdd:cd23226;cdd:cd23227;cdd:cd23228;cdd:cd23229;cdd:cd23230;cdd:cd23231	1.0000	0.7552	CDD_direct_multi_root	curated_root_transferred
f.0028.base-Dicistro	cdd_transfer:rvmt_broad::f.0028.base-Dicistro:modern_structural:B	modern_structural:B	CDD conserved polymerase motif B	278;279;280;281;282;283;284;285;286;287;288;289;290;291;292;293;294;295;296;297;298;299;300;301	cdd:cd23171;cdd:cd23172;cdd:cd23175;cdd:cd23192;cdd:cd23194;cdd:cd23195;cdd:cd23196;cdd:cd23197;cdd:cd23198;cdd:cd23210;cdd:cd23211;cdd:cd23212;cdd:cd23213;cdd:cd23214;cdd:cd23215;cdd:cd23216;cdd:cd23217;cdd:cd23218;cdd:cd23219;cdd:cd23220;cdd:cd23221;cdd:cd23222;cdd:cd23223;cdd:cd23224;cdd:cd23225;cdd:cd23226;cdd:cd23227;cdd:cd23228;cdd:cd23229;cdd:cd23230;cdd:cd23231;cdd:cd23232	1.0000	0.8166	CDD_direct_multi_root	curated_root_transferred
f.0028.base-Dicistro	cdd_transfer:rvmt_broad::f.0028.base-Dicistro:modern_structural:C	modern_structural:C	CDD conserved polymerase motif C	316;317;318;319;320;321;322;323;324;325;326;327;328;329;330	cdd:cd23197;cdd:cd23211;cdd:cd23213;cdd:cd23216;cdd:cd23217;cdd:cd23218;cdd:cd23220;cdd:cd23221;cdd:cd23225;cdd:cd23227;cdd:cd23228;cdd:cd23230;cdd:cd23232	1.0000	0.7692	CDD_direct_multi_root	curated_root_transferred
f.0028.base-Dicistro	cdd_transfer:rvmt_broad::f.0028.base-Dicistro:modern_structural:F	modern_structural:F	CDD conserved polymerase motif F	139;140;141;142;143;144;145;146;147;148;149;150;151;152;153;154;155;156;157;158;159;160	cdd:cd23169;cdd:cd23192;cdd:cd23193;cdd:cd23194;cdd:cd23195;cdd:cd23196;cdd:cd23197;cdd:cd23198;cdd:cd23199;cdd:cd23210;cdd:cd23211;cdd:cd23212;cdd:cd23213;cdd:cd23214;cdd:cd23215;cdd:cd23216;cdd:cd23217;cdd:cd23218;cdd:cd23219;cdd:cd23220;cdd:cd23221;cdd:cd23222;cdd:cd23223;cdd:cd23224;cdd:cd23225;cdd:cd23226;cdd:cd23227;cdd:cd23228;cdd:cd23229;cdd:cd23230;cdd:cd23231;cdd:cd23232	0.9960	0.8402	CDD_direct_multi_root	curated_root_transferred
f.0029.base-Dicistro	cdd_transfer:rvmt_broad::f.0029.base-Dicistro:modern_structural:A	modern_structural:A	CDD conserved polymerase motif A	218;219;220;221;222;223;224;225;226;227;228;229;230;231;232	cdd:cd23171;cdd:cd23172;cdd:cd23175;cdd:cd23192;cdd:cd23193;cdd:cd23194;cdd:cd23195;cdd:cd23196;cdd:cd23197;cdd:cd23198;cdd:cd23199;cdd:cd23210;cdd:cd23211;cdd:cd23212;cdd:cd23213;cdd:cd23214;cdd:cd23215;cdd:cd23216;cdd:cd23217;cdd:cd23218;cdd:cd23219;cdd:cd23220;cdd:cd23221;cdd:cd23222;cdd:cd23223;cdd:cd23224;cdd:cd23225;cdd:cd23226;cdd:cd23227;cdd:cd23228;cdd:cd23229;cdd:cd23230;cdd:cd23231;cdd:cd23232	0.9922	0.7083	CDD_direct_multi_root	curated_root_transferred
f.0029.base-Dicistro	cdd_transfer:rvmt_broad::f.0029.base-Dicistro:modern_structural:B	modern_structural:B	CDD conserved polymerase motif B	289;290;291;292;293;294;295;296;297;298;299;300;301;302;303;304;305;306;307;308;309;310;311;312	cdd:cd23169;cdd:cd23171;cdd:cd23172;cdd:cd23175;cdd:cd23193;cdd:cd23194;cdd:cd23195;cdd:cd23196;cdd:cd23197;cdd:cd23198;cdd:cd23200;cdd:cd23211;cdd:cd23212;cdd:cd23214;cdd:cd23217;cdd:cd23219;cdd:cd23222;cdd:cd23224;cdd:cd23225;cdd:cd23226;cdd:cd23227;cdd:cd23228;cdd:cd23231	1.0000	0.5878	CDD_direct_multi_root	curated_root_transferred
f.0029.base-Dicistro	cdd_transfer:rvmt_broad::f.0029.base-Dicistro:modern_structural:C	modern_structural:C	CDD conserved polymerase motif C	333;334;335;336;337;338;339;340;341;342;343;344;345;346;347	cdd:cd23169;cdd:cd23171;cdd:cd23175;cdd:cd23193;cdd:cd23194;cdd:cd23195;cdd:cd23196;cdd:cd23197;cdd:cd23198;cdd:cd23199;cdd:cd23200;cdd:cd23211;cdd:cd23212;cdd:cd23213;cdd:cd23214;cdd:cd23215;cdd:cd23216;cdd:cd23217;cdd:cd23218;cdd:cd23219;cdd:cd23220;cdd:cd23221;cdd:cd23222;cdd:cd23223;cdd:cd23224;cdd:cd23225;cdd:cd23226;cdd:cd23227;cdd:cd23228;cdd:cd23229;cdd:cd23230;cdd:cd23231;cdd:cd23232	0.9919	0.7646	CDD_direct_multi_root	curated_root_transferred
f.0029.base-Dicistro	cdd_transfer:rvmt_broad::f.0029.base-Dicistro:modern_structural:F	modern_structural:F	CDD conserved polymerase motif F	137;138;139;140;141;142;143;144;145;146;147;148;149;150;151;152;153;154;155;156;157;158	cdd:cd23169;cdd:cd23192;cdd:cd23193;cdd:cd23194;cdd:cd23195;cdd:cd23196;cdd:cd23197;cdd:cd23198;cdd:cd23199;cdd:cd23210;cdd:cd23211;cdd:cd23212;cdd:cd23213;cdd:cd23214;cdd:cd23215;cdd:cd23216;cdd:cd23217;cdd:cd23218;cdd:cd23219;cdd:cd23220;cdd:cd23221;cdd:cd23222;cdd:cd23223;cdd:cd23224;cdd:cd23225;cdd:cd23226;cdd:cd23227;cdd:cd23228;cdd:cd23229;cdd:cd23230;cdd:cd23231;cdd:cd23232	0.9921	0.8322	CDD_direct_multi_root	curated_root_transferred
f.0030	cdd_transfer:rvmt_broad::f.0030:modern_structural:F	modern_structural:F	CDD conserved polymerase motif F	138;139;140;141;142;143;144;145;146;147;148;149;150;151;152;153;154;155;156;157;158;159	cdd:cd23169;cdd:cd23192;cdd:cd23193;cdd:cd23194;cdd:cd23195;cdd:cd23196;cdd:cd23197;cdd:cd23198;cdd:cd23210;cdd:cd23211;cdd:cd23212;cdd:cd23213;cdd:cd23214;cdd:cd23215;cdd:cd23216;cdd:cd23217;cdd:cd23218;cdd:cd23219;cdd:cd23220;cdd:cd23221;cdd:cd23222;cdd:cd23223;cdd:cd23224;cdd:cd23225;cdd:cd23226;cdd:cd23227;cdd:cd23228;cdd:cd23229;cdd:cd23230;cdd:cd23231;cdd:cd23232	0.9959	0.9542	CDD_direct_multi_root	curated_root_transferred
f.0031	cdd_transfer:rvmt_broad::f.0031:modern_structural:A	modern_structural:A	CDD conserved polymerase motif A	223;224;225;226;227;228;229;230;231;232;241;242;243;245;246	cdd:cd23230	1.0000	0.5000	CDD_direct_single_root	curated_root_transferred
f.0031	cdd_transfer:rvmt_broad::f.0031:modern_structural:B	modern_structural:B	CDD conserved polymerase motif B	293;294;295;296;297;298;299;300;301;302;303;304;305;306;307;308;309;310;311;312;313;314;315;316	cdd:cd23172;cdd:cd23175;cdd:cd23192;cdd:cd23194;cdd:cd23195;cdd:cd23196;cdd:cd23197;cdd:cd23198;cdd:cd23210;cdd:cd23211;cdd:cd23212;cdd:cd23213;cdd:cd23214;cdd:cd23216;cdd:cd23217;cdd:cd23218;cdd:cd23219;cdd:cd23220;cdd:cd23221;cdd:cd23223;cdd:cd23224;cdd:cd23225;cdd:cd23226;cdd:cd23227;cdd:cd23228;cdd:cd23229;cdd:cd23230;cdd:cd23232	0.9985	0.6738	CDD_direct_multi_root	curated_root_transferred
f.0031	cdd_transfer:rvmt_broad::f.0031:modern_structural:C	modern_structural:C	CDD conserved polymerase motif C	344;345;346;347;348;349;350;351;352;353;354;355;356;357	cdd:cd23197;cdd:cd23198;cdd:cd23211;cdd:cd23212;cdd:cd23213;cdd:cd23214;cdd:cd23216;cdd:cd23217;cdd:cd23218;cdd:cd23220;cdd:cd23221;cdd:cd23222;cdd:cd23223;cdd:cd23224;cdd:cd23225;cdd:cd23226;cdd:cd23227;cdd:cd23228;cdd:cd23230;cdd:cd23232	1.0000	0.7526	CDD_direct_multi_root	curated_root_transferred
f.0031	cdd_transfer:rvmt_broad::f.0031:modern_structural:F	modern_structural:F	CDD conserved polymerase motif F	140;141;142;143;144;145;146;147;148;149;150;151;152;153;154;155;156;157;158;159;160;161	cdd:cd23169;cdd:cd23192;cdd:cd23193;cdd:cd23194;cdd:cd23195;cdd:cd23196;cdd:cd23197;cdd:cd23198;cdd:cd23210;cdd:cd23211;cdd:cd23212;cdd:cd23213;cdd:cd23214;cdd:cd23216;cdd:cd23217;cdd:cd23218;cdd:cd23219;cdd:cd23220;cdd:cd23221;cdd:cd23222;cdd:cd23223;cdd:cd23224;cdd:cd23225;cdd:cd23226;cdd:cd23227;cdd:cd23228;cdd:cd23229;cdd:cd23230;cdd:cd23232	0.9907	0.8275	CDD_direct_multi_root	curated_root_transferred
f.0032	cdd_transfer:rvmt_broad::f.0032:modern_structural:A	modern_structural:A	CDD conserved polymerase motif A	190;191;192;193;194;195;196;197;198;199;200;201;202;203;204	cdd:cd23175;cdd:cd23194;cdd:cd23197;cdd:cd23198;cdd:cd23211;cdd:cd23213;cdd:cd23214;cdd:cd23215;cdd:cd23216;cdd:cd23217;cdd:cd23218;cdd:cd23220;cdd:cd23221;cdd:cd23222;cdd:cd23224;cdd:cd23227;cdd:cd23228;cdd:cd23229;cdd:cd23230;cdd:cd23231	1.0000	0.6396	CDD_direct_multi_root	curated_root_transferred
f.0032	cdd_transfer:rvmt_broad::f.0032:modern_structural:B	modern_structural:B	CDD conserved polymerase motif B	254;255;256;257;258;259;260;261;262;263;264;265;266;267;268;269;270;271;272;273;274;275;276;277	cdd:cd23171;cdd:cd23172;cdd:cd23175;cdd:cd23194;cdd:cd23195;cdd:cd23196;cdd:cd23197;cdd:cd23198;cdd:cd23210;cdd:cd23211;cdd:cd23212;cdd:cd23213;cdd:cd23214;cdd:cd23215;cdd:cd23216;cdd:cd23217;cdd:cd23218;cdd:cd23219;cdd:cd23220;cdd:cd23221;cdd:cd23222;cdd:cd23223;cdd:cd23224;cdd:cd23225;cdd:cd23226;cdd:cd23227;cdd:cd23228;cdd:cd23229;cdd:cd23230;cdd:cd23231;cdd:cd23232	0.9987	0.7157	CDD_direct_multi_root	curated_root_transferred
f.0032	cdd_transfer:rvmt_broad::f.0032:modern_structural:C	modern_structural:C	CDD conserved polymerase motif C	297;298;299;300;301;302;303;304;305;306;307;308;309;310;311	cdd:cd23169;cdd:cd23171;cdd:cd23173;cdd:cd23175;cdd:cd23193;cdd:cd23194;cdd:cd23195;cdd:cd23196;cdd:cd23197;cdd:cd23198;cdd:cd23199;cdd:cd23200;cdd:cd23211;cdd:cd23212;cdd:cd23213;cdd:cd23214;cdd:cd23215;cdd:cd23216;cdd:cd23217;cdd:cd23218;cdd:cd23219;cdd:cd23220;cdd:cd23221;cdd:cd23222;cdd:cd23223;cdd:cd23224;cdd:cd23225;cdd:cd23226;cdd:cd23227;cdd:cd23228;cdd:cd23229;cdd:cd23230;cdd:cd23231;cdd:cd23232	0.9979	0.6821	CDD_direct_multi_root	curated_root_transferred
f.0032	cdd_transfer:rvmt_broad::f.0032:modern_structural:F	modern_structural:F	CDD conserved polymerase motif F	117;118;119;120;121;122;123;124;125;126;127;128;129;130;131;132;133;134;135;136	cdd:cd23169;cdd:cd23192;cdd:cd23193;cdd:cd23194;cdd:cd23195;cdd:cd23196;cdd:cd23197;cdd:cd23198;cdd:cd23199;cdd:cd23210;cdd:cd23211;cdd:cd23212;cdd:cd23213;cdd:cd23214;cdd:cd23215;cdd:cd23216;cdd:cd23217;cdd:cd23218;cdd:cd23219;cdd:cd23220;cdd:cd23221;cdd:cd23222;cdd:cd23223;cdd:cd23224;cdd:cd23225;cdd:cd23226;cdd:cd23227;cdd:cd23228;cdd:cd23229;cdd:cd23230;cdd:cd23231;cdd:cd23232	0.9210	0.7123	CDD_direct_multi_root	curated_root_transferred
f.0033	cdd_transfer:rvmt_broad::f.0033:modern_structural:F	modern_structural:F	CDD conserved polymerase motif F	136;137;138;139;140;141;142;143;144;145;146;147;148;149;150;151;152;153;154;155;156;157	cdd:cd23169;cdd:cd23192;cdd:cd23193;cdd:cd23194;cdd:cd23195;cdd:cd23196;cdd:cd23197;cdd:cd23198;cdd:cd23199;cdd:cd23210;cdd:cd23211;cdd:cd23212;cdd:cd23213;cdd:cd23214;cdd:cd23215;cdd:cd23216;cdd:cd23217;cdd:cd23218;cdd:cd23219;cdd:cd23220;cdd:cd23221;cdd:cd23222;cdd:cd23223;cdd:cd23224;cdd:cd23225;cdd:cd23226;cdd:cd23227;cdd:cd23228;cdd:cd23229;cdd:cd23230;cdd:cd23231;cdd:cd23232	0.9947	0.8389	CDD_direct_multi_root	curated_root_transferred
f.0034	cdd_transfer:rvmt_broad::f.0034:modern_structural:A	modern_structural:A	CDD conserved polymerase motif A	214;215;216;217;218;219;220;221;222;223;224;225;226;227;228	cdd:cd23175;cdd:cd23211;cdd:cd23213;cdd:cd23215;cdd:cd23217;cdd:cd23218;cdd:cd23219;cdd:cd23220;cdd:cd23222;cdd:cd23223;cdd:cd23227;cdd:cd23228;cdd:cd23229;cdd:cd23230;cdd:cd23231	1.0000	0.5500	CDD_direct_multi_root	curated_root_transferred
f.0034	cdd_transfer:rvmt_broad::f.0034:modern_structural:B	modern_structural:B	CDD conserved polymerase motif B	280;281;282;283;284;285;286;287;288;289;290;291;292;293;294;295;296;297;298;299;300;301;302;303	cdd:cd23171;cdd:cd23172;cdd:cd23175;cdd:cd23192;cdd:cd23194;cdd:cd23195;cdd:cd23196;cdd:cd23197;cdd:cd23198;cdd:cd23211;cdd:cd23212;cdd:cd23213;cdd:cd23215;cdd:cd23216;cdd:cd23217;cdd:cd23218;cdd:cd23219;cdd:cd23220;cdd:cd23222;cdd:cd23223;cdd:cd23226;cdd:cd23227;cdd:cd23228;cdd:cd23229;cdd:cd23230;cdd:cd23231	1.0000	0.7317	CDD_direct_multi_root	curated_root_transferred
f.0034	cdd_transfer:rvmt_broad::f.0034:modern_structural:C	modern_structural:C	CDD conserved polymerase motif C	323;324;325;326;327;328;329;330;331;332;333;334;335;336;337	cdd:cd23169;cdd:cd23193;cdd:cd23196;cdd:cd23197;cdd:cd23199;cdd:cd23200;cdd:cd23211;cdd:cd23212;cdd:cd23213;cdd:cd23215;cdd:cd23216;cdd:cd23217;cdd:cd23218;cdd:cd23219;cdd:cd23220;cdd:cd23223;cdd:cd23226;cdd:cd23227;cdd:cd23228;cdd:cd23229;cdd:cd23230;cdd:cd23231	1.0000	0.8891	CDD_direct_multi_root	curated_root_transferred
f.0035	cdd_transfer:rvmt_broad::f.0035:modern_structural:A	modern_structural:A	CDD conserved polymerase motif A	211;212;213;214;215;216;217;218;219;220;221;222;223;224;225	cdd:cd23175;cdd:cd23194;cdd:cd23195;cdd:cd23196;cdd:cd23198;cdd:cd23212;cdd:cd23213;cdd:cd23214;cdd:cd23215;cdd:cd23217;cdd:cd23218;cdd:cd23222;cdd:cd23223;cdd:cd23224;cdd:cd23225;cdd:cd23226;cdd:cd23227;cdd:cd23228;cdd:cd23229;cdd:cd23230;cdd:cd23231	0.9968	0.6908	CDD_direct_multi_root	curated_root_transferred
f.0035	cdd_transfer:rvmt_broad::f.0035:modern_structural:B	modern_structural:B	CDD conserved polymerase motif B	276;277;278;279;280;281;282;283;284;285;286;287;288;289;290;291;292;293;294;295;296;297;298;299	cdd:cd23169;cdd:cd23171;cdd:cd23175;cdd:cd23192;cdd:cd23194;cdd:cd23195;cdd:cd23196;cdd:cd23198;cdd:cd23210;cdd:cd23212;cdd:cd23213;cdd:cd23214;cdd:cd23215;cdd:cd23217;cdd:cd23218;cdd:cd23219;cdd:cd23222;cdd:cd23223;cdd:cd23224;cdd:cd23225;cdd:cd23226;cdd:cd23227;cdd:cd23228;cdd:cd23229;cdd:cd23230;cdd:cd23231	0.9984	0.7622	CDD_direct_multi_root	curated_root_transferred
f.0035	cdd_transfer:rvmt_broad::f.0035:modern_structural:C	modern_structural:C	CDD conserved polymerase motif C	312;313;314;315;316;317;318;319;320;321;322;323;324;325;326	cdd:cd23169;cdd:cd23171;cdd:cd23193;cdd:cd23194;cdd:cd23196;cdd:cd23198;cdd:cd23200;cdd:cd23212;cdd:cd23213;cdd:cd23214;cdd:cd23215;cdd:cd23217;cdd:cd23218;cdd:cd23219;cdd:cd23222;cdd:cd23223;cdd:cd23224;cdd:cd23225;cdd:cd23226;cdd:cd23227;cdd:cd23228;cdd:cd23229;cdd:cd23230;cdd:cd23231	1.0000	0.7091	CDD_direct_multi_root	curated_root_transferred
f.0035	cdd_transfer:rvmt_broad::f.0035:modern_structural:F	modern_structural:F	CDD conserved polymerase motif F	135;136;137;138;139;140;141;142;143;144;145;146;147;148;149;150;151;152;153;154;155;156	cdd:cd23169;cdd:cd23192;cdd:cd23193;cdd:cd23194;cdd:cd23195;cdd:cd23196;cdd:cd23198;cdd:cd23199;cdd:cd23210;cdd:cd23212;cdd:cd23213;cdd:cd23214;cdd:cd23215;cdd:cd23217;cdd:cd23218;cdd:cd23219;cdd:cd23222;cdd:cd23223;cdd:cd23224;cdd:cd23225;cdd:cd23226;cdd:cd23227;cdd:cd23228;cdd:cd23229;cdd:cd23230;cdd:cd23231	0.9929	0.6992	CDD_direct_multi_root	curated_root_transferred
f.0036.base-Picorna	cdd_transfer:rvmt_broad::f.0036.base-Picorna:modern_structural:A	modern_structural:A	CDD conserved polymerase motif A	232;233;234;235;236;237;238;239;240;241;242;243;244;245;246	cdd:cd23171;cdd:cd23173;cdd:cd23175;cdd:cd23192;cdd:cd23193;cdd:cd23194;cdd:cd23195;cdd:cd23196;cdd:cd23198;cdd:cd23210;cdd:cd23211;cdd:cd23212;cdd:cd23213;cdd:cd23214;cdd:cd23215;cdd:cd23217;cdd:cd23218;cdd:cd23219;cdd:cd23220;cdd:cd23221;cdd:cd23222;cdd:cd23223;cdd:cd23224;cdd:cd23225;cdd:cd23226;cdd:cd23227;cdd:cd23228;cdd:cd23229;cdd:cd23230;cdd:cd23231;cdd:cd23232	0.9978	0.7423	CDD_direct_multi_root	curated_root_transferred
f.0036.base-Picorna	cdd_transfer:rvmt_broad::f.0036.base-Picorna:modern_structural:B	modern_structural:B	CDD conserved polymerase motif B	292;293;294;295;296;297;298;299;300;301;302;303;304;305;306;307;308;309;310;311;312;313;314;315	cdd:cd23169;cdd:cd23171;cdd:cd23173;cdd:cd23192;cdd:cd23193;cdd:cd23194;cdd:cd23195;cdd:cd23196;cdd:cd23198;cdd:cd23200;cdd:cd23210;cdd:cd23211;cdd:cd23212;cdd:cd23213;cdd:cd23214;cdd:cd23215;cdd:cd23217;cdd:cd23218;cdd:cd23219;cdd:cd23220;cdd:cd23221;cdd:cd23222;cdd:cd23223;cdd:cd23224;cdd:cd23225;cdd:cd23226;cdd:cd23227;cdd:cd23228;cdd:cd23229;cdd:cd23230;cdd:cd23231;cdd:cd23232	0.9895	0.7313	CDD_direct_multi_root	curated_root_transferred
f.0036.base-Picorna	cdd_transfer:rvmt_broad::f.0036.base-Picorna:modern_structural:C	modern_structural:C	CDD conserved polymerase motif C	330;331;332;333;334;335;336;337;338;339;340;341;342;343;344	cdd:cd23169;cdd:cd23171;cdd:cd23173;cdd:cd23175;cdd:cd23193;cdd:cd23194;cdd:cd23195;cdd:cd23196;cdd:cd23198;cdd:cd23200;cdd:cd23210;cdd:cd23211;cdd:cd23212;cdd:cd23213;cdd:cd23214;cdd:cd23215;cdd:cd23217;cdd:cd23218;cdd:cd23219;cdd:cd23220;cdd:cd23221;cdd:cd23222;cdd:cd23223;cdd:cd23224;cdd:cd23225;cdd:cd23226;cdd:cd23227;cdd:cd23228;cdd:cd23229;cdd:cd23230;cdd:cd23231;cdd:cd23232	0.9979	0.7675	CDD_direct_multi_root	curated_root_transferred
f.0036.base-Picorna	cdd_transfer:rvmt_broad::f.0036.base-Picorna:modern_structural:F	modern_structural:F	CDD conserved polymerase motif F	148;149;150;151;152;153;154;155;156;157;158;159;160;161;162;163;164;165;166;167;168;169	cdd:cd23169;cdd:cd23192;cdd:cd23193;cdd:cd23194;cdd:cd23195;cdd:cd23196;cdd:cd23198;cdd:cd23210;cdd:cd23211;cdd:cd23212;cdd:cd23213;cdd:cd23214;cdd:cd23215;cdd:cd23217;cdd:cd23218;cdd:cd23219;cdd:cd23220;cdd:cd23221;cdd:cd23222;cdd:cd23223;cdd:cd23224;cdd:cd23225;cdd:cd23226;cdd:cd23227;cdd:cd23228;cdd:cd23229;cdd:cd23230;cdd:cd23231;cdd:cd23232	0.9943	0.7769	CDD_direct_multi_root	curated_root_transferred
f.0037.base-Calici	cdd_transfer:rvmt_broad::f.0037.base-Calici:modern_structural:C	modern_structural:C	CDD conserved polymerase motif C	327;328;329;330;331;332;333;334;335;336;337;338;339;340;341	cdd:cd23197;cdd:cd23211;cdd:cd23212;cdd:cd23213;cdd:cd23214;cdd:cd23216;cdd:cd23217;cdd:cd23218;cdd:cd23221;cdd:cd23225;cdd:cd23226;cdd:cd23227;cdd:cd23228	1.0000	0.8098	CDD_direct_multi_root	curated_root_transferred
f.0038.base-Marna	cdd_transfer:rvmt_broad::f.0038.base-Marna:modern_structural:A	modern_structural:A	CDD conserved polymerase motif A	195;196;197;198;199;200;201;202;203;204;205;206;207;208;209	cdd:cd23194;cdd:cd23195;cdd:cd23196;cdd:cd23226	1.0000	0.6667	CDD_direct_multi_root	curated_root_transferred
f.0038.base-Marna	cdd_transfer:rvmt_broad::f.0038.base-Marna:modern_structural:B	modern_structural:B	CDD conserved polymerase motif B	269;270;271;272;273;274;275;276;277;278;279;280;281;282;283;284;285;286;287;288;289;294;295;296	cdd:cd23194;cdd:cd23195;cdd:cd23196;cdd:cd23200;cdd:cd23226	1.0000	0.6189	CDD_direct_multi_root	curated_root_transferred
f.0038.base-Marna	cdd_transfer:rvmt_broad::f.0038.base-Marna:modern_structural:C	modern_structural:C	CDD conserved polymerase motif C	349;350;351;352;353;354;355;356;357;358;359;360;361;362;363	cdd:cd23169;cdd:cd23193;cdd:cd23194;cdd:cd23196;cdd:cd23200;cdd:cd23226	1.0000	0.8415	CDD_direct_multi_root	curated_root_transferred
f.0038.base-Marna	cdd_transfer:rvmt_broad::f.0038.base-Marna:modern_structural:F	modern_structural:F	CDD conserved polymerase motif F	114;115;116;117;118;119;120;121;122;123;124;125;126;129;130;131;132;133;134;135	cdd:cd23169;cdd:cd23193;cdd:cd23194;cdd:cd23195;cdd:cd23196;cdd:cd23200;cdd:cd23226	1.0000	0.7218	CDD_direct_multi_root	curated_root_transferred
f.0039.base-Marna	cdd_transfer:rvmt_broad::f.0039.base-Marna:modern_structural:A	modern_structural:A	CDD conserved polymerase motif A	196;197;198;199;200;201;202;203;204;205;206;207;208;209;210	cdd:cd23194;cdd:cd23211;cdd:cd23215;cdd:cd23218;cdd:cd23219;cdd:cd23220;cdd:cd23224;cdd:cd23228;cdd:cd23229;cdd:cd23230;cdd:cd23231	1.0000	0.7955	CDD_direct_multi_root	curated_root_transferred
f.0039.base-Marna	cdd_transfer:rvmt_broad::f.0039.base-Marna:modern_structural:B	modern_structural:B	CDD conserved polymerase motif B	263;264;265;266;267;268;269;270;271;272;273;274;275;276;277;278;279;280;281;282;283;284;285;286	cdd:cd23175;cdd:cd23195;cdd:cd23196;cdd:cd23197;cdd:cd23210;cdd:cd23211;cdd:cd23213;cdd:cd23215;cdd:cd23218;cdd:cd23219;cdd:cd23220;cdd:cd23224;cdd:cd23225;cdd:cd23228;cdd:cd23230;cdd:cd23231;cdd:cd23232	1.0000	0.7807	CDD_direct_multi_root	curated_root_transferred
f.0039.base-Marna	cdd_transfer:rvmt_broad::f.0039.base-Marna:modern_structural:C	modern_structural:C	CDD conserved polymerase motif C	302;303;304;305;306;307;308;309;310;311;312;313;314;316;317	cdd:cd23195;cdd:cd23196;cdd:cd23197;cdd:cd23211;cdd:cd23213;cdd:cd23215;cdd:cd23218;cdd:cd23220;cdd:cd23224;cdd:cd23225;cdd:cd23226;cdd:cd23229;cdd:cd23230;cdd:cd23231;cdd:cd23232	0.9644	0.6345	CDD_direct_multi_root	curated_root_transferred
f.0040.base-Marna	cdd_transfer:rvmt_broad::f.0040.base-Marna:modern_structural:B	modern_structural:B	CDD conserved polymerase motif B	257;258;259;260;261;262;263;264;265;266;267;268;269;270;271;272;273;274;275;276;277;278;279;280	cdd:cd23175;cdd:cd23195;cdd:cd23196;cdd:cd23197;cdd:cd23198;cdd:cd23211;cdd:cd23212;cdd:cd23213;cdd:cd23214;cdd:cd23215;cdd:cd23217;cdd:cd23218;cdd:cd23219;cdd:cd23221;cdd:cd23223;cdd:cd23224;cdd:cd23225;cdd:cd23226;cdd:cd23227;cdd:cd23228;cdd:cd23229;cdd:cd23230;cdd:cd23231	1.0000	0.7226	CDD_direct_multi_root	curated_root_transferred
f.0040.base-Marna	cdd_transfer:rvmt_broad::f.0040.base-Marna:modern_structural:C	modern_structural:C	CDD conserved polymerase motif C	318;319;320;321;322;323;324;325;326;327;328;329;330;331;332	cdd:cd23169;cdd:cd23173;cdd:cd23175;cdd:cd23193;cdd:cd23194;cdd:cd23195;cdd:cd23196;cdd:cd23197;cdd:cd23198;cdd:cd23200;cdd:cd23211;cdd:cd23212;cdd:cd23213;cdd:cd23214;cdd:cd23215;cdd:cd23216;cdd:cd23217;cdd:cd23218;cdd:cd23219;cdd:cd23221;cdd:cd23222;cdd:cd23223;cdd:cd23224;cdd:cd23225;cdd:cd23226;cdd:cd23227;cdd:cd23228;cdd:cd23229;cdd:cd23230;cdd:cd23231;cdd:cd23232	1.0000	0.7347	CDD_direct_multi_root	curated_root_transferred
f.0040.base-Marna	cdd_transfer:rvmt_broad::f.0040.base-Marna:modern_structural:F	modern_structural:F	CDD conserved polymerase motif F	112;113;114;115;116;117;118;119;120;121;122;123;124;125;126;127;128;129;130;131;132;133	cdd:cd23192;cdd:cd23194;cdd:cd23211;cdd:cd23212;cdd:cd23213;cdd:cd23214;cdd:cd23215;cdd:cd23216;cdd:cd23218;cdd:cd23219;cdd:cd23223;cdd:cd23226;cdd:cd23227;cdd:cd23230	1.0000	0.7208	CDD_direct_multi_root	curated_root_transferred
f.0041.base-Marna	cdd_transfer:rvmt_broad::f.0041.base-Marna:modern_structural:A	modern_structural:A	CDD conserved polymerase motif A	219;220;221;222;223;224;225;226;227;228;229;230;231;232;233	cdd:cd23172;cdd:cd23175;cdd:cd23192;cdd:cd23194;cdd:cd23196;cdd:cd23197;cdd:cd23198;cdd:cd23199;cdd:cd23211;cdd:cd23213;cdd:cd23214;cdd:cd23215;cdd:cd23216;cdd:cd23217;cdd:cd23218;cdd:cd23219;cdd:cd23220;cdd:cd23221;cdd:cd23222;cdd:cd23223;cdd:cd23226;cdd:cd23227;cdd:cd23228;cdd:cd23229;cdd:cd23230;cdd:cd23231	0.9974	0.6282	CDD_direct_multi_root	curated_root_transferred
f.0041.base-Marna	cdd_transfer:rvmt_broad::f.0041.base-Marna:modern_structural:B	modern_structural:B	CDD conserved polymerase motif B	287;288;289;290;291;292;293;294;295;296;297;298;299;300;301;302;303;304;305;306;307;308;309;310	cdd:cd23172;cdd:cd23175;cdd:cd23192;cdd:cd23194;cdd:cd23195;cdd:cd23196;cdd:cd23197;cdd:cd23198;cdd:cd23210;cdd:cd23211;cdd:cd23212;cdd:cd23213;cdd:cd23214;cdd:cd23215;cdd:cd23217;cdd:cd23218;cdd:cd23219;cdd:cd23220;cdd:cd23221;cdd:cd23223;cdd:cd23225;cdd:cd23226;cdd:cd23227;cdd:cd23228;cdd:cd23229;cdd:cd23230;cdd:cd23231	1.0000	0.6475	CDD_direct_multi_root	curated_root_transferred
f.0041.base-Marna	cdd_transfer:rvmt_broad::f.0041.base-Marna:modern_structural:C	modern_structural:C	CDD conserved polymerase motif C	342;343;344;345;346;347;348;349;350;351;352;353;354;355;356	cdd:cd23169;cdd:cd23175;cdd:cd23193;cdd:cd23194;cdd:cd23195;cdd:cd23196;cdd:cd23197;cdd:cd23199;cdd:cd23200;cdd:cd23211;cdd:cd23212;cdd:cd23213;cdd:cd23214;cdd:cd23215;cdd:cd23216;cdd:cd23217;cdd:cd23218;cdd:cd23219;cdd:cd23220;cdd:cd23221;cdd:cd23222;cdd:cd23223;cdd:cd23225;cdd:cd23226;cdd:cd23227;cdd:cd23228;cdd:cd23229;cdd:cd23230;cdd:cd23231	0.9975	0.7350	CDD_direct_multi_root	curated_root_transferred
f.0041.base-Marna	cdd_transfer:rvmt_broad::f.0041.base-Marna:modern_structural:F	modern_structural:F	CDD conserved polymerase motif F	132;133;134;135;136;137;138;139;140;141;142;143;144;145;146;147;148;149;150;151;152;153	cdd:cd23169;cdd:cd23192;cdd:cd23193;cdd:cd23194;cdd:cd23195;cdd:cd23196;cdd:cd23197;cdd:cd23198;cdd:cd23199;cdd:cd23210;cdd:cd23211;cdd:cd23212;cdd:cd23213;cdd:cd23214;cdd:cd23215;cdd:cd23216;cdd:cd23217;cdd:cd23218;cdd:cd23219;cdd:cd23220;cdd:cd23221;cdd:cd23222;cdd:cd23223;cdd:cd23225;cdd:cd23226;cdd:cd23227;cdd:cd23228;cdd:cd23229;cdd:cd23230;cdd:cd23231	0.9916	0.7355	CDD_direct_multi_root	curated_root_transferred
f.0042.base-Marna	cdd_transfer:rvmt_broad::f.0042.base-Marna:modern_structural:B	modern_structural:B	CDD conserved polymerase motif B	258;259;260;261;262;263;264;265;266;267;268;269;270;271;272;273;274;275;276;277;278;279;280;281	cdd:cd23172;cdd:cd23175;cdd:cd23192;cdd:cd23194;cdd:cd23195;cdd:cd23196;cdd:cd23197;cdd:cd23198;cdd:cd23201;cdd:cd23210;cdd:cd23211;cdd:cd23212;cdd:cd23213;cdd:cd23214;cdd:cd23215;cdd:cd23216;cdd:cd23217;cdd:cd23218;cdd:cd23219;cdd:cd23220;cdd:cd23221;cdd:cd23223;cdd:cd23224;cdd:cd23225;cdd:cd23226;cdd:cd23227;cdd:cd23228;cdd:cd23229;cdd:cd23230;cdd:cd23231;cdd:cd23232	1.0000	0.8694	CDD_direct_multi_root	curated_root_transferred
f.0042.base-Marna	cdd_transfer:rvmt_broad::f.0042.base-Marna:modern_structural:C	modern_structural:C	CDD conserved polymerase motif C	297;298;299;300;301;302;303;304;305;306;307;308;309;310;311	cdd:cd23169;cdd:cd23193;cdd:cd23194;cdd:cd23196;cdd:cd23197;cdd:cd23198;cdd:cd23200;cdd:cd23211;cdd:cd23212;cdd:cd23213;cdd:cd23214;cdd:cd23215;cdd:cd23216;cdd:cd23217;cdd:cd23218;cdd:cd23219;cdd:cd23220;cdd:cd23221;cdd:cd23223;cdd:cd23224;cdd:cd23225;cdd:cd23226;cdd:cd23227;cdd:cd23228;cdd:cd23229;cdd:cd23230;cdd:cd23231;cdd:cd23232	1.0000	0.8034	CDD_direct_multi_root	curated_root_transferred
f.0042.base-Marna	cdd_transfer:rvmt_broad::f.0042.base-Marna:modern_structural:F	modern_structural:F	CDD conserved polymerase motif F	115;116;117;118;119;120;121;122;123;124;125;126;127;128;129;130;131;132;133;134;135;136	cdd:cd23169;cdd:cd23192;cdd:cd23194;cdd:cd23195;cdd:cd23198;cdd:cd23211;cdd:cd23212;cdd:cd23213;cdd:cd23215;cdd:cd23216;cdd:cd23217;cdd:cd23218;cdd:cd23219;cdd:cd23220;cdd:cd23221;cdd:cd23223;cdd:cd23224;cdd:cd23226;cdd:cd23227;cdd:cd23228;cdd:cd23230	0.9921	0.9553	CDD_direct_multi_root	curated_root_transferred
f.0045.base-Marna	cdd_transfer:rvmt_broad::f.0045.base-Marna:modern_structural:F	modern_structural:F	CDD conserved polymerase motif F	134;135;136;137;138;139;140;141;142;143;144;145;146;147;148;149;150;151;152;153;154;155	cdd:cd23169;cdd:cd23194;cdd:cd23195;cdd:cd23198;cdd:cd23211;cdd:cd23212;cdd:cd23213;cdd:cd23215;cdd:cd23216;cdd:cd23217;cdd:cd23218;cdd:cd23219;cdd:cd23220;cdd:cd23221;cdd:cd23223;cdd:cd23224;cdd:cd23226;cdd:cd23227;cdd:cd23228;cdd:cd23230;cdd:cd23232	0.9960	0.8893	CDD_direct_multi_root	curated_root_transferred
f.0046.base-Marna	cdd_transfer:rvmt_broad::f.0046.base-Marna:modern_structural:A	modern_structural:A	CDD conserved polymerase motif A	222;223;224;225;226;227;228;229;230;231;232;233;234;235;236	cdd:cd23194;cdd:cd23196;cdd:cd23216;cdd:cd23217;cdd:cd23219;cdd:cd23225;cdd:cd23228;cdd:cd23231;cdd:cd23232	1.0000	0.6235	CDD_direct_multi_root	curated_root_transferred
f.0046.base-Marna	cdd_transfer:rvmt_broad::f.0046.base-Marna:modern_structural:B	modern_structural:B	CDD conserved polymerase motif B	291;292;293;294;295;296;297;298;299;300;301;302;303;304;305;306;307;308;309;310;311;312;313	cdd:cd23196;cdd:cd23219;cdd:cd23220;cdd:cd23228;cdd:cd23231	0.9917	0.8359	CDD_direct_multi_root	curated_root_transferred
f.0046.base-Marna	cdd_transfer:rvmt_broad::f.0046.base-Marna:modern_structural:C	modern_structural:C	CDD conserved polymerase motif C	336;350;351;352;353;354;355;356;357;358;359;360;361;362	cdd:cd23232	0.9333	0.7143	CDD_direct_single_root	curated_root_transferred
f.0046.base-Marna	cdd_transfer:rvmt_broad::f.0046.base-Marna:modern_structural:F	modern_structural:F	CDD conserved polymerase motif F	148;149;150;151;152;153;154;155;156;157;158;159;160;161;162;163;164;165	cdd:cd23169;cdd:cd23192;cdd:cd23193;cdd:cd23194;cdd:cd23199;cdd:cd23210;cdd:cd23216;cdd:cd23217;cdd:cd23219;cdd:cd23220;cdd:cd23225;cdd:cd23228;cdd:cd23231	0.8353	0.6733	CDD_direct_multi_root	curated_root_transferred
f.0048.base-Marna	cdd_transfer:rvmt_broad::f.0048.base-Marna:modern_structural:B	modern_structural:B	CDD conserved polymerase motif B	272;273;274;275;276;277;278;279;280;281;282;283;284;285;286;287;288;289;290;291;292;293;294;295	cdd:cd23192;cdd:cd23194;cdd:cd23196;cdd:cd23197;cdd:cd23211;cdd:cd23212;cdd:cd23213;cdd:cd23215;cdd:cd23216;cdd:cd23217;cdd:cd23218;cdd:cd23219;cdd:cd23221;cdd:cd23222;cdd:cd23223;cdd:cd23224;cdd:cd23225;cdd:cd23227;cdd:cd23228;cdd:cd23229;cdd:cd23230;cdd:cd23232	1.0000	0.7346	CDD_direct_multi_root	curated_root_transferred
f.0048.base-Marna	cdd_transfer:rvmt_broad::f.0048.base-Marna:modern_structural:F	modern_structural:F	CDD conserved polymerase motif F	118;119;120;121;122;123;124;125;126;127;128;129;130;131;132;133;134;135;136;137;138;139	cdd:cd23169;cdd:cd23192;cdd:cd23193;cdd:cd23194;cdd:cd23195;cdd:cd23196;cdd:cd23197;cdd:cd23198;cdd:cd23210;cdd:cd23211;cdd:cd23212;cdd:cd23213;cdd:cd23214;cdd:cd23215;cdd:cd23216;cdd:cd23217;cdd:cd23218;cdd:cd23219;cdd:cd23221;cdd:cd23222;cdd:cd23223;cdd:cd23224;cdd:cd23225;cdd:cd23226;cdd:cd23227;cdd:cd23228;cdd:cd23229;cdd:cd23230;cdd:cd23231;cdd:cd23232	0.9916	0.9614	CDD_direct_multi_root	curated_root_transferred
f.0050	cdd_transfer:rvmt_broad::f.0050:modern_structural:A	modern_structural:A	CDD conserved polymerase motif A	234;235;236;237;238;239;240;241;242;243;244;245;246;247;248	cdd:cd23194;cdd:cd23195	1.0000	0.6932	CDD_direct_multi_root	curated_root_transferred
f.0050	cdd_transfer:rvmt_broad::f.0050:modern_structural:B	modern_structural:B	CDD conserved polymerase motif B	322;323;324;325;326;327;328;329;330;331;332;333;334;335;336;337;338;339;340;341;342;343;344;345	cdd:cd23194	1.0000	0.8462	CDD_direct_single_root	curated_root_transferred
f.0050	cdd_transfer:rvmt_broad::f.0050:modern_structural:C	modern_structural:C	CDD conserved polymerase motif C	377;378;380;381;382;383;384;385;386;387;388;389;390;391	cdd:cd23169;cdd:cd23194	0.9310	0.7946	CDD_direct_multi_root	curated_root_transferred
f.0050	cdd_transfer:rvmt_broad::f.0050:modern_structural:F	modern_structural:F	CDD conserved polymerase motif F	140;141;142;143;144;145;146;147;148;149;150;151;152;170;171;172;173;174;175;176	cdd:cd23194	1.0000	0.7692	CDD_direct_single_root	curated_root_transferred
f.0051	cdd_transfer:rvmt_broad::f.0051:modern_structural:A	modern_structural:A	CDD conserved polymerase motif A	202;203;204;205;206;207;208;209;210;211;212;213;214;215;216	cdd:cd23192;cdd:cd23193;cdd:cd23195	1.0000	0.6556	CDD_direct_multi_root	curated_root_transferred
f.0051	cdd_transfer:rvmt_broad::f.0051:modern_structural:B	modern_structural:B	CDD conserved polymerase motif B	286;287;288;289;290;291;292;293;294;295;296;297;298;299;300;301;302;303;304;305;306;307;308;309	cdd:cd23169;cdd:cd23192;cdd:cd23193;cdd:cd23194;cdd:cd23195;cdd:cd23196;cdd:cd23217	0.9940	0.7157	CDD_direct_multi_root	curated_root_transferred
f.0051	cdd_transfer:rvmt_broad::f.0051:modern_structural:C	modern_structural:C	CDD conserved polymerase motif C	329;330;331;332;333;334;335;336;337;338;339;340;341;342;343	cdd:cd23169;cdd:cd23193;cdd:cd23194;cdd:cd23195;cdd:cd23217	1.0000	0.7639	CDD_direct_multi_root	curated_root_transferred
f.0051	cdd_transfer:rvmt_broad::f.0051:modern_structural:F	modern_structural:F	CDD conserved polymerase motif F	132;133;134;135;136;137;138;139;140;141;142;143;144;145;146;147;148	cdd:cd23169;cdd:cd23194;cdd:cd23195;cdd:cd23196;cdd:cd23217	0.8403	0.5844	CDD_direct_multi_root	curated_root_transferred
f.0052	cdd_transfer:rvmt_broad::f.0052:modern_structural:A	modern_structural:A	CDD conserved polymerase motif A	197;198;199;200;201;202;203;204;205;206;207;208;209;210;211	cdd:cd23172;cdd:cd23175;cdd:cd23192;cdd:cd23193;cdd:cd23194;cdd:cd23195;cdd:cd23196;cdd:cd23197;cdd:cd23198;cdd:cd23199;cdd:cd23211;cdd:cd23212;cdd:cd23213;cdd:cd23214;cdd:cd23215;cdd:cd23216;cdd:cd23217;cdd:cd23218;cdd:cd23219;cdd:cd23220;cdd:cd23221;cdd:cd23222;cdd:cd23223;cdd:cd23224;cdd:cd23226;cdd:cd23227;cdd:cd23228;cdd:cd23229;cdd:cd23230;cdd:cd23231;cdd:cd23232	1.0000	0.8012	CDD_direct_multi_root	curated_root_transferred
f.0052	cdd_transfer:rvmt_broad::f.0052:modern_structural:B	modern_structural:B	CDD conserved polymerase motif B	265;266;267;268;269;270;271;272;273;274;275;276;277;278;279;280;281;282;283;284;285;286;287;288	cdd:cd23175;cdd:cd23196;cdd:cd23198;cdd:cd23212;cdd:cd23213;cdd:cd23217;cdd:cd23218;cdd:cd23223;cdd:cd23226;cdd:cd23227;cdd:cd23228;cdd:cd23230	0.9861	0.8603	CDD_direct_multi_root	curated_root_transferred
f.0052	cdd_transfer:rvmt_broad::f.0052:modern_structural:F	modern_structural:F	CDD conserved polymerase motif F	124;125;126;127;128;129;130;131;132;133;134;135;136;137;138;139;140;141;142;143	cdd:cd23169;cdd:cd23192;cdd:cd23194;cdd:cd23195;cdd:cd23196;cdd:cd23197;cdd:cd23198;cdd:cd23211;cdd:cd23212;cdd:cd23213;cdd:cd23215;cdd:cd23216;cdd:cd23217;cdd:cd23218;cdd:cd23219;cdd:cd23220;cdd:cd23221;cdd:cd23223;cdd:cd23224;cdd:cd23226;cdd:cd23227;cdd:cd23228;cdd:cd23230	0.9175	0.6859	CDD_direct_multi_root	curated_root_transferred
f.0053	cdd_transfer:rvmt_broad::f.0053:modern_structural:A	modern_structural:A	CDD conserved polymerase motif A	179;180;181;182;183;184;185;186;187;188;189;190;191;192;193	cdd:cd23172;cdd:cd23194;cdd:cd23217;cdd:cd23222;cdd:cd23223;cdd:cd23228	1.0000	0.6088	CDD_direct_multi_root	curated_root_transferred
f.0053	cdd_transfer:rvmt_broad::f.0053:modern_structural:F	modern_structural:F	CDD conserved polymerase motif F	107;108;109;110;111;112;113;114;115;116;117;118;119;120;121;122;123;124;125;126;127;128	cdd:cd23193;cdd:cd23194;cdd:cd23217;cdd:cd23223;cdd:cd23228	1.0000	0.5538	CDD_direct_multi_root	curated_root_transferred
f.0054	cdd_transfer:rvmt_broad::f.0054:modern_structural:C	modern_structural:C	CDD conserved polymerase motif C	394;395;396;397;398;399;400;401;402;403;404;405;406	cdd:cd23193	0.9286	0.8571	CDD_direct_single_root	curated_root_transferred
f.0054	cdd_transfer:rvmt_broad::f.0054:modern_structural:F	modern_structural:F	CDD conserved polymerase motif F	179;180;181;182;183;184;185;193;194;195;196;197;198;199	cdd:cd23169	0.9333	0.7143	CDD_direct_single_root	curated_root_transferred
f.0055	cdd_transfer:rvmt_broad::f.0055:modern_structural:A	modern_structural:A	CDD conserved polymerase motif A	195;196;197;198;199;200;201;202;203;204;205;206;207;208;209	cdd:cd23193	1.0000	0.8889	CDD_direct_single_root	curated_root_transferred
f.0055	cdd_transfer:rvmt_broad::f.0055:modern_structural:B	modern_structural:B	CDD conserved polymerase motif B	262;263;264;265;266;267;268;269;270;271;272;273;274;275;276;277;278;280;281;282;283;284;285	cdd:cd23193	1.0000	0.7692	CDD_direct_single_root	curated_root_transferred
f.0055	cdd_transfer:rvmt_broad::f.0055:modern_structural:C	modern_structural:C	CDD conserved polymerase motif C	295;296;297;299;300;301;302;303;304;305;306;307;308	cdd:cd23193	0.9286	0.5556	CDD_direct_single_root	curated_root_transferred
f.0055	cdd_transfer:rvmt_broad::f.0055:modern_structural:F	modern_structural:F	CDD conserved polymerase motif F	123;124;125;126;127;128;129;130;131;132;133;134;135;136;137;138;139;140;141;142;143;144	cdd:cd23193	1.0000	0.6667	CDD_direct_single_root	curated_root_transferred
f.0056	cdd_transfer:rvmt_broad::f.0056:modern_structural:A	modern_structural:A	CDD conserved polymerase motif A	246;247;248;249;250;251;252;253;254;255;256;257;258;259;260	cdd:cd23184	1.0000	0.8000	CDD_direct_single_root	curated_root_transferred
f.0056	cdd_transfer:rvmt_broad::f.0056:modern_structural:B	modern_structural:B	CDD conserved polymerase motif B	316;317;318;319;320;321;322;323;324;325;326;327;328;329;330;331;332;333;334;335;336	cdd:cd23169;cdd:cd23184	0.8505	0.6932	CDD_direct_multi_root	curated_root_transferred
f.0056	cdd_transfer:rvmt_broad::f.0056:modern_structural:F	modern_structural:F	CDD conserved polymerase motif F	160;161;162;163;164;165;166;174;175;176;177;178;179;180	cdd:cd23169	0.9333	0.7778	CDD_direct_single_root	curated_root_transferred
f.0057	cdd_transfer:rvmt_broad::f.0057:modern_structural:A	modern_structural:A	CDD conserved polymerase motif A	202;203;204;205;206;207;208;209;210;211;212;213;214;215;216	cdd:cd23172;cdd:cd23192;cdd:cd23193;cdd:cd23195	1.0000	0.7617	CDD_direct_multi_root	curated_root_transferred
f.0057	cdd_transfer:rvmt_broad::f.0057:modern_structural:B	modern_structural:B	CDD conserved polymerase motif B	272;273;274;275;276;277;278;279;280;281;282;283;284;285;286;287;288;290;291;292;293;294;295	cdd:cd23169;cdd:cd23172;cdd:cd23192;cdd:cd23193;cdd:cd23195	0.9667	0.7250	CDD_direct_multi_root	curated_root_transferred
f.0057	cdd_transfer:rvmt_broad::f.0057:modern_structural:F	modern_structural:F	CDD conserved polymerase motif F	126;127;128;129;130;131;132;133;141;142;143;144;145;146;147	cdd:cd23169;cdd:cd23195	1.0000	0.6500	CDD_direct_multi_root	curated_root_transferred
f.0058	cdd_transfer:rvmt_broad::f.0058:modern_structural:B	modern_structural:B	CDD conserved polymerase motif B	283;284;285;286;287;288;289;290;291;292;293;294;295;296;297;298;299;300;301;302;303;304;305;306	cdd:cd23172;cdd:cd23175;cdd:cd23194;cdd:cd23195;cdd:cd23196;cdd:cd23197;cdd:cd23215;cdd:cd23231	1.0000	0.7408	CDD_direct_multi_root	curated_root_transferred
f.0058	cdd_transfer:rvmt_broad::f.0058:modern_structural:C	modern_structural:C	CDD conserved polymerase motif C	323;324;325;326;328;329;330;331;332;333;334;335;336;337	cdd:cd23193	1.0000	0.8571	CDD_direct_single_root	curated_root_transferred
f.0058	cdd_transfer:rvmt_broad::f.0058:modern_structural:F	modern_structural:F	CDD conserved polymerase motif F	136;137;138;139;140;141;142;143;144;145;146;147;148;150;151;152;153;154;155;156;157	cdd:cd23192;cdd:cd23194;cdd:cd23196;cdd:cd23215	0.9750	0.6263	CDD_direct_multi_root	curated_root_transferred
f.0059	cdd_transfer:rvmt_broad::f.0059:modern_structural:B	modern_structural:B	CDD conserved polymerase motif B	251;252;253;254;255;256;257;258;259;260;261;262;263;264;265;266;267;268;269;270;271;272;273;274	cdd:cd21592;cdd:cd23170;cdd:cd23172;cdd:cd23175;cdd:cd23180;cdd:cd23186;cdd:cd23192;cdd:cd23195;cdd:cd23196;cdd:cd23197;cdd:cd23198;cdd:cd23211;cdd:cd23212;cdd:cd23213;cdd:cd23214;cdd:cd23215;cdd:cd23216;cdd:cd23217;cdd:cd23218;cdd:cd23219;cdd:cd23220;cdd:cd23221;cdd:cd23222;cdd:cd23223;cdd:cd23224;cdd:cd23225;cdd:cd23227;cdd:cd23228;cdd:cd23229;cdd:cd23230;cdd:cd23231;cdd:cd23232	0.9927	0.7135	CDD_direct_multi_root	curated_root_transferred
f.0059	cdd_transfer:rvmt_broad::f.0059:modern_structural:C	modern_structural:C	CDD conserved polymerase motif C	294;295;296;297;298;299;300;301;302;303;304;305;306;307;308	cdd:cd21592;cdd:cd23170;cdd:cd23186;cdd:cd23211;cdd:cd23213;cdd:cd23216;cdd:cd23217;cdd:cd23221;cdd:cd23225;cdd:cd23228;cdd:cd23230;cdd:cd23232	1.0000	0.7589	CDD_direct_multi_root	curated_root_transferred
f.0059	cdd_transfer:rvmt_broad::f.0059:modern_structural:E	modern_structural:E	CDD conserved polymerase motif E	344;345;346;347;348;349;350;351;352;353;354	cdd:cd21592	0.9167	0.5000	CDD_direct_single_root	curated_root_transferred
f.0059	cdd_transfer:rvmt_broad::f.0059:modern_structural:F	modern_structural:F	CDD conserved polymerase motif F	109;110;111;112;113;114;115;116;117;118;119;120;121;122;123;124;125;126;127;128;129;130	cdd:cd23192;cdd:cd23193;cdd:cd23194;cdd:cd23196;cdd:cd23198;cdd:cd23210;cdd:cd23211;cdd:cd23212;cdd:cd23213;cdd:cd23214;cdd:cd23215;cdd:cd23216;cdd:cd23217;cdd:cd23218;cdd:cd23219;cdd:cd23220;cdd:cd23221;cdd:cd23223;cdd:cd23224;cdd:cd23226;cdd:cd23227;cdd:cd23228;cdd:cd23230	0.9924	0.8284	CDD_direct_multi_root	curated_root_transferred
f.0060	cdd_transfer:rvmt_broad::f.0060:modern_structural:A	modern_structural:A	CDD conserved polymerase motif A	192;193;194;195;196;197;198;199;200;201;202;203;205;206;207	cdd:cd23170;cdd:cd23172;cdd:cd23175;cdd:cd23192;cdd:cd23193;cdd:cd23194;cdd:cd23195;cdd:cd23196;cdd:cd23211;cdd:cd23226;cdd:cd23227;cdd:cd23229	1.0000	0.7427	CDD_direct_multi_root	curated_root_transferred
f.0060	cdd_transfer:rvmt_broad::f.0060:modern_structural:B	modern_structural:B	CDD conserved polymerase motif B	261;262;263;264;265;266;267;268;269;270;271;272;273;274;275;276;277;278;279;280;281;282;283;284	cdd:cd23170;cdd:cd23175;cdd:cd23194;cdd:cd23196;cdd:cd23211;cdd:cd23226;cdd:cd23227;cdd:cd23229	1.0000	0.6963	CDD_direct_multi_root	curated_root_transferred
f.0060	cdd_transfer:rvmt_broad::f.0060:modern_structural:C	modern_structural:C	CDD conserved polymerase motif C	303;304;305;306;307;308;309;310;311;312;313;314;315;316;317	cdd:cd23170;cdd:cd23193;cdd:cd23196;cdd:cd23211;cdd:cd23227;cdd:cd23229	1.0000	0.6875	CDD_direct_multi_root	curated_root_transferred
f.0061	cdd_transfer:rvmt_broad::f.0061:modern_structural:A	modern_structural:A	CDD conserved polymerase motif A	182;183;184;185;186;187;188;189;190;191;192;193;194;195;196	cdd:cd23172;cdd:cd23175;cdd:cd23194;cdd:cd23198;cdd:cd23211;cdd:cd23212;cdd:cd23213;cdd:cd23214;cdd:cd23215;cdd:cd23217;cdd:cd23218;cdd:cd23221;cdd:cd23222;cdd:cd23223;cdd:cd23224;cdd:cd23227;cdd:cd23230	1.0000	0.6176	CDD_direct_multi_root	curated_root_transferred
f.0061	cdd_transfer:rvmt_broad::f.0061:modern_structural:B	modern_structural:B	CDD conserved polymerase motif B	242;243;244;245;246;247;248;249;250;251;252;253;254;255;256;257;258;259;260;261;262;263	cdd:cd23218	0.8800	0.6364	CDD_direct_single_root	curated_root_transferred
f.0061	cdd_transfer:rvmt_broad::f.0061:modern_structural:F	modern_structural:F	CDD conserved polymerase motif F	107;108;109;110;111;112;113;114;115;116;117;118;119;120;121;122;123;124;125;126;127;128	cdd:cd23169;cdd:cd23192;cdd:cd23193;cdd:cd23194;cdd:cd23195;cdd:cd23196;cdd:cd23198;cdd:cd23201;cdd:cd23211;cdd:cd23212;cdd:cd23213;cdd:cd23214;cdd:cd23215;cdd:cd23217;cdd:cd23218;cdd:cd23219;cdd:cd23221;cdd:cd23222;cdd:cd23223;cdd:cd23224;cdd:cd23225;cdd:cd23227;cdd:cd23230;cdd:cd23232	0.9788	0.8926	CDD_direct_multi_root	curated_root_transferred
f.0062	cdd_transfer:rvmt_broad::f.0062:modern_structural:A	modern_structural:A	CDD conserved polymerase motif A	200;201;202;203;204;205;206;207;208;209;210;211;212;213;214	cdd:cd23175;cdd:cd23194;cdd:cd23211;cdd:cd23215;cdd:cd23216;cdd:cd23218;cdd:cd23230	1.0000	0.7679	CDD_direct_multi_root	curated_root_transferred
f.0062	cdd_transfer:rvmt_broad::f.0062:modern_structural:B	modern_structural:B	CDD conserved polymerase motif B	267;268;269;270;271;272;273;274;275;276;277;278;279;280;281;282;283;284;285;286;287;288;289;290	cdd:cd23172;cdd:cd23175;cdd:cd23194;cdd:cd23195;cdd:cd23196;cdd:cd23198;cdd:cd23211;cdd:cd23212;cdd:cd23215;cdd:cd23216;cdd:cd23218;cdd:cd23226;cdd:cd23227;cdd:cd23230;cdd:cd23232	0.9891	0.7232	CDD_direct_multi_root	curated_root_transferred
f.0062	cdd_transfer:rvmt_broad::f.0062:modern_structural:C	modern_structural:C	CDD conserved polymerase motif C	307;308;309;310;312;313;314;315;316;317;318;319;320;321	cdd:cd23193	1.0000	0.7143	CDD_direct_single_root	curated_root_transferred
f.0062	cdd_transfer:rvmt_broad::f.0062:modern_structural:F	modern_structural:F	CDD conserved polymerase motif F	115;116;117;118;119;120;121;122;123;124;125;126;127;128;134;135;136;137;138;139;140;141	cdd:cd23169;cdd:cd23192;cdd:cd23193;cdd:cd23194;cdd:cd23195;cdd:cd23196;cdd:cd23198;cdd:cd23210;cdd:cd23211;cdd:cd23212;cdd:cd23215;cdd:cd23216;cdd:cd23218;cdd:cd23226;cdd:cd23227;cdd:cd23230;cdd:cd23232	0.9946	0.6686	CDD_direct_multi_root	curated_root_transferred
f.0064	cdd_transfer:rvmt_broad::f.0064:modern_structural:A	modern_structural:A	CDD conserved polymerase motif A	187;188;189;190;191;192;193;194;195;196;197;198;199;200;201	cdd:cd23172;cdd:cd23175;cdd:cd23185;cdd:cd23192;cdd:cd23194;cdd:cd23196;cdd:cd23198;cdd:cd23218;cdd:cd23221	1.0000	0.7284	CDD_direct_multi_root	curated_root_transferred
f.0064	cdd_transfer:rvmt_broad::f.0064:modern_structural:B	modern_structural:B	CDD conserved polymerase motif B	253;254;255;256;257;258;259;260;261;262;263;264;265;266;267;268;269;270;271;272;273;274;275;276	cdd:cd23172;cdd:cd23194;cdd:cd23195;cdd:cd23196;cdd:cd23198;cdd:cd23218;cdd:cd23221	1.0000	0.7125	CDD_direct_multi_root	curated_root_transferred
f.0064	cdd_transfer:rvmt_broad::f.0064:modern_structural:C	modern_structural:C	CDD conserved polymerase motif C	295;296;297;298;299;300;301;302;303;304;305;306;307;308;309	cdd:cd23175;cdd:cd23193;cdd:cd23196;cdd:cd23198;cdd:cd23199;cdd:cd23218;cdd:cd23221	0.9796	0.7664	CDD_direct_multi_root	curated_root_transferred
f.0064	cdd_transfer:rvmt_broad::f.0064:modern_structural:F	modern_structural:F	CDD conserved polymerase motif F	113;114;115;116;117;118;119;120;121;122;123;124;125;127;128;129;130;131;132;133;134	cdd:cd23169;cdd:cd23192;cdd:cd23193;cdd:cd23195;cdd:cd23196;cdd:cd23198;cdd:cd23199;cdd:cd23210;cdd:cd23218;cdd:cd23221	0.9552	0.6156	CDD_direct_multi_root	curated_root_transferred
f.0065	cdd_transfer:rvmt_broad::f.0065:modern_structural:B	modern_structural:B	CDD conserved polymerase motif B	265;266;267;268;269;270;271;272;273;274;275;276;277;278;279;280;281;282;283;284;285;286;287;288	cdd:cd23172;cdd:cd23175;cdd:cd23193;cdd:cd23194	1.0000	0.6619	CDD_direct_multi_root	curated_root_transferred
f.0065	cdd_transfer:rvmt_broad::f.0065:modern_structural:C	modern_structural:C	CDD conserved polymerase motif C	303;306;307;308;309;310;311;312;313;314;315;316;317	cdd:cd23169;cdd:cd23172;cdd:cd23175;cdd:cd23193;cdd:cd23194	0.8914	0.6679	CDD_direct_multi_root	curated_root_transferred
f.0065	cdd_transfer:rvmt_broad::f.0065:modern_structural:F	modern_structural:F	CDD conserved polymerase motif F	116;117;118;119;120;121;122;123;124;125;126;127;128;129;130;131;132;133;134;135;136;137	cdd:cd23193;cdd:cd23194	1.0000	0.6818	CDD_direct_multi_root	curated_root_transferred
f.0066	cdd_transfer:rvmt_broad::f.0066:modern_structural:A	modern_structural:A	CDD conserved polymerase motif A	125;126;127;128;129;130;131;132;133;134;135;136;137;138;139	cdd:cd23170;cdd:cd23172;cdd:cd23192;cdd:cd23194	1.0000	0.7438	CDD_direct_multi_root	curated_root_transferred
f.0066	cdd_transfer:rvmt_broad::f.0066:modern_structural:B	modern_structural:B	CDD conserved polymerase motif B	194;195;196;197;198;199;200;201;202;203;204;205;206;207;208;209;210;211;212;213;214;215;216;217	cdd:cd23169;cdd:cd23170;cdd:cd23172;cdd:cd23192;cdd:cd23195	0.9917	0.6813	CDD_direct_multi_root	curated_root_transferred
f.0066	cdd_transfer:rvmt_broad::f.0066:modern_structural:C	modern_structural:C	CDD conserved polymerase motif C	232;233;234;235;236;237;238;239;240;241;242;243;244;245;246	cdd:cd23169;cdd:cd23170;cdd:cd23172;cdd:cd23194	1.0000	0.7247	CDD_direct_multi_root	curated_root_transferred
f.0066	cdd_transfer:rvmt_broad::f.0066:modern_structural:F	modern_structural:F	CDD conserved polymerase motif F	54;55;56;57;58;59;60;61;62;63;64;65;68;69;70;71;72;73;74	cdd:cd23169;cdd:cd23192;cdd:cd23194;cdd:cd23195	0.9464	0.6896	CDD_direct_multi_root	curated_root_transferred
f.0067	cdd_transfer:rvmt_broad::f.0067:modern_structural:A	modern_structural:A	CDD conserved polymerase motif A	204;205;206;207;208;209;210;211;212;213;214;215;216;217;218	cdd:cd23195	1.0000	0.6000	CDD_direct_single_root	curated_root_transferred
f.0067	cdd_transfer:rvmt_broad::f.0067:modern_structural:B	modern_structural:B	CDD conserved polymerase motif B	277;278;279;280;281;282;283;284;285;286;287;288;289;290;291;292;293;294;295;296;297;298;299;300	cdd:cd23175;cdd:cd23195	1.0000	0.6865	CDD_direct_multi_root	curated_root_transferred
f.0067	cdd_transfer:rvmt_broad::f.0067:modern_structural:C	modern_structural:C	CDD conserved polymerase motif C	313;314;315;316;317;318;319;320;321;322;323;324;325;326;327	cdd:cd23175;cdd:cd23195	1.0000	0.6333	CDD_direct_multi_root	curated_root_transferred
f.0067	cdd_transfer:rvmt_broad::f.0067:modern_structural:F	modern_structural:F	CDD conserved polymerase motif F	119;120;121;122;123;124;125;126;134;135;136;137;138;139;140	cdd:cd23195	1.0000	1.0000	CDD_direct_single_root	curated_root_transferred
f.0068	cdd_transfer:rvmt_broad::f.0068:modern_structural:C	modern_structural:C	CDD conserved polymerase motif C	246;247;248;249;250;251;252;253;254;255;256;257;258;259;260	cdd:cd23170;cdd:cd23193;cdd:cd23196;cdd:cd23197;cdd:cd23211;cdd:cd23212;cdd:cd23213;cdd:cd23214;cdd:cd23215;cdd:cd23217;cdd:cd23218;cdd:cd23219;cdd:cd23221;cdd:cd23223;cdd:cd23224;cdd:cd23225;cdd:cd23226;cdd:cd23227;cdd:cd23228;cdd:cd23229;cdd:cd23230	1.0000	0.8955	CDD_direct_multi_root	curated_root_transferred
f.0068	cdd_transfer:rvmt_broad::f.0068:modern_structural:F	modern_structural:F	CDD conserved polymerase motif F	71;72;73;74;75;76;77;78;79;80;81;82;83;84;85;86;87;88;89;90;91;92	cdd:cd23169;cdd:cd23192;cdd:cd23193;cdd:cd23194;cdd:cd23195;cdd:cd23196;cdd:cd23197;cdd:cd23198;cdd:cd23210;cdd:cd23211;cdd:cd23212;cdd:cd23213;cdd:cd23214;cdd:cd23215;cdd:cd23217;cdd:cd23218;cdd:cd23219;cdd:cd23220;cdd:cd23221;cdd:cd23223;cdd:cd23224;cdd:cd23225;cdd:cd23226;cdd:cd23227;cdd:cd23228;cdd:cd23229;cdd:cd23230	0.9922	0.7766	CDD_direct_multi_root	curated_root_transferred
f.0069	cdd_transfer:rvmt_broad::f.0069:modern_structural:A	modern_structural:A	CDD conserved polymerase motif A	183;184;185;186;187;188;189;190;191;192;193;194;195;196;197	cdd:cd23172;cdd:cd23175;cdd:cd23192;cdd:cd23194;cdd:cd23215;cdd:cd23228	1.0000	0.7083	CDD_direct_multi_root	curated_root_transferred
f.0069	cdd_transfer:rvmt_broad::f.0069:modern_structural:B	modern_structural:B	CDD conserved polymerase motif B	248;249;250;251;252;253;254;255;256;257;258;259;260;261;262;263;264;265;266;267;268;269;270;271	cdd:cd23175;cdd:cd23198;cdd:cd23215;cdd:cd23225;cdd:cd23228	0.9830	0.6431	CDD_direct_multi_root	curated_root_transferred
f.0069	cdd_transfer:rvmt_broad::f.0069:modern_structural:C	modern_structural:C	CDD conserved polymerase motif C	284;289;290;291;292;293;294;295;296;297;298;299;300;301;302	cdd:cd23225;cdd:cd23228	1.0000	0.8661	CDD_direct_multi_root	curated_root_transferred
f.0069	cdd_transfer:rvmt_broad::f.0069:modern_structural:F	modern_structural:F	CDD conserved polymerase motif F	108;109;110;111;112;113;114;115;116;117;118;119;120;121;122;123;124;125	cdd:cd23169;cdd:cd23192;cdd:cd23193;cdd:cd23194;cdd:cd23195;cdd:cd23198;cdd:cd23215;cdd:cd23225;cdd:cd23228	0.8656	0.6618	CDD_direct_multi_root	curated_root_transferred
f.0070	cdd_transfer:rvmt_broad::f.0070:modern_structural:A	modern_structural:A	CDD conserved polymerase motif A	220;221;222;223;224;225;226;227;228;229;230;231;232	cdd:cd23172	0.8667	0.7143	CDD_direct_single_root	curated_root_transferred
f.0070	cdd_transfer:rvmt_broad::f.0070:modern_structural:F	modern_structural:F	CDD conserved polymerase motif F	141;143;144;145;146;147;148;149;150;151;152;153;154;155;156;157;158;159;160;161;162;163	cdd:cd23193	1.0000	0.7273	CDD_direct_single_root	curated_root_transferred
f.0071	cdd_transfer:rvmt_broad::f.0071:modern_structural:C	modern_structural:C	CDD conserved polymerase motif C	312;313;314;315;316;317;318;319;320;321;322;323;324;325;326	cdd:cd23169;cdd:cd23193;cdd:cd23196;cdd:cd23211;cdd:cd23216;cdd:cd23218;cdd:cd23219;cdd:cd23231;cdd:cd23232	1.0000	0.9614	CDD_direct_multi_root	curated_root_transferred
f.0071	cdd_transfer:rvmt_broad::f.0071:modern_structural:F	modern_structural:F	CDD conserved polymerase motif F	117;118;119;120;121;122;123;124;125;126;127;128;130;131;132;133;134;135;136;137;138	cdd:cd23192;cdd:cd23193;cdd:cd23194;cdd:cd23211;cdd:cd23215;cdd:cd23216;cdd:cd23218;cdd:cd23219;cdd:cd23231	0.9538	0.6222	CDD_direct_multi_root	curated_root_transferred
f.0072	cdd_transfer:rvmt_broad::f.0072:modern_structural:A	modern_structural:A	CDD conserved polymerase motif A	206;207;208;209;210;211;212;213;214;215;216;217;218;219;220	cdd:cd23175;cdd:cd23185;cdd:cd23194;cdd:cd23196;cdd:cd23198;cdd:cd23218	1.0000	0.8032	CDD_direct_multi_root	curated_root_transferred
f.0072	cdd_transfer:rvmt_broad::f.0072:modern_structural:B	modern_structural:B	CDD conserved polymerase motif B	274;275;276;277;278;279;280;281;282;283;284;285;286;287;288;289;290;291;292;293;294;295;296;297	cdd:cd23169;cdd:cd23172;cdd:cd23173;cdd:cd23175;cdd:cd23192;cdd:cd23194;cdd:cd23195;cdd:cd23196;cdd:cd23198;cdd:cd23218	1.0000	0.7023	CDD_direct_multi_root	curated_root_transferred
f.0072	cdd_transfer:rvmt_broad::f.0072:modern_structural:C	modern_structural:C	CDD conserved polymerase motif C	306;307;308;309;310;311;312;313;314;315;316;317;318;319;320	cdd:cd23169;cdd:cd23193;cdd:cd23194;cdd:cd23195;cdd:cd23196;cdd:cd23198;cdd:cd23218	1.0000	0.7577	CDD_direct_multi_root	curated_root_transferred
f.0072	cdd_transfer:rvmt_broad::f.0072:modern_structural:F	modern_structural:F	CDD conserved polymerase motif F	125;126;127;128;129;130;131;132;133;134;135;136;137;138;139;140;141;142;143;144;145;146	cdd:cd23218	1.0000	0.5455	CDD_direct_single_root	curated_root_transferred
f.0073	cdd_transfer:rvmt_broad::f.0073:modern_structural:B	modern_structural:B	CDD conserved polymerase motif B	219;220;221;222;223;224;225;226;227;228;229;230;231;232;233;234;235;236;237;238;239;240;241;242	cdd:cd23180	1.0000	0.6923	CDD_direct_single_root	curated_root_transferred
f.0074	cdd_transfer:rvmt_broad::f.0074:modern_structural:A	modern_structural:A	CDD conserved polymerase motif A	289;290;291;292;293;294;295;296;297;298;299;300;301;302;303	cdd:cd23180;cdd:cd23184	1.0000	0.5833	CDD_direct_multi_root	curated_root_transferred
f.0074	cdd_transfer:rvmt_broad::f.0074:modern_structural:B	modern_structural:B	CDD conserved polymerase motif B	387;388;389;390;391;392;393;394;395;396;397;398;399;400;401;402;403;404;405;406;407;408;409;410;411;412;413;414;415;416;420	cdd:cd23180;cdd:cd23184	1.0000	0.6190	CDD_direct_multi_root	curated_root_transferred
f.0075	cdd_transfer:rvmt_broad::f.0075:modern_structural:B	modern_structural:B	CDD conserved polymerase motif B	281;282;283;284;285;286;287;288;289;290;291;292;293;294;295;296;297;298;299;300;301;302;303;304	cdd:cd23172;cdd:cd23194;cdd:cd23195;cdd:cd23196;cdd:cd23232	1.0000	0.7351	CDD_direct_multi_root	curated_root_transferred
f.0075	cdd_transfer:rvmt_broad::f.0075:modern_structural:F	modern_structural:F	CDD conserved polymerase motif F	132;133;134;135;136;137;138;139;140;141;142;143;144;146;147;148;149;150;151;152;153	cdd:cd23192;cdd:cd23193;cdd:cd23194;cdd:cd23196	0.9750	0.8125	CDD_direct_multi_root	curated_root_transferred
f.0076	cdd_transfer:rvmt_broad::f.0076:modern_structural:B	modern_structural:B	CDD conserved polymerase motif B	207;208;209;210;211;212;213;214;215;216;217;218;219;220;221;222;223;224;225;226;227;228;229;230	cdd:cd23169;cdd:cd23172;cdd:cd23193;cdd:cd23194;cdd:cd23195	1.0000	0.5897	CDD_direct_multi_root	curated_root_transferred
f.0079	cdd_transfer:rvmt_broad::f.0079:modern_structural:B	modern_structural:B	CDD conserved polymerase motif B	292;293;294;295;296;297;298;299;300;301;302;303;304;305;306;307;308;309;310;317;318;319;320;321	cdd:cd23195	1.0000	0.6667	CDD_direct_single_root	curated_root_transferred
f.0079	cdd_transfer:rvmt_broad::f.0079:modern_structural:C	modern_structural:C	CDD conserved polymerase motif C	339;340;341;342;343;344;345;346;347;348;349;350;354	cdd:cd23195	0.8667	0.7500	CDD_direct_single_root	curated_root_transferred
f.0080.base-Corona	cdd_transfer:rvmt_broad::f.0080.base-Corona:modern_structural:A	modern_structural:A	CDD conserved polymerase motif A	187;188;189;190;191;192;193;194;195;196;197;198;199;200;201;202;203	cdd:cd21530;cdd:cd21587;cdd:cd21588;cdd:cd21589;cdd:cd21590;cdd:cd21591;cdd:cd21592;cdd:cd21593;cdd:cd21596;cdd:cd23168;cdd:cd23186;cdd:cd23187;cdd:cd23190;cdd:cd23191	1.0000	0.7889	CDD_direct_multi_root	curated_root_transferred
f.0080.base-Corona	cdd_transfer:rvmt_broad::f.0080.base-Corona:modern_structural:B	modern_structural:B	CDD conserved polymerase motif B	255;256;257;258;259;260;261;262;263;264;265;266;267;268;269;270;271;272;273;274;275;276;277;278;279;280;281;282;283;284	cdd:cd21530;cdd:cd21587;cdd:cd21588;cdd:cd21589;cdd:cd21590;cdd:cd21591;cdd:cd21592;cdd:cd21593;cdd:cd21596;cdd:cd23168;cdd:cd23186;cdd:cd23187;cdd:cd23190	0.9776	0.8008	CDD_direct_multi_root	curated_root_transferred
f.0080.base-Corona	cdd_transfer:rvmt_broad::f.0080.base-Corona:modern_structural:C	modern_structural:C	CDD conserved polymerase motif C	323;324;325;326;327;328;329;330;331;332;333;334;335;336	cdd:cd21530;cdd:cd21587;cdd:cd21588;cdd:cd21589;cdd:cd21590;cdd:cd21591;cdd:cd21592;cdd:cd21593;cdd:cd21596;cdd:cd23168;cdd:cd23187;cdd:cd23188;cdd:cd23191	0.9429	0.7512	CDD_direct_multi_root	curated_root_transferred
f.0080.base-Corona	cdd_transfer:rvmt_broad::f.0080.base-Corona:modern_structural:D	modern_structural:D	CDD conserved polymerase motif D	342;343;344;345;346;347;348;349;350;351;352;353;354;355;356;357;358;359;360;361;362;363	cdd:cd21530;cdd:cd21587;cdd:cd21588;cdd:cd21589;cdd:cd21590;cdd:cd21591;cdd:cd21592;cdd:cd21593;cdd:cd21596	1.0000	0.8297	CDD_direct_multi_root	curated_root_transferred
f.0080.base-Corona	cdd_transfer:rvmt_broad::f.0080.base-Corona:modern_structural:E	modern_structural:E	CDD conserved polymerase motif E	377;378;379;380;381;382;383;384;385;386;387	cdd:cd21530;cdd:cd21587;cdd:cd21588;cdd:cd21589;cdd:cd21590;cdd:cd21591;cdd:cd21592;cdd:cd21593;cdd:cd21596	0.9259	0.9123	CDD_direct_multi_root	curated_root_transferred
f.0080.base-Corona	cdd_transfer:rvmt_broad::f.0080.base-Corona:modern_structural:F	modern_structural:F	CDD conserved polymerase motif F	115;116;117;118;119;120;121;122;123;124;125;126;127;128;129;130;131;132;133;134;135;136;137	cdd:cd21530;cdd:cd21587;cdd:cd21588;cdd:cd21589;cdd:cd21590;cdd:cd21591;cdd:cd21592;cdd:cd21593;cdd:cd21596;cdd:cd23168;cdd:cd23186;cdd:cd23187;cdd:cd23188	1.0000	0.7969	CDD_direct_multi_root	curated_root_transferred
f.0080.base-Corona	cdd_transfer:rvmt_broad::f.0080.base-Corona:modern_structural:G	modern_structural:G	CDD conserved polymerase motif G	77;78;79;80;81;82;83;84;85;86;87;88;89;90	cdd:cd21530;cdd:cd21587;cdd:cd21588;cdd:cd21589;cdd:cd21590;cdd:cd21591;cdd:cd21592;cdd:cd21593;cdd:cd21596	1.0000	0.7052	CDD_direct_multi_root	curated_root_transferred
f.0081	cdd_transfer:rvmt_broad::f.0081:modern_structural:A	modern_structural:A	CDD conserved polymerase motif A	202;203;204;205;206;207;208;209;210;211;212;213;214;215;216;217;218	cdd:cd21530;cdd:cd21587;cdd:cd21588;cdd:cd21589;cdd:cd21590;cdd:cd21591;cdd:cd21592;cdd:cd21593;cdd:cd21596;cdd:cd23168;cdd:cd23187	1.0000	0.5973	CDD_direct_multi_root	curated_root_transferred
f.0081	cdd_transfer:rvmt_broad::f.0081:modern_structural:B	modern_structural:B	CDD conserved polymerase motif B	274;275;276;277;278;279;280;281;282;283;284;285;286;287;288;289;290;291;292;293;294;295;296;297;298;299;300;301;302;303	cdd:cd21530;cdd:cd21588;cdd:cd21589;cdd:cd21590;cdd:cd21591;cdd:cd21592;cdd:cd21593;cdd:cd21596;cdd:cd23168;cdd:cd23187;cdd:cd23188	0.9962	0.5724	CDD_direct_multi_root	curated_root_transferred
f.0081	cdd_transfer:rvmt_broad::f.0081:modern_structural:C	modern_structural:C	CDD conserved polymerase motif C	351;352;353;354;355;356;357;358;359;360;361;362;363;364;365	cdd:cd21530;cdd:cd21590;cdd:cd21591;cdd:cd23188	1.0000	0.5306	CDD_direct_multi_root	curated_root_transferred
f.0081	cdd_transfer:rvmt_broad::f.0081:modern_structural:D	modern_structural:D	CDD conserved polymerase motif D	368;370;371;372;373;374;375;376;377;378;379;382;383;384;385;386;387;388;389	cdd:cd21530	0.9048	0.5333	CDD_direct_single_root	curated_root_transferred
f.0081	cdd_transfer:rvmt_broad::f.0081:modern_structural:E	modern_structural:E	CDD conserved polymerase motif E	402;403;404;405;406;407;408;409;410;411;412;413	cdd:cd21530;cdd:cd21587;cdd:cd21588;cdd:cd21589;cdd:cd21590;cdd:cd21591;cdd:cd21592;cdd:cd21593;cdd:cd21596	0.9630	0.6199	CDD_direct_multi_root	curated_root_transferred
f.0081	cdd_transfer:rvmt_broad::f.0081:modern_structural:F	modern_structural:F	CDD conserved polymerase motif F	126;127;128;129;130;131;132;133;134;135;136;137;138;139;140;141;142;143;144;145;146;147;148	cdd:cd21530;cdd:cd21587;cdd:cd21588;cdd:cd21589;cdd:cd21590;cdd:cd21591;cdd:cd21592;cdd:cd21593;cdd:cd21596;cdd:cd23187;cdd:cd23188	1.0000	0.6526	CDD_direct_multi_root	curated_root_transferred
f.0081	cdd_transfer:rvmt_broad::f.0081:modern_structural:G	modern_structural:G	CDD conserved polymerase motif G	88;89;90;91;92;93;94;95;96;97;98;99;100;101	cdd:cd21530;cdd:cd21587;cdd:cd21588;cdd:cd21589;cdd:cd21590;cdd:cd21591;cdd:cd21592;cdd:cd21593;cdd:cd21596	1.0000	0.6200	CDD_direct_multi_root	curated_root_transferred
f.0082.base-Mesoni	cdd_transfer:rvmt_broad::f.0082.base-Mesoni:modern_structural:A	modern_structural:A	CDD conserved polymerase motif A	201;202;203;204;205;206;207;208;209;210;211;212;213;214;215;216;217	cdd:cd21530;cdd:cd21587;cdd:cd21588;cdd:cd21589;cdd:cd21590;cdd:cd21591;cdd:cd21592;cdd:cd21593;cdd:cd21596;cdd:cd23168;cdd:cd23186;cdd:cd23187	1.0000	0.6069	CDD_direct_multi_root	curated_root_transferred
f.0082.base-Mesoni	cdd_transfer:rvmt_broad::f.0082.base-Mesoni:modern_structural:B	modern_structural:B	CDD conserved polymerase motif B	277;278;279;280;281;282;283;284;285;286;287;288;289;290;291;292;293;294;295;296;297;298;299;300;301	cdd:cd21530;cdd:cd21587;cdd:cd21590;cdd:cd21591;cdd:cd21592;cdd:cd21596;cdd:cd23168;cdd:cd23186;cdd:cd23187;cdd:cd23188;cdd:cd23191	0.9575	0.6605	CDD_direct_multi_root	curated_root_transferred
f.0082.base-Mesoni	cdd_transfer:rvmt_broad::f.0082.base-Mesoni:modern_structural:C	modern_structural:C	CDD conserved polymerase motif C	357;358;359;360;361;362;363;364;365;366;367;368;369	cdd:cd21530;cdd:cd21587;cdd:cd21588;cdd:cd21589;cdd:cd21590;cdd:cd21591;cdd:cd21592;cdd:cd21593;cdd:cd21596;cdd:cd23187;cdd:cd23188;cdd:cd23191	0.9111	0.6606	CDD_direct_multi_root	curated_root_transferred
f.0082.base-Mesoni	cdd_transfer:rvmt_broad::f.0082.base-Mesoni:modern_structural:D	modern_structural:D	CDD conserved polymerase motif D	377;378;379;380;381;382;383;384;385;386;387;388;389;390;391;392;393;394	cdd:cd21530;cdd:cd21587;cdd:cd21588;cdd:cd21589;cdd:cd21590;cdd:cd21592;cdd:cd21593;cdd:cd21596	0.8387	0.5833	CDD_direct_multi_root	curated_root_transferred
f.0082.base-Mesoni	cdd_transfer:rvmt_broad::f.0082.base-Mesoni:modern_structural:E	modern_structural:E	CDD conserved polymerase motif E	407;408;409;410;411;412;413;414;415;416;417	cdd:cd21530;cdd:cd21587;cdd:cd21588;cdd:cd21589;cdd:cd21590;cdd:cd21591;cdd:cd21592;cdd:cd21593;cdd:cd21596	0.9444	0.7239	CDD_direct_multi_root	curated_root_transferred
f.0082.base-Mesoni	cdd_transfer:rvmt_broad::f.0082.base-Mesoni:modern_structural:F	modern_structural:F	CDD conserved polymerase motif F	123;124;125;126;127;128;129;130;131;132;133;134;135;136;137;138;139;140;141;142;143;144;145	cdd:cd21530;cdd:cd21587;cdd:cd21588;cdd:cd21589;cdd:cd21590;cdd:cd21591;cdd:cd21592;cdd:cd21593;cdd:cd21596;cdd:cd23168;cdd:cd23186;cdd:cd23187;cdd:cd23188	0.9963	0.6880	CDD_direct_multi_root	curated_root_transferred
f.0082.base-Mesoni	cdd_transfer:rvmt_broad::f.0082.base-Mesoni:modern_structural:G	modern_structural:G	CDD conserved polymerase motif G	86;87;88;89;90;91;92;93;94;95;96;97;98;99	cdd:cd21530;cdd:cd21587;cdd:cd21588;cdd:cd21589;cdd:cd21590;cdd:cd21591;cdd:cd21592;cdd:cd21593;cdd:cd21596	1.0000	0.5895	CDD_direct_multi_root	curated_root_transferred
f.0083	cdd_transfer:rvmt_broad::f.0083:modern_structural:A	modern_structural:A	CDD conserved polymerase motif A	212;213;214;215;216;217;218;219;220;221;222;223;224;225;226	cdd:cd21587;cdd:cd21590;cdd:cd23187	1.0000	0.5152	CDD_direct_multi_root	curated_root_transferred
f.0083	cdd_transfer:rvmt_broad::f.0083:modern_structural:B	modern_structural:B	CDD conserved polymerase motif B	317;318;319;320;321;322;323;324;325;326;327;328;329;330;331;332;333;334;335;336;337;338;339;340;341;342;343	cdd:cd21587;cdd:cd21590;cdd:cd21592;cdd:cd23187;cdd:cd23188	0.9733	0.6592	CDD_direct_multi_root	curated_root_transferred
f.0083	cdd_transfer:rvmt_broad::f.0083:modern_structural:C	modern_structural:C	CDD conserved polymerase motif C	393;395;396;397;398;399;400;401;402;403;404;405;406;407;408	cdd:cd21530;cdd:cd21587;cdd:cd21588;cdd:cd21589;cdd:cd21590;cdd:cd21591;cdd:cd21592;cdd:cd21593;cdd:cd21596;cdd:cd23187	1.0000	0.7007	CDD_direct_multi_root	curated_root_transferred
f.0083	cdd_transfer:rvmt_broad::f.0083:modern_structural:D	modern_structural:D	CDD conserved polymerase motif D	413;414;415;416;417;418;419;420;421;422;423;424;425;426;427;428;429;430;431;432	cdd:cd21587;cdd:cd21588;cdd:cd21591;cdd:cd21592;cdd:cd21593;cdd:cd21596	0.8712	0.6538	CDD_direct_multi_root	curated_root_transferred
f.0083	cdd_transfer:rvmt_broad::f.0083:modern_structural:E	modern_structural:E	CDD conserved polymerase motif E	445;446;447;448;449;450;451;452;453;454	cdd:cd21530;cdd:cd21587;cdd:cd21588;cdd:cd21589;cdd:cd21590;cdd:cd21591;cdd:cd21592;cdd:cd21593;cdd:cd21596	0.8148	0.7845	CDD_direct_multi_root	curated_root_transferred
f.0083	cdd_transfer:rvmt_broad::f.0083:modern_structural:F	modern_structural:F	CDD conserved polymerase motif F	125;126;127;128;129;130;131;132;133;134;135;136;137;138;139;140;141;142;143;144;145;146;147	cdd:cd21530;cdd:cd21587;cdd:cd21588;cdd:cd21589;cdd:cd21590;cdd:cd21591;cdd:cd21592;cdd:cd21593;cdd:cd21596;cdd:cd23187	1.0000	0.8396	CDD_direct_multi_root	curated_root_transferred
f.0083	cdd_transfer:rvmt_broad::f.0083:modern_structural:G	modern_structural:G	CDD conserved polymerase motif G	87;88;89;90;91;92;93;94;95;96;97;98;99;100	cdd:cd21530;cdd:cd21587;cdd:cd21588;cdd:cd21589;cdd:cd21590;cdd:cd21591;cdd:cd21592;cdd:cd21593;cdd:cd21596	1.0000	0.7886	CDD_direct_multi_root	curated_root_transferred
f.0084	cdd_transfer:rvmt_broad::f.0084:modern_structural:A	modern_structural:A	CDD conserved polymerase motif A	181;182;183;184;185;186;187;188;189;190;191;192;193;194;195;196;197	cdd:cd21530;cdd:cd21587;cdd:cd21588;cdd:cd21589;cdd:cd21590;cdd:cd21591;cdd:cd21592;cdd:cd21593;cdd:cd21596;cdd:cd23168;cdd:cd23186;cdd:cd23187	1.0000	0.6521	CDD_direct_multi_root	curated_root_transferred
f.0084	cdd_transfer:rvmt_broad::f.0084:modern_structural:B	modern_structural:B	CDD conserved polymerase motif B	267;268;269;270;271;272;273;274;275;276;277;278;279;280;281;282;283;284;285;286;287;288;289;290;291;292	cdd:cd21530;cdd:cd21587;cdd:cd21588;cdd:cd21589;cdd:cd21590;cdd:cd21591;cdd:cd23168;cdd:cd23186;cdd:cd23187;cdd:cd23188	0.9375	0.6110	CDD_direct_multi_root	curated_root_transferred
f.0084	cdd_transfer:rvmt_broad::f.0084:modern_structural:C	modern_structural:C	CDD conserved polymerase motif C	344;345;346;347;348;349;350;351;352;353;354;355;356;357	cdd:cd21530;cdd:cd21587;cdd:cd21588;cdd:cd21590;cdd:cd21591;cdd:cd23186;cdd:cd23187;cdd:cd23188	0.9250	0.6209	CDD_direct_multi_root	curated_root_transferred
f.0084	cdd_transfer:rvmt_broad::f.0084:modern_structural:D	modern_structural:D	CDD conserved polymerase motif D	362;363;364;365;366;367;368;369;370;371;372;373;374;375;376;377;378;379;380;381	cdd:cd21530;cdd:cd21587;cdd:cd21589;cdd:cd21590;cdd:cd21591;cdd:cd21592;cdd:cd21593;cdd:cd21596	0.9364	0.5931	CDD_direct_multi_root	curated_root_transferred
f.0084	cdd_transfer:rvmt_broad::f.0084:modern_structural:E	modern_structural:E	CDD conserved polymerase motif E	394;395;396;397;398;399;400;401;402;403	cdd:cd21530;cdd:cd21587;cdd:cd21588;cdd:cd21589;cdd:cd21590;cdd:cd21591;cdd:cd21592;cdd:cd21593;cdd:cd21596	0.8704	0.7859	CDD_direct_multi_root	curated_root_transferred
f.0084	cdd_transfer:rvmt_broad::f.0084:modern_structural:F	modern_structural:F	CDD conserved polymerase motif F	106;107;108;109;110;111;112;113;114;115;116;117;118;119;120;121;122;123;124;125;126;127;128	cdd:cd21530;cdd:cd21587;cdd:cd21588;cdd:cd21589;cdd:cd21590;cdd:cd21591;cdd:cd21592;cdd:cd21593;cdd:cd21596;cdd:cd23168;cdd:cd23186;cdd:cd23187;cdd:cd23188	0.9963	0.7865	CDD_direct_multi_root	curated_root_transferred
f.0084	cdd_transfer:rvmt_broad::f.0084:modern_structural:G	modern_structural:G	CDD conserved polymerase motif G	68;69;70;71;72;73;74;75;76;77;78;79;80;81	cdd:cd21530;cdd:cd21587;cdd:cd21588;cdd:cd21589;cdd:cd21590;cdd:cd21591;cdd:cd21592;cdd:cd21593;cdd:cd21596	1.0000	0.6385	CDD_direct_multi_root	curated_root_transferred
f.0085	cdd_transfer:rvmt_broad::f.0085:modern_structural:A	modern_structural:A	CDD conserved polymerase motif A	200;201;202;203;204;205;206;207;208;209;210;211;212;213;214;215;216	cdd:cd21530;cdd:cd21587;cdd:cd21588;cdd:cd23168;cdd:cd23187	1.0000	0.5686	CDD_direct_multi_root	curated_root_transferred
f.0085	cdd_transfer:rvmt_broad::f.0085:modern_structural:B	modern_structural:B	CDD conserved polymerase motif B	268;269;270;271;272;273;274;275;276;277;278;279;280;281;282;283;284;285;286;287;288;289;290;291	cdd:cd21530;cdd:cd23168;cdd:cd23187;cdd:cd23188	1.0000	0.7074	CDD_direct_multi_root	curated_root_transferred
f.0085	cdd_transfer:rvmt_broad::f.0085:modern_structural:C	modern_structural:C	CDD conserved polymerase motif C	341;342;343;344;345;346;347;348;349;350;351;352;353;354;355	cdd:cd21530;cdd:cd21587;cdd:cd21588;cdd:cd23187;cdd:cd23188	0.9867	0.7659	CDD_direct_multi_root	curated_root_transferred
f.0085	cdd_transfer:rvmt_broad::f.0085:modern_structural:D	modern_structural:D	CDD conserved polymerase motif D	358;359;360;361;362;363;364;365;366;367;368;369;370;371;372;373;374;375;376	cdd:cd21530;cdd:cd21587	0.8604	0.5339	CDD_direct_multi_root	curated_root_transferred
f.0085	cdd_transfer:rvmt_broad::f.0085:modern_structural:E	modern_structural:E	CDD conserved polymerase motif E	387;388;389;390;391;392;393;394;395;396	cdd:cd21530;cdd:cd21587;cdd:cd21588	0.8611	0.6121	CDD_direct_multi_root	curated_root_transferred
f.0085	cdd_transfer:rvmt_broad::f.0085:modern_structural:F	modern_structural:F	CDD conserved polymerase motif F	113;114;115;116;117;118;119;120;121;122;123;124;125;126;127;128;129;130;131;132;133;134;135;136	cdd:cd21530;cdd:cd21587;cdd:cd21588;cdd:cd23187;cdd:cd23188	1.0000	0.5989	CDD_direct_multi_root	curated_root_transferred
f.0085	cdd_transfer:rvmt_broad::f.0085:modern_structural:G	modern_structural:G	CDD conserved polymerase motif G	76;77;78;79;80;81;82;83;84;85;86;87;88;89	cdd:cd21530;cdd:cd21587;cdd:cd21588	1.0000	0.7103	CDD_direct_multi_root	curated_root_transferred
f.0086.base-Euroni	cdd_transfer:rvmt_broad::f.0086.base-Euroni:modern_structural:A	modern_structural:A	CDD conserved polymerase motif A	206;207;208;209;210;211;212;213;214;215;216;217;218;219;220	cdd:cd23190;cdd:cd23191	1.0000	0.7583	CDD_direct_multi_root	curated_root_transferred
f.0086.base-Euroni	cdd_transfer:rvmt_broad::f.0086.base-Euroni:modern_structural:B	modern_structural:B	CDD conserved polymerase motif B	275;276;277;278;279;280;281;282;283;284;285;286;287;288;289;290;291;292;293;294;295;296;297;298	cdd:cd23168;cdd:cd23190;cdd:cd23191	1.0000	0.6341	CDD_direct_multi_root	curated_root_transferred
f.0086.base-Euroni	cdd_transfer:rvmt_broad::f.0086.base-Euroni:modern_structural:C	modern_structural:C	CDD conserved polymerase motif C	350;352;353;354;355;356;357;358;359;360;361;362;363;364;365;366	cdd:cd23190;cdd:cd23191	1.0000	0.7846	CDD_direct_multi_root	curated_root_transferred
f.0086.base-Euroni	cdd_transfer:rvmt_broad::f.0086.base-Euroni:modern_structural:F	modern_structural:F	CDD conserved polymerase motif F	124;125;126;127;128;129;130;131;132;133;137;138;139;140;141;142;143;144;145;146	cdd:cd23168;cdd:cd23190;cdd:cd23191	0.9683	0.7556	CDD_direct_multi_root	curated_root_transferred
f.0087.base-Roni	cdd_transfer:rvmt_broad::f.0087.base-Roni:modern_structural:A	modern_structural:A	CDD conserved polymerase motif A	199;204;205;206;207;208;209;210;211;212;213;214;215;216;217;218	cdd:cd21530;cdd:cd21587;cdd:cd21589;cdd:cd21590;cdd:cd21592;cdd:cd21593;cdd:cd21596;cdd:cd23168;cdd:cd23187;cdd:cd23190	1.0000	0.5838	CDD_direct_multi_root	curated_root_transferred
f.0087.base-Roni	cdd_transfer:rvmt_broad::f.0087.base-Roni:modern_structural:C	modern_structural:C	CDD conserved polymerase motif C	355;356;357;358;359;360;361;362;363;364;365;366;367;368;369	cdd:cd21530;cdd:cd21587;cdd:cd21589;cdd:cd21590;cdd:cd21592;cdd:cd21593;cdd:cd21596;cdd:cd23187;cdd:cd23188;cdd:cd23190	0.9667	0.7407	CDD_direct_multi_root	curated_root_transferred
f.0087.base-Roni	cdd_transfer:rvmt_broad::f.0087.base-Roni:modern_structural:D	modern_structural:D	CDD conserved polymerase motif D	373;374;375;376;377;378;379;380;381;382;387;388;389;390;391;392;393;394;395;398	cdd:cd21530;cdd:cd21587;cdd:cd21589;cdd:cd21590;cdd:cd21592;cdd:cd21596	0.8373	0.5726	CDD_direct_multi_root	curated_root_transferred
f.0087.base-Roni	cdd_transfer:rvmt_broad::f.0087.base-Roni:modern_structural:E	modern_structural:E	CDD conserved polymerase motif E	411;412;413;414;415;416;417;418;419;420;421	cdd:cd21530;cdd:cd21587;cdd:cd21589;cdd:cd21590;cdd:cd21592;cdd:cd21593;cdd:cd21596	0.9524	0.7186	CDD_direct_multi_root	curated_root_transferred
f.0087.base-Roni	cdd_transfer:rvmt_broad::f.0087.base-Roni:modern_structural:F	modern_structural:F	CDD conserved polymerase motif F	125;126;127;128;129;130;131;132;133;134;135;136;137;138;139;140;141;142;143;144;145;146;147	cdd:cd21530;cdd:cd21587;cdd:cd21589;cdd:cd21590;cdd:cd21592;cdd:cd21593;cdd:cd21596;cdd:cd23168;cdd:cd23187;cdd:cd23188;cdd:cd23190	0.9670	0.7492	CDD_direct_multi_root	curated_root_transferred
f.0087.base-Roni	cdd_transfer:rvmt_broad::f.0087.base-Roni:modern_structural:G	modern_structural:G	CDD conserved polymerase motif G	88;89;90;91;92;93;94;95;96;97;98;99;100	cdd:cd21530;cdd:cd21587;cdd:cd21589;cdd:cd21590;cdd:cd21592;cdd:cd21593;cdd:cd21596	0.9592	0.6868	CDD_direct_multi_root	curated_root_transferred
f.0089.base-Permutotetra	cdd_transfer:rvmt_broad::f.0089.base-Permutotetra:modern_structural:B	modern_structural:B	CDD conserved polymerase motif B	286;287;288;289;290;291;292;293;294;295;296;297;298;299;300;301;302;303;304;305	cdd:cd23175	0.8333	0.5833	CDD_direct_single_root	curated_root_transferred
f.0102.base-Curvula	cdd_transfer:rvmt_broad::f.0102.base-Curvula:modern_structural:B	modern_structural:B	CDD conserved polymerase motif B	261;262;263;264;265;266;267;268;269;270;271;272;273;274;275;276;277;278;279;280;281;282;283;284	cdd:cd23169;cdd:cd23172;cdd:cd23173;cdd:cd23175;cdd:cd23179;cdd:cd23192;cdd:cd23193;cdd:cd23194;cdd:cd23195;cdd:cd23196;cdd:cd23197;cdd:cd23211;cdd:cd23213;cdd:cd23215;cdd:cd23217;cdd:cd23219;cdd:cd23220;cdd:cd23226;cdd:cd23227;cdd:cd23228;cdd:cd23229;cdd:cd23232	1.0000	0.8218	CDD_direct_multi_root	curated_root_transferred
f.0102.base-Curvula	cdd_transfer:rvmt_broad::f.0102.base-Curvula:modern_structural:F	modern_structural:F	CDD conserved polymerase motif F	118;119;120;121;122;123;124;125;126;127;128;129;131;132;133;134;135;136;137;138;139;140;141;142	cdd:cd23211;cdd:cd23213	0.9545	0.5227	CDD_direct_multi_root	curated_root_transferred
f.0103.base-Curvula	cdd_transfer:rvmt_broad::f.0103.base-Curvula:modern_structural:B	modern_structural:B	CDD conserved polymerase motif B	275;276;277;278;279;280;281;282;283;284;285;286;287;288;289;290;291;292;293;294;295;296;297;298	cdd:cd23169;cdd:cd23172;cdd:cd23179;cdd:cd23192;cdd:cd23193;cdd:cd23194;cdd:cd23196;cdd:cd23210;cdd:cd23223	1.0000	0.7278	CDD_direct_multi_root	curated_root_transferred
f.0103.base-Curvula	cdd_transfer:rvmt_broad::f.0103.base-Curvula:modern_structural:C	modern_structural:C	CDD conserved polymerase motif C	308;309;310;311;312;313;314;315;316;317;318;319;320;321;322	cdd:cd23196;cdd:cd23223	1.0000	0.7500	CDD_direct_multi_root	curated_root_transferred
f.0105.base-Curvula	cdd_transfer:rvmt_broad::f.0105.base-Curvula:modern_structural:A	modern_structural:A	CDD conserved polymerase motif A	199;200;201;202;203;204;205;206;207;208;209;210;211;212;213	cdd:cd23185	1.0000	0.5455	CDD_direct_single_root	curated_root_transferred
f.0105.base-Curvula	cdd_transfer:rvmt_broad::f.0105.base-Curvula:modern_structural:F	modern_structural:F	CDD conserved polymerase motif F	123;124;125;126;127;128;129;130;142;143;144;145;146;147	cdd:cd23185	1.0000	0.6250	CDD_direct_single_root	curated_root_transferred
f.0106.base-Curvula	cdd_transfer:rvmt_broad::f.0106.base-Curvula:modern_structural:A	modern_structural:A	CDD conserved polymerase motif A	193;194;195;196;197;198;199;200;201;202;203;204;205;206;207	cdd:cd23192;cdd:cd23193;cdd:cd23217	1.0000	0.8185	CDD_direct_multi_root	curated_root_transferred
f.0106.base-Curvula	cdd_transfer:rvmt_broad::f.0106.base-Curvula:modern_structural:B	modern_structural:B	CDD conserved polymerase motif B	258;259;260;261;262;263;264;265;266;267;268;269;270;271;272;273;274;276;277;278;279;280;281	cdd:cd23169;cdd:cd23192;cdd:cd23193;cdd:cd23217	0.9896	0.6725	CDD_direct_multi_root	curated_root_transferred
f.0106.base-Curvula	cdd_transfer:rvmt_broad::f.0106.base-Curvula:modern_structural:C	modern_structural:C	CDD conserved polymerase motif C	296;297;298;299;301;302;303;304;305;306;307;308;309;310	cdd:cd23169;cdd:cd23193;cdd:cd23217	1.0000	0.6389	CDD_direct_multi_root	curated_root_transferred
f.0106.base-Curvula	cdd_transfer:rvmt_broad::f.0106.base-Curvula:modern_structural:F	modern_structural:F	CDD conserved polymerase motif F	104;105;106;107;108;109;110;111;112;113;114;115;116;132;133;134;135;136;137;138;139;140;141	cdd:cd23192;cdd:cd23193	0.9545	0.5997	CDD_direct_multi_root	curated_root_transferred
f.0107.base-Curvula	cdd_transfer:rvmt_broad::f.0107.base-Curvula:modern_structural:B	modern_structural:B	CDD conserved polymerase motif B	270;271;272;273;274;275;276;277;278;279;280;281;282;283;284;285;286;287;288;289;290;291;292;293	cdd:cd23194	1.0000	0.6667	CDD_direct_single_root	curated_root_transferred
f.0108.base-Curvula	cdd_transfer:rvmt_broad::f.0108.base-Curvula:modern_structural:A	modern_structural:A	CDD conserved polymerase motif A	195;200;201;202;203;204;205;206;207;208;209;210;211;212;213	cdd:cd23185	1.0000	0.7778	CDD_direct_single_root	curated_root_transferred
f.0109.base-Curvula	cdd_transfer:rvmt_broad::f.0109.base-Curvula:modern_structural:A	modern_structural:A	CDD conserved polymerase motif A	236;237;238;239;240;241;242;243;244;245;246;247;248;249;250	cdd:cd23175;cdd:cd23193;cdd:cd23194	1.0000	0.7447	CDD_direct_multi_root	curated_root_transferred
f.0109.base-Curvula	cdd_transfer:rvmt_broad::f.0109.base-Curvula:modern_structural:B	modern_structural:B	CDD conserved polymerase motif B	306;307;308;309;310;311;312;313;314;315;316;317;318;319;320;321;322;323;324;325;326;327;328;329	cdd:cd23169;cdd:cd23175;cdd:cd23193;cdd:cd23194	1.0000	0.7523	CDD_direct_multi_root	curated_root_transferred
f.0109.base-Curvula	cdd_transfer:rvmt_broad::f.0109.base-Curvula:modern_structural:C	modern_structural:C	CDD conserved polymerase motif C	341;342;343;344;346;347;348;349;350;351;352;353;354;355	cdd:cd23169;cdd:cd23193;cdd:cd23194	1.0000	0.7460	CDD_direct_multi_root	curated_root_transferred
f.0110.base-Curvula	cdd_transfer:rvmt_broad::f.0110.base-Curvula:modern_structural:A	modern_structural:A	CDD conserved polymerase motif A	200;201;202;203;204;205;206;207;208;209;210;211;212;213;214	cdd:cd23172;cdd:cd23175;cdd:cd23185;cdd:cd23192;cdd:cd23194;cdd:cd23197;cdd:cd23219;cdd:cd23228;cdd:cd23232	1.0000	0.7417	CDD_direct_multi_root	curated_root_transferred
f.0110.base-Curvula	cdd_transfer:rvmt_broad::f.0110.base-Curvula:modern_structural:B	modern_structural:B	CDD conserved polymerase motif B	265;266;267;268;269;270;271;272;273;274;275;276;277;278;279;280;281;282;283;284;285;286;287;288	cdd:cd23169;cdd:cd23175;cdd:cd23179;cdd:cd23192;cdd:cd23193;cdd:cd23194;cdd:cd23197;cdd:cd23219;cdd:cd23228;cdd:cd23232	1.0000	0.7270	CDD_direct_multi_root	curated_root_transferred
f.0110.base-Curvula	cdd_transfer:rvmt_broad::f.0110.base-Curvula:modern_structural:C	modern_structural:C	CDD conserved polymerase motif C	295;296;297;298;299;300;301;302;303;304;305;306;307;308;309	cdd:cd23169;cdd:cd23175;cdd:cd23179;cdd:cd23193;cdd:cd23194;cdd:cd23197;cdd:cd23200;cdd:cd23219;cdd:cd23228;cdd:cd23232	0.9800	0.7732	CDD_direct_multi_root	curated_root_transferred
f.0110.base-Curvula	cdd_transfer:rvmt_broad::f.0110.base-Curvula:modern_structural:F	modern_structural:F	CDD conserved polymerase motif F	121;122;123;124;125;126;127;135;139;140;141;142;143;144	cdd:cd23185	1.0000	0.6250	CDD_direct_single_root	curated_root_transferred
f.0111	cdd_transfer:rvmt_broad::f.0111:modern_structural:A	modern_structural:A	CDD conserved polymerase motif A	186;187;188;189;190;191;192;193;194;195;196;197;198;199;200	cdd:cd23172;cdd:cd23173;cdd:cd23175;cdd:cd23185;cdd:cd23194;cdd:cd23199;cdd:cd23210;cdd:cd23211;cdd:cd23213;cdd:cd23217;cdd:cd23219;cdd:cd23220;cdd:cd23223;cdd:cd23227;cdd:cd23228;cdd:cd23231;cdd:cd23232	1.0000	0.7288	CDD_direct_multi_root	curated_root_transferred
f.0111	cdd_transfer:rvmt_broad::f.0111:modern_structural:B	modern_structural:B	CDD conserved polymerase motif B	251;252;253;254;255;256;257;258;259;260;261;262;263;264;265;266;267;268;269;270;271;272;273;274	cdd:cd23172;cdd:cd23175;cdd:cd23192;cdd:cd23194;cdd:cd23210;cdd:cd23211;cdd:cd23213;cdd:cd23217;cdd:cd23219;cdd:cd23220;cdd:cd23223;cdd:cd23226;cdd:cd23227;cdd:cd23228;cdd:cd23231;cdd:cd23232	1.0000	0.7756	CDD_direct_multi_root	curated_root_transferred
f.0111	cdd_transfer:rvmt_broad::f.0111:modern_structural:C	modern_structural:C	CDD conserved polymerase motif C	287;288;289;290;291;292;293;294;295;296;297;298;299;300	cdd:cd23199;cdd:cd23217	0.8929	0.9286	CDD_direct_multi_root	curated_root_transferred
f.0111	cdd_transfer:rvmt_broad::f.0111:modern_structural:F	modern_structural:F	CDD conserved polymerase motif F	114;115;116;117;118;119;120;121;131;132;133;134;135;136	cdd:cd23185	1.0000	0.7778	CDD_direct_single_root	curated_root_transferred
f.0117.base-Cysto	cdd_transfer:rvmt_broad::f.0117.base-Cysto:modern_structural:F	modern_structural:F	CDD conserved polymerase motif F	97;98;99;100;101;102;103;118;119;120;121;122;123;124	cdd:cd23185	1.0000	0.7778	CDD_direct_single_root	curated_root_transferred
f.0118.base-Cysto	cdd_transfer:rvmt_broad::f.0118.base-Cysto:modern_structural:A	modern_structural:A	CDD conserved polymerase motif A	186;187;188;189;190;191;192;193;194;195;196;197;198;199;200	cdd:cd23185	1.0000	0.7778	CDD_direct_single_root	curated_root_transferred
f.0118.base-Cysto	cdd_transfer:rvmt_broad::f.0118.base-Cysto:modern_structural:B	modern_structural:B	CDD conserved polymerase motif B	254;255;256;257;258;259;260;261;262;263;264;265;266;267;268;269;270;272;273;274;275;276	cdd:cd23169	0.9565	0.8182	CDD_direct_single_root	curated_root_transferred
f.0121	cdd_transfer:rvmt_broad::f.0121:modern_structural:A	modern_structural:A	CDD conserved polymerase motif A	190;191;192;193;194;195;196;197;198;199;200;201;202;203;204	cdd:cd23185	1.0000	0.7500	CDD_direct_single_root	curated_root_transferred
f.0121	cdd_transfer:rvmt_broad::f.0121:modern_structural:C	modern_structural:C	CDD conserved polymerase motif C	280;281;282;283;284;285;286;287;288;289;290;291;292;293;294	cdd:cd23178	1.0000	0.6667	CDD_direct_single_root	curated_root_transferred
f.0121	cdd_transfer:rvmt_broad::f.0121:modern_structural:F	modern_structural:F	CDD conserved polymerase motif F	117;118;119;120;121;122;123;124;130;131;132;133;134;135	cdd:cd23185	1.0000	0.6667	CDD_direct_single_root	curated_root_transferred
f.0122	cdd_transfer:rvmt_broad::f.0122:modern_structural:A	modern_structural:A	CDD conserved polymerase motif A	219;220;221;222;223;224;225;226;227;228;229;230;231;232;233	cdd:cd23201;cdd:cd23206;cdd:cd23233;cdd:cd23234;cdd:cd23237;cdd:cd23238;cdd:cd23239;cdd:cd23240;cdd:cd23242;cdd:cd23243;cdd:cd23244	1.0000	0.8977	CDD_direct_multi_root	curated_root_transferred
f.0122	cdd_transfer:rvmt_broad::f.0122:modern_structural:B	modern_structural:B	CDD conserved polymerase motif B	284;285;286;287;288;289;290;291;292;293;294;295;296;297;298;299;300;301;302;303;304;305;306;307	cdd:cd23201;cdd:cd23233;cdd:cd23234;cdd:cd23235;cdd:cd23236;cdd:cd23237;cdd:cd23239;cdd:cd23240;cdd:cd23241;cdd:cd23242;cdd:cd23243;cdd:cd23244	0.9965	0.8681	CDD_direct_multi_root	curated_root_transferred
f.0122	cdd_transfer:rvmt_broad::f.0122:modern_structural:C	modern_structural:C	CDD conserved polymerase motif C	315;316;317;318;319;320;321;322;323;324;325;326;327;328	cdd:cd23201	0.9333	0.8571	CDD_direct_single_root	curated_root_transferred
f.0123	cdd_transfer:rvmt_broad::f.0123:modern_structural:C	modern_structural:C	CDD conserved polymerase motif C	325;326;327;328;329;330;331;332;333;334;335;336;337;338;339	cdd:cd23174;cdd:cd23179;cdd:cd23206;cdd:cd23233;cdd:cd23234;cdd:cd23235;cdd:cd23236;cdd:cd23237;cdd:cd23238;cdd:cd23239;cdd:cd23240;cdd:cd23241;cdd:cd23242;cdd:cd23243;cdd:cd23244;cdd:cd23251;cdd:cd23253;cdd:cd23254	0.9963	0.6961	CDD_direct_multi_root	curated_root_transferred
f.0124	cdd_transfer:rvmt_broad::f.0124:modern_structural:A	modern_structural:A	CDD conserved polymerase motif A	210;211;212;213;214;215;216;217;218;219;220;221;222;223;224	cdd:cd23173;cdd:cd23174;cdd:cd23179;cdd:cd23201;cdd:cd23202;cdd:cd23203;cdd:cd23206;cdd:cd23233;cdd:cd23234;cdd:cd23235;cdd:cd23236;cdd:cd23237;cdd:cd23238;cdd:cd23239;cdd:cd23240;cdd:cd23241;cdd:cd23242;cdd:cd23243;cdd:cd23244;cdd:cd23254	1.0000	0.8146	CDD_direct_multi_root	curated_root_transferred
f.0124	cdd_transfer:rvmt_broad::f.0124:modern_structural:B	modern_structural:B	CDD conserved polymerase motif B	276;277;278;279;280;281;282;283;284;285;286;287;288;289;290;291;292;293;294;295;296;297;298;299	cdd:cd23174;cdd:cd23201;cdd:cd23202;cdd:cd23203;cdd:cd23206;cdd:cd23233;cdd:cd23234;cdd:cd23235;cdd:cd23236;cdd:cd23237;cdd:cd23239;cdd:cd23240;cdd:cd23241;cdd:cd23242;cdd:cd23243;cdd:cd23244;cdd:cd23254	0.9902	0.7481	CDD_direct_multi_root	curated_root_transferred
f.0124	cdd_transfer:rvmt_broad::f.0124:modern_structural:C	modern_structural:C	CDD conserved polymerase motif C	305;306;307;308;309;310;311;312;313;314;315;316;317;318;319	cdd:cd23174;cdd:cd23178;cdd:cd23179;cdd:cd23201;cdd:cd23202;cdd:cd23203;cdd:cd23206;cdd:cd23209;cdd:cd23233;cdd:cd23234;cdd:cd23235;cdd:cd23236;cdd:cd23237;cdd:cd23238;cdd:cd23239;cdd:cd23240;cdd:cd23241;cdd:cd23242;cdd:cd23243;cdd:cd23244;cdd:cd23254	0.9968	0.8284	CDD_direct_multi_root	curated_root_transferred
f.0124	cdd_transfer:rvmt_broad::f.0124:modern_structural:F	modern_structural:F	CDD conserved polymerase motif F	134;135;136;137;138;139;140;141;144;145;146;147;148;149;150;151;152	cdd:cd23203	0.8500	0.7000	CDD_direct_single_root	curated_root_transferred
f.0125	cdd_transfer:rvmt_broad::f.0125:modern_structural:A	modern_structural:A	CDD conserved polymerase motif A	164;165;166;167;168;169;170;171;172;173;174;175;176;177;178	cdd:cd23173;cdd:cd23174;cdd:cd23178;cdd:cd23179;cdd:cd23208;cdd:cd23251;cdd:cd23252;cdd:cd23253;cdd:cd23254;cdd:cd23255	1.0000	0.7205	CDD_direct_multi_root	curated_root_transferred
f.0125	cdd_transfer:rvmt_broad::f.0125:modern_structural:B	modern_structural:B	CDD conserved polymerase motif B	228;229;230;231;232;233;234;235;236;237;238;239;240;241;242;243;244;245;246;247;248;249;250;251	cdd:cd23173;cdd:cd23174;cdd:cd23178;cdd:cd23206;cdd:cd23233;cdd:cd23234;cdd:cd23235;cdd:cd23236;cdd:cd23237;cdd:cd23238;cdd:cd23239;cdd:cd23240;cdd:cd23241;cdd:cd23242;cdd:cd23243;cdd:cd23244;cdd:cd23252;cdd:cd23253;cdd:cd23254;cdd:cd23255	0.9979	0.7417	CDD_direct_multi_root	curated_root_transferred
f.0125	cdd_transfer:rvmt_broad::f.0125:modern_structural:C	modern_structural:C	CDD conserved polymerase motif C	262;263;264;265;266;267;268;269;270;271;272;273;274;275;276	cdd:cd23234;cdd:cd23235;cdd:cd23236;cdd:cd23237;cdd:cd23238;cdd:cd23239;cdd:cd23240;cdd:cd23241;cdd:cd23242;cdd:cd23243;cdd:cd23244	1.0000	0.6351	CDD_direct_multi_root	curated_root_transferred
f.0126	cdd_transfer:rvmt_broad::f.0126:modern_structural:A	modern_structural:A	CDD conserved polymerase motif A	209;210;211;212;213;214;215;216;217;218;219;220;221;222;223	cdd:cd23174;cdd:cd23179;cdd:cd23206;cdd:cd23208;cdd:cd23233;cdd:cd23234;cdd:cd23235;cdd:cd23236;cdd:cd23237;cdd:cd23238;cdd:cd23239;cdd:cd23240;cdd:cd23241;cdd:cd23242;cdd:cd23243;cdd:cd23244	1.0000	0.7744	CDD_direct_multi_root	curated_root_transferred
f.0126	cdd_transfer:rvmt_broad::f.0126:modern_structural:B	modern_structural:B	CDD conserved polymerase motif B	274;275;276;277;278;279;280;281;282;283;284;285;286;287;288;289;290;291;292;293;294;295;296;297	cdd:cd23174;cdd:cd23178;cdd:cd23179;cdd:cd23206;cdd:cd23208;cdd:cd23233;cdd:cd23234;cdd:cd23235;cdd:cd23236;cdd:cd23237;cdd:cd23239;cdd:cd23240;cdd:cd23241;cdd:cd23242;cdd:cd23243;cdd:cd23244;cdd:cd23255	1.0000	0.7798	CDD_direct_multi_root	curated_root_transferred
f.0126	cdd_transfer:rvmt_broad::f.0126:modern_structural:C	modern_structural:C	CDD conserved polymerase motif C	307;308;309;310;311;312;313;314;315;316;317;318;319;320;321	cdd:cd23174;cdd:cd23233;cdd:cd23234;cdd:cd23235;cdd:cd23236;cdd:cd23237;cdd:cd23238;cdd:cd23239;cdd:cd23240;cdd:cd23241;cdd:cd23242;cdd:cd23243;cdd:cd23244	1.0000	0.6346	CDD_direct_multi_root	curated_root_transferred
f.0127.base-Noda	cdd_transfer:rvmt_broad::f.0127.base-Noda:modern_structural:A	modern_structural:A	CDD conserved polymerase motif A	184;185;186;187;188;189;190;191;192;193;194;195;196;197;198	cdd:cd23172;cdd:cd23173;cdd:cd23174;cdd:cd23206;cdd:cd23208;cdd:cd23235;cdd:cd23253;cdd:cd23254	1.0000	0.8021	CDD_direct_multi_root	curated_root_transferred
f.0127.base-Noda	cdd_transfer:rvmt_broad::f.0127.base-Noda:modern_structural:B	modern_structural:B	CDD conserved polymerase motif B	247;248;249;250;251;252;253;254;255;256;257;258;259;260;261;262;263;264;265;266;267;268;269;270	cdd:cd23173;cdd:cd23174;cdd:cd23206;cdd:cd23235	1.0000	0.7564	CDD_direct_multi_root	curated_root_transferred
f.0127.base-Noda	cdd_transfer:rvmt_broad::f.0127.base-Noda:modern_structural:C	modern_structural:C	CDD conserved polymerase motif C	288;289;290;291;292;293;294;295;296;297;298;299	cdd:cd23172;cdd:cd23173;cdd:cd23179;cdd:cd23206;cdd:cd23235	1.0000	0.7040	CDD_direct_multi_root	curated_root_transferred
f.0128.base-Noda	cdd_transfer:rvmt_broad::f.0128.base-Noda:modern_structural:A	modern_structural:A	CDD conserved polymerase motif A	191;192;193;194;195;196;197;198;199;200;201;202;203;204;205;206	cdd:cd23173;cdd:cd23174	1.0000	0.8889	CDD_direct_multi_root	curated_root_transferred
f.0128.base-Noda	cdd_transfer:rvmt_broad::f.0128.base-Noda:modern_structural:C	modern_structural:C	CDD conserved polymerase motif C	296;297;298;299;301;302;303;304;305;306;307;308;309;310	cdd:cd23193	1.0000	0.8571	CDD_direct_single_root	curated_root_transferred
f.0128.base-Noda	cdd_transfer:rvmt_broad::f.0128.base-Noda:modern_structural:F	modern_structural:F	CDD conserved polymerase motif F	126;127;128;129;130;131;132;133;134;135;136;137;138;139;140;142;143;144	cdd:cd23193	0.8182	0.5556	CDD_direct_single_root	curated_root_transferred
f.0129.base-Noda	cdd_transfer:rvmt_broad::f.0129.base-Noda:modern_structural:A	modern_structural:A	CDD conserved polymerase motif A	192;193;194;195;196;197;198;199;200;201;202;203;204;205;206	cdd:cd23173;cdd:cd23193	1.0000	0.8535	CDD_direct_multi_root	curated_root_transferred
f.0129.base-Noda	cdd_transfer:rvmt_broad::f.0129.base-Noda:modern_structural:B	modern_structural:B	CDD conserved polymerase motif B	252;253;254;255;256;257;258;259;260;261;262;263;264;265;266;267;268;269;270;271;272;273;274;275	cdd:cd23173;cdd:cd23193	0.9167	0.6923	CDD_direct_multi_root	curated_root_transferred
f.0129.base-Noda	cdd_transfer:rvmt_broad::f.0129.base-Noda:modern_structural:C	modern_structural:C	CDD conserved polymerase motif C	280;281;282;283;284;285;286;287;288;289;290;291;292;293	cdd:cd23173;cdd:cd23193	0.8929	0.6667	CDD_direct_multi_root	curated_root_transferred
f.0130.base-Sinhali	cdd_transfer:rvmt_broad::f.0130.base-Sinhali:modern_structural:A	modern_structural:A	CDD conserved polymerase motif A	193;194;195;196;197;198;199;200;201;202;203;204;205;206;207	cdd:cd23173;cdd:cd23174;cdd:cd23179;cdd:cd23206;cdd:cd23234;cdd:cd23235;cdd:cd23237;cdd:cd23239;cdd:cd23241;cdd:cd23242;cdd:cd23243;cdd:cd23244;cdd:cd23253	1.0000	0.7057	CDD_direct_multi_root	curated_root_transferred
f.0130.base-Sinhali	cdd_transfer:rvmt_broad::f.0130.base-Sinhali:modern_structural:B	modern_structural:B	CDD conserved polymerase motif B	255;256;257;258;259;260;261;262;263;264;265;266;267;268;269;270;271;272;273;274;275;276;277;278	cdd:cd23173;cdd:cd23174;cdd:cd23179;cdd:cd23206;cdd:cd23234;cdd:cd23235;cdd:cd23237;cdd:cd23239;cdd:cd23241;cdd:cd23242;cdd:cd23243;cdd:cd23244;cdd:cd23253	0.9968	0.6620	CDD_direct_multi_root	curated_root_transferred
f.0130.base-Sinhali	cdd_transfer:rvmt_broad::f.0130.base-Sinhali:modern_structural:C	modern_structural:C	CDD conserved polymerase motif C	286;287;288;289;290;291;292;293;294;295;296;297;298;299;300	cdd:cd23174;cdd:cd23179;cdd:cd23234;cdd:cd23237;cdd:cd23242;cdd:cd23243;cdd:cd23244;cdd:cd23253	1.0000	0.6255	CDD_direct_multi_root	curated_root_transferred
f.0131.base-Sinhali	cdd_transfer:rvmt_broad::f.0131.base-Sinhali:modern_structural:A	modern_structural:A	CDD conserved polymerase motif A	193;194;195;196;197;198;199;200;201;202;203;204;205;206;207	cdd:cd23173;cdd:cd23174;cdd:cd23179;cdd:cd23206;cdd:cd23233;cdd:cd23234;cdd:cd23235;cdd:cd23237;cdd:cd23239;cdd:cd23240;cdd:cd23241;cdd:cd23242;cdd:cd23243;cdd:cd23244	1.0000	0.7588	CDD_direct_multi_root	curated_root_transferred
f.0131.base-Sinhali	cdd_transfer:rvmt_broad::f.0131.base-Sinhali:modern_structural:B	modern_structural:B	CDD conserved polymerase motif B	257;258;259;260;261;262;263;264;265;266;267;268;269;270;271;272;273;274;275;276;277;278;279;280	cdd:cd23173;cdd:cd23174;cdd:cd23179;cdd:cd23206;cdd:cd23233;cdd:cd23234;cdd:cd23235;cdd:cd23237;cdd:cd23239;cdd:cd23240;cdd:cd23241;cdd:cd23242;cdd:cd23243;cdd:cd23244	0.9613	0.6419	CDD_direct_multi_root	curated_root_transferred
f.0131.base-Sinhali	cdd_transfer:rvmt_broad::f.0131.base-Sinhali:modern_structural:C	modern_structural:C	CDD conserved polymerase motif C	283;284;285;286;287;288;289;290;291;292;293;294;295;296;297	cdd:cd23173;cdd:cd23174;cdd:cd23179;cdd:cd23206;cdd:cd23234;cdd:cd23237;cdd:cd23239;cdd:cd23240;cdd:cd23241;cdd:cd23242	0.9529	0.6652	CDD_direct_multi_root	curated_root_transferred
f.0132.base-Sinhali	cdd_transfer:rvmt_broad::f.0132.base-Sinhali:modern_structural:A	modern_structural:A	CDD conserved polymerase motif A	181;182;183;184;185;186;187;188;189;190;191;192;193;194;195	cdd:cd23173;cdd:cd23174;cdd:cd23179;cdd:cd23193;cdd:cd23205;cdd:cd23206;cdd:cd23233;cdd:cd23234;cdd:cd23235;cdd:cd23236;cdd:cd23237;cdd:cd23238;cdd:cd23239;cdd:cd23240;cdd:cd23241;cdd:cd23242;cdd:cd23243;cdd:cd23244	0.9741	0.7911	CDD_direct_multi_root	curated_root_transferred
f.0132.base-Sinhali	cdd_transfer:rvmt_broad::f.0132.base-Sinhali:modern_structural:B	modern_structural:B	CDD conserved polymerase motif B	245;246;247;248;249;250;251;252;253;254;255;256;257;258;259;260;261;262;263;264;265;266;267;268	cdd:cd23169;cdd:cd23173;cdd:cd23174;cdd:cd23179;cdd:cd23193;cdd:cd23206;cdd:cd23233;cdd:cd23234;cdd:cd23235;cdd:cd23236;cdd:cd23237;cdd:cd23238;cdd:cd23239;cdd:cd23240;cdd:cd23241;cdd:cd23242;cdd:cd23243;cdd:cd23244	1.0000	0.6562	CDD_direct_multi_root	curated_root_transferred
f.0132.base-Sinhali	cdd_transfer:rvmt_broad::f.0132.base-Sinhali:modern_structural:C	modern_structural:C	CDD conserved polymerase motif C	275;276;277;278;279;280;281;282;283;284;285;286;287;288;289;290	cdd:cd23169;cdd:cd23174;cdd:cd23179;cdd:cd23193;cdd:cd23206;cdd:cd23233;cdd:cd23234;cdd:cd23235;cdd:cd23236;cdd:cd23237;cdd:cd23238;cdd:cd23239;cdd:cd23240;cdd:cd23241;cdd:cd23243;cdd:cd23244	0.9792	0.6102	CDD_direct_multi_root	curated_root_transferred
f.0132.base-Sinhali	cdd_transfer:rvmt_broad::f.0132.base-Sinhali:modern_structural:F	modern_structural:F	CDD conserved polymerase motif F	116;117;118;119;120;121;122;123;124;125;126;127;128;129;130;131;132;133	cdd:cd23193	0.8182	0.5000	CDD_direct_single_root	curated_root_transferred
f.0133.base-Sinhali	cdd_transfer:rvmt_broad::f.0133.base-Sinhali:modern_structural:A	modern_structural:A	CDD conserved polymerase motif A	194;195;196;197;198;199;200;201;202;203;204;205;206;207	cdd:cd23173;cdd:cd23174;cdd:cd23179;cdd:cd23205;cdd:cd23206;cdd:cd23233;cdd:cd23234;cdd:cd23235;cdd:cd23236;cdd:cd23237;cdd:cd23238;cdd:cd23239;cdd:cd23240;cdd:cd23241;cdd:cd23242;cdd:cd23243;cdd:cd23244	0.9608	0.7050	CDD_direct_multi_root	curated_root_transferred
f.0133.base-Sinhali	cdd_transfer:rvmt_broad::f.0133.base-Sinhali:modern_structural:B	modern_structural:B	CDD conserved polymerase motif B	257;258;259;260;261;262;263;264;265;266;267;268;269;270;271;272;273;274;275;276;277;278;279;280	cdd:cd23173;cdd:cd23174;cdd:cd23179;cdd:cd23206;cdd:cd23233;cdd:cd23234;cdd:cd23235;cdd:cd23236;cdd:cd23237;cdd:cd23238;cdd:cd23239;cdd:cd23240;cdd:cd23241;cdd:cd23242;cdd:cd23243;cdd:cd23244	0.9948	0.6645	CDD_direct_multi_root	curated_root_transferred
f.0133.base-Sinhali	cdd_transfer:rvmt_broad::f.0133.base-Sinhali:modern_structural:C	modern_structural:C	CDD conserved polymerase motif C	288;289;290;291;292;293;294;295;296;297;298;299;300;301;302	cdd:cd23173;cdd:cd23174;cdd:cd23179;cdd:cd23234;cdd:cd23235;cdd:cd23236;cdd:cd23237;cdd:cd23238;cdd:cd23240;cdd:cd23241;cdd:cd23242;cdd:cd23243;cdd:cd23244	0.9890	0.6273	CDD_direct_multi_root	curated_root_transferred
f.0134.base-Sinhali	cdd_transfer:rvmt_broad::f.0134.base-Sinhali:modern_structural:A	modern_structural:A	CDD conserved polymerase motif A	197;198;199;200;201;202;203;204;205;206;207;208;209;210	cdd:cd23173;cdd:cd23174;cdd:cd23193;cdd:cd23205;cdd:cd23206;cdd:cd23234;cdd:cd23235;cdd:cd23236;cdd:cd23237;cdd:cd23238;cdd:cd23239;cdd:cd23240;cdd:cd23241;cdd:cd23242;cdd:cd23243;cdd:cd23244	0.9333	0.8131	CDD_direct_multi_root	curated_root_transferred
f.0134.base-Sinhali	cdd_transfer:rvmt_broad::f.0134.base-Sinhali:modern_structural:B	modern_structural:B	CDD conserved polymerase motif B	260;261;262;263;264;265;266;267;268;269;270;271;272;273;274;275;276;277;278;279;280;281;282;283	cdd:cd23169;cdd:cd23173;cdd:cd23174;cdd:cd23179;cdd:cd23193;cdd:cd23206;cdd:cd23234;cdd:cd23235;cdd:cd23236;cdd:cd23237;cdd:cd23238;cdd:cd23239;cdd:cd23240;cdd:cd23241;cdd:cd23242;cdd:cd23243;cdd:cd23244	1.0000	0.6751	CDD_direct_multi_root	curated_root_transferred
f.0134.base-Sinhali	cdd_transfer:rvmt_broad::f.0134.base-Sinhali:modern_structural:C	modern_structural:C	CDD conserved polymerase motif C	291;292;293;294;295;296;297;298;299;300;301;302;303;304;305	cdd:cd23174;cdd:cd23179;cdd:cd23193;cdd:cd23234;cdd:cd23235;cdd:cd23236;cdd:cd23237;cdd:cd23238;cdd:cd23239;cdd:cd23240;cdd:cd23241;cdd:cd23242;cdd:cd23243;cdd:cd23244	1.0000	0.5980	CDD_direct_multi_root	curated_root_transferred
f.0135.base-Sinhali	cdd_transfer:rvmt_broad::f.0135.base-Sinhali:modern_structural:A	modern_structural:A	CDD conserved polymerase motif A	190;191;192;193;194;195;196;197;198;199;200;201;202;203;204	cdd:cd23173;cdd:cd23174;cdd:cd23179;cdd:cd23205;cdd:cd23206;cdd:cd23233;cdd:cd23234;cdd:cd23235;cdd:cd23237;cdd:cd23238;cdd:cd23239;cdd:cd23240;cdd:cd23241;cdd:cd23242;cdd:cd23243;cdd:cd23244	1.0000	0.6853	CDD_direct_multi_root	curated_root_transferred
f.0135.base-Sinhali	cdd_transfer:rvmt_broad::f.0135.base-Sinhali:modern_structural:B	modern_structural:B	CDD conserved polymerase motif B	252;253;254;255;256;257;258;259;260;261;262;263;264;265;266;267;268;269;270;271;272;273;274;275	cdd:cd23173;cdd:cd23174;cdd:cd23179;cdd:cd23206;cdd:cd23233;cdd:cd23234;cdd:cd23235;cdd:cd23237;cdd:cd23238;cdd:cd23239;cdd:cd23240;cdd:cd23241;cdd:cd23242;cdd:cd23243;cdd:cd23244	0.9944	0.6768	CDD_direct_multi_root	curated_root_transferred
f.0135.base-Sinhali	cdd_transfer:rvmt_broad::f.0135.base-Sinhali:modern_structural:C	modern_structural:C	CDD conserved polymerase motif C	283;284;285;286;287;288;289;290;291;292;293;294;295;296;297	cdd:cd23174;cdd:cd23179;cdd:cd23234;cdd:cd23235;cdd:cd23240;cdd:cd23241;cdd:cd23242;cdd:cd23243;cdd:cd23244	0.9926	0.6124	CDD_direct_multi_root	curated_root_transferred
f.0136.base-Sinhali	cdd_transfer:rvmt_broad::f.0136.base-Sinhali:modern_structural:A	modern_structural:A	CDD conserved polymerase motif A	187;188;189;190;191;192;193;194;195;196;197;198;199;200;201	cdd:cd23172;cdd:cd23173;cdd:cd23174;cdd:cd23193;cdd:cd23206;cdd:cd23233;cdd:cd23234;cdd:cd23235;cdd:cd23243;cdd:cd23244	1.0000	0.7825	CDD_direct_multi_root	curated_root_transferred
f.0136.base-Sinhali	cdd_transfer:rvmt_broad::f.0136.base-Sinhali:modern_structural:B	modern_structural:B	CDD conserved polymerase motif B	251;252;253;254;255;256;257;258;259;260;261;262;263;264;265;266;267;268;269;270;271;272;273;274	cdd:cd23169;cdd:cd23172;cdd:cd23173;cdd:cd23174;cdd:cd23179;cdd:cd23193;cdd:cd23206;cdd:cd23233;cdd:cd23234;cdd:cd23235;cdd:cd23243;cdd:cd23244	1.0000	0.6656	CDD_direct_multi_root	curated_root_transferred
f.0136.base-Sinhali	cdd_transfer:rvmt_broad::f.0136.base-Sinhali:modern_structural:C	modern_structural:C	CDD conserved polymerase motif C	282;283;284;285;286;287;288;289;290;291;292;293;294;295;296	cdd:cd23174;cdd:cd23233;cdd:cd23244	1.0000	0.6333	CDD_direct_multi_root	curated_root_transferred
f.0137.base-Sinhali	cdd_transfer:rvmt_broad::f.0137.base-Sinhali:modern_structural:A	modern_structural:A	CDD conserved polymerase motif A	194;195;196;197;198;199;200;201;202;203;204;205;206;207;208	cdd:cd23173;cdd:cd23174;cdd:cd23179;cdd:cd23205;cdd:cd23206;cdd:cd23233;cdd:cd23234;cdd:cd23235;cdd:cd23236;cdd:cd23237;cdd:cd23238;cdd:cd23239;cdd:cd23240;cdd:cd23241;cdd:cd23242;cdd:cd23243;cdd:cd23244	0.9765	0.7164	CDD_direct_multi_root	curated_root_transferred
f.0137.base-Sinhali	cdd_transfer:rvmt_broad::f.0137.base-Sinhali:modern_structural:B	modern_structural:B	CDD conserved polymerase motif B	258;259;260;261;262;263;264;265;266;267;268;269;270;271;272;273;274;275;276;277;278;279;280;281	cdd:cd23173;cdd:cd23174;cdd:cd23179;cdd:cd23206;cdd:cd23233;cdd:cd23234;cdd:cd23235;cdd:cd23236;cdd:cd23237;cdd:cd23239;cdd:cd23240;cdd:cd23241;cdd:cd23242;cdd:cd23243;cdd:cd23244	0.9972	0.6429	CDD_direct_multi_root	curated_root_transferred
f.0137.base-Sinhali	cdd_transfer:rvmt_broad::f.0137.base-Sinhali:modern_structural:C	modern_structural:C	CDD conserved polymerase motif C	289;290;291;292;293;294;295;296;297;298;299;300;301;302;303	cdd:cd23174;cdd:cd23179;cdd:cd23206;cdd:cd23233;cdd:cd23234;cdd:cd23235;cdd:cd23236;cdd:cd23237;cdd:cd23238;cdd:cd23239;cdd:cd23240;cdd:cd23241;cdd:cd23242;cdd:cd23243;cdd:cd23244	1.0000	0.6273	CDD_direct_multi_root	curated_root_transferred
f.0138.base-Sinhali	cdd_transfer:rvmt_broad::f.0138.base-Sinhali:modern_structural:A	modern_structural:A	CDD conserved polymerase motif A	182;183;184;185;186;187;188;189;190;191;192;193;194;195;196	cdd:cd23173;cdd:cd23174;cdd:cd23179;cdd:cd23205;cdd:cd23206;cdd:cd23233;cdd:cd23234;cdd:cd23235;cdd:cd23236;cdd:cd23237;cdd:cd23238;cdd:cd23239;cdd:cd23240;cdd:cd23241;cdd:cd23242;cdd:cd23243;cdd:cd23244;cdd:cd23255	1.0000	0.7974	CDD_direct_multi_root	curated_root_transferred
f.0138.base-Sinhali	cdd_transfer:rvmt_broad::f.0138.base-Sinhali:modern_structural:B	modern_structural:B	CDD conserved polymerase motif B	247;248;249;250;251;252;253;254;255;256;257;258;259;260;261;262;263;264;265;266;267;268;269;270	cdd:cd23173;cdd:cd23174;cdd:cd23179;cdd:cd23206;cdd:cd23233;cdd:cd23234;cdd:cd23235;cdd:cd23236;cdd:cd23237;cdd:cd23238;cdd:cd23239;cdd:cd23240;cdd:cd23241;cdd:cd23242;cdd:cd23243;cdd:cd23244;cdd:cd23255	0.9804	0.6792	CDD_direct_multi_root	curated_root_transferred
f.0138.base-Sinhali	cdd_transfer:rvmt_broad::f.0138.base-Sinhali:modern_structural:C	modern_structural:C	CDD conserved polymerase motif C	276;277;278;279;280;281;282;283;284;285;286;287;288;289;290	cdd:cd23173;cdd:cd23174;cdd:cd23179;cdd:cd23234;cdd:cd23235;cdd:cd23236;cdd:cd23237;cdd:cd23238;cdd:cd23239;cdd:cd23240;cdd:cd23241;cdd:cd23242;cdd:cd23243;cdd:cd23244	0.9901	0.6380	CDD_direct_multi_root	curated_root_transferred
f.0139.base-Sinhali	cdd_transfer:rvmt_broad::f.0139.base-Sinhali:modern_structural:A	modern_structural:A	CDD conserved polymerase motif A	239;240;241;253;254;255;256;257;258;259;260;261;262;263;264	cdd:cd23173;cdd:cd23179;cdd:cd23206;cdd:cd23208;cdd:cd23233;cdd:cd23234;cdd:cd23235;cdd:cd23236;cdd:cd23237;cdd:cd23238;cdd:cd23239;cdd:cd23240;cdd:cd23241;cdd:cd23242;cdd:cd23243;cdd:cd23244;cdd:cd23253;cdd:cd23255	0.9704	0.8191	CDD_direct_multi_root	curated_root_transferred
f.0139.base-Sinhali	cdd_transfer:rvmt_broad::f.0139.base-Sinhali:modern_structural:B	modern_structural:B	CDD conserved polymerase motif B	312;313;314;315;316;317;318;319;320;321;322;323;324;325;326;327;328;329;330;331;332;333;334;335	cdd:cd23174;cdd:cd23206;cdd:cd23233;cdd:cd23234;cdd:cd23235;cdd:cd23236;cdd:cd23237;cdd:cd23238;cdd:cd23239;cdd:cd23240;cdd:cd23241;cdd:cd23242;cdd:cd23243;cdd:cd23244;cdd:cd23253;cdd:cd23255	1.0000	0.8128	CDD_direct_multi_root	curated_root_transferred
f.0139.base-Sinhali	cdd_transfer:rvmt_broad::f.0139.base-Sinhali:modern_structural:C	modern_structural:C	CDD conserved polymerase motif C	343;344;345;346;347;348;349;350;351;352;353;354;355;356;357	cdd:cd23173;cdd:cd23174;cdd:cd23179;cdd:cd23235;cdd:cd23236;cdd:cd23237;cdd:cd23238;cdd:cd23239;cdd:cd23241;cdd:cd23243;cdd:cd23244;cdd:cd23253	1.0000	0.6415	CDD_direct_multi_root	curated_root_transferred
f.0140.base-Sinhali	cdd_transfer:rvmt_broad::f.0140.base-Sinhali:modern_structural:A	modern_structural:A	CDD conserved polymerase motif A	189;190;191;192;193;194;195;196;197;198;199;200;201;202;203	cdd:cd23174;cdd:cd23206;cdd:cd23233;cdd:cd23237;cdd:cd23238;cdd:cd23239;cdd:cd23244	1.0000	0.7579	CDD_direct_multi_root	curated_root_transferred
f.0140.base-Sinhali	cdd_transfer:rvmt_broad::f.0140.base-Sinhali:modern_structural:B	modern_structural:B	CDD conserved polymerase motif B	249;250;251;252;253;254;255;256;257;258;259;260;261;262;263;264;265;266;267;268;269;270;271;272	cdd:cd23169;cdd:cd23173;cdd:cd23174;cdd:cd23179;cdd:cd23193;cdd:cd23206;cdd:cd23233;cdd:cd23237;cdd:cd23238;cdd:cd23239;cdd:cd23244	1.0000	0.7720	CDD_direct_multi_root	curated_root_transferred
f.0140.base-Sinhali	cdd_transfer:rvmt_broad::f.0140.base-Sinhali:modern_structural:C	modern_structural:C	CDD conserved polymerase motif C	282;283;284;285;286;287;288;289;290;291;292;293;294;295;297	cdd:cd23179;cdd:cd23193;cdd:cd23233;cdd:cd23237;cdd:cd23238;cdd:cd23239;cdd:cd23244	1.0000	0.6800	CDD_direct_multi_root	curated_root_transferred
f.0141.base-Sinhali	cdd_transfer:rvmt_broad::f.0141.base-Sinhali:modern_structural:A	modern_structural:A	CDD conserved polymerase motif A	194;195;196;197;198;199;200;201;202;203;204;205;206;207;208	cdd:cd23173;cdd:cd23174;cdd:cd23206;cdd:cd23234;cdd:cd23241;cdd:cd23243;cdd:cd23244	0.9810	0.6925	CDD_direct_multi_root	curated_root_transferred
f.0141.base-Sinhali	cdd_transfer:rvmt_broad::f.0141.base-Sinhali:modern_structural:B	modern_structural:B	CDD conserved polymerase motif B	259;260;261;262;263;264;265;266;267;268;269;270;271;272;273;274;275;276;277;278;279;280;281;282	cdd:cd23173;cdd:cd23174;cdd:cd23206;cdd:cd23234;cdd:cd23241;cdd:cd23243;cdd:cd23244	1.0000	0.7671	CDD_direct_multi_root	curated_root_transferred
f.0142.base-Sinhali	cdd_transfer:rvmt_broad::f.0142.base-Sinhali:modern_structural:A	modern_structural:A	CDD conserved polymerase motif A	194;195;196;197;198;199;200;201;202;203;204;205;206;207;208	cdd:cd23172;cdd:cd23173;cdd:cd23174;cdd:cd23179;cdd:cd23205;cdd:cd23206;cdd:cd23233;cdd:cd23234;cdd:cd23235;cdd:cd23236;cdd:cd23237;cdd:cd23238;cdd:cd23239;cdd:cd23240;cdd:cd23241;cdd:cd23242;cdd:cd23243;cdd:cd23244;cdd:cd23255	1.0000	0.7533	CDD_direct_multi_root	curated_root_transferred
f.0142.base-Sinhali	cdd_transfer:rvmt_broad::f.0142.base-Sinhali:modern_structural:B	modern_structural:B	CDD conserved polymerase motif B	254;255;256;257;258;259;260;261;262;263;264;265;266;267;268;269;270;271;272;273;274;275;276;277	cdd:cd23172;cdd:cd23173;cdd:cd23174;cdd:cd23179;cdd:cd23206;cdd:cd23233;cdd:cd23234;cdd:cd23235;cdd:cd23236;cdd:cd23237;cdd:cd23238;cdd:cd23239;cdd:cd23240;cdd:cd23241;cdd:cd23242;cdd:cd23243;cdd:cd23244;cdd:cd23255	1.0000	0.7360	CDD_direct_multi_root	curated_root_transferred
f.0142.base-Sinhali	cdd_transfer:rvmt_broad::f.0142.base-Sinhali:modern_structural:C	modern_structural:C	CDD conserved polymerase motif C	284;285;286;287;288;289;290;291;292;293;294;295;296;300	cdd:cd23172;cdd:cd23173;cdd:cd23174;cdd:cd23179;cdd:cd23206;cdd:cd23234;cdd:cd23235;cdd:cd23236;cdd:cd23237;cdd:cd23238;cdd:cd23239;cdd:cd23240;cdd:cd23241;cdd:cd23242;cdd:cd23243;cdd:cd23244	0.9333	0.6284	CDD_direct_multi_root	curated_root_transferred
f.0143	cdd_transfer:rvmt_broad::f.0143:modern_structural:A	modern_structural:A	CDD conserved polymerase motif A	181;182;183;184;185;186;187;188;189;190;191;192;193;194;195	cdd:cd23173;cdd:cd23174;cdd:cd23179;cdd:cd23205;cdd:cd23206;cdd:cd23233;cdd:cd23234;cdd:cd23235;cdd:cd23236;cdd:cd23237;cdd:cd23238;cdd:cd23239;cdd:cd23240;cdd:cd23241;cdd:cd23242;cdd:cd23243;cdd:cd23244;cdd:cd23253;cdd:cd23255	0.9860	0.7255	CDD_direct_multi_root	curated_root_transferred
f.0143	cdd_transfer:rvmt_broad::f.0143:modern_structural:B	modern_structural:B	CDD conserved polymerase motif B	241;242;243;244;245;246;247;248;249;250;251;252;253;254;255;256;257;258;259;260;261	cdd:cd23173;cdd:cd23174;cdd:cd23179;cdd:cd23206;cdd:cd23233;cdd:cd23234;cdd:cd23235;cdd:cd23236;cdd:cd23237;cdd:cd23238;cdd:cd23239;cdd:cd23240;cdd:cd23241;cdd:cd23242;cdd:cd23243;cdd:cd23244;cdd:cd23253;cdd:cd23255	0.8750	0.8435	CDD_direct_multi_root	curated_root_transferred
f.0143	cdd_transfer:rvmt_broad::f.0143:modern_structural:C	modern_structural:C	CDD conserved polymerase motif C	267;268;269;270;271;272;273;274;275;276;277;278;279;280;281;282	cdd:cd23174;cdd:cd23179;cdd:cd23206;cdd:cd23233;cdd:cd23234;cdd:cd23235;cdd:cd23236;cdd:cd23237;cdd:cd23238;cdd:cd23239;cdd:cd23240;cdd:cd23241;cdd:cd23242;cdd:cd23243;cdd:cd23244;cdd:cd23253	0.9958	0.6463	CDD_direct_multi_root	curated_root_transferred
f.0144	cdd_transfer:rvmt_broad::f.0144:modern_structural:A	modern_structural:A	CDD conserved polymerase motif A	177;178;179;180;181;182;183;184;185;186;187;188;189;190;191	cdd:cd23173;cdd:cd23174;cdd:cd23179;cdd:cd23206;cdd:cd23234;cdd:cd23237;cdd:cd23238;cdd:cd23239;cdd:cd23240;cdd:cd23241;cdd:cd23242;cdd:cd23243;cdd:cd23244;cdd:cd23259	0.9905	0.7226	CDD_direct_multi_root	curated_root_transferred
f.0144	cdd_transfer:rvmt_broad::f.0144:modern_structural:B	modern_structural:B	CDD conserved polymerase motif B	243;244;245;246;247;248;249;250;251;252;253;254;255;256;257;258;259;260;261;262;263;264;265;266	cdd:cd23173;cdd:cd23174;cdd:cd23206;cdd:cd23234;cdd:cd23237;cdd:cd23238;cdd:cd23239;cdd:cd23240;cdd:cd23241;cdd:cd23242;cdd:cd23243;cdd:cd23244;cdd:cd23255;cdd:cd23259	1.0000	0.7526	CDD_direct_multi_root	curated_root_transferred
f.0144	cdd_transfer:rvmt_broad::f.0144:modern_structural:C	modern_structural:C	CDD conserved polymerase motif C	274;275;276;277;278;279;280;281;282;283;284;285;286;287;288	cdd:cd23173;cdd:cd23174;cdd:cd23179;cdd:cd23206;cdd:cd23234;cdd:cd23237;cdd:cd23238;cdd:cd23239;cdd:cd23240;cdd:cd23241;cdd:cd23242;cdd:cd23243;cdd:cd23244;cdd:cd23259	1.0000	0.6698	CDD_direct_multi_root	curated_root_transferred
f.0145	cdd_transfer:rvmt_broad::f.0145:modern_structural:A	modern_structural:A	CDD conserved polymerase motif A	197;198;199;200;201;202;203;204;205;206;207;208;209;210;211	cdd:cd23173	1.0000	0.5556	CDD_direct_single_root	curated_root_transferred
f.0148	cdd_transfer:rvmt_broad::f.0148:modern_structural:A	modern_structural:A	CDD conserved polymerase motif A	189;190;191;192;193;194;195;196;197;198;199;200;201;202;203	cdd:cd23173;cdd:cd23174;cdd:cd23230	1.0000	0.7912	CDD_direct_multi_root	curated_root_transferred
f.0148	cdd_transfer:rvmt_broad::f.0148:modern_structural:B	modern_structural:B	CDD conserved polymerase motif B	252;253;254;255;256;257;258;259;260;261;262;263;264;265;266;267;268;269;270;271;272;273;274;275	cdd:cd23174;cdd:cd23179;cdd:cd23230	1.0000	0.7681	CDD_direct_multi_root	curated_root_transferred
f.0148	cdd_transfer:rvmt_broad::f.0148:modern_structural:C	modern_structural:C	CDD conserved polymerase motif C	295;296;297;298;299;300;301;302;303;304;305;306;307;308;309	cdd:cd23174;cdd:cd23179;cdd:cd23230	0.9778	0.7731	CDD_direct_multi_root	curated_root_transferred
f.0149	cdd_transfer:rvmt_broad::f.0149:modern_structural:A	modern_structural:A	CDD conserved polymerase motif A	226;227;228;229;230;231;232;233;234;235;236;237;238;239;240	cdd:cd23174	1.0000	0.7273	CDD_direct_single_root	curated_root_transferred
f.0149	cdd_transfer:rvmt_broad::f.0149:modern_structural:B	modern_structural:B	CDD conserved polymerase motif B	292;293;294;295;296;297;298;299;300;301;302;303;304;305;306;307;308;309;310;316;317;318;319;320	cdd:cd23174	1.0000	0.8095	CDD_direct_single_root	curated_root_transferred
f.0149	cdd_transfer:rvmt_broad::f.0149:modern_structural:C	modern_structural:C	CDD conserved polymerase motif C	330;331;333;334;335;336;337;338;339;340;341;342;343;344;345	cdd:cd23174	1.0000	0.6667	CDD_direct_single_root	curated_root_transferred
f.0150	cdd_transfer:rvmt_broad::f.0150:modern_structural:A	modern_structural:A	CDD conserved polymerase motif A	197;198;199;200;201;202;203;204;205;206;207;208;209;210;211	cdd:cd23173;cdd:cd23206;cdd:cd23211;cdd:cd23233;cdd:cd23234;cdd:cd23235;cdd:cd23237;cdd:cd23238;cdd:cd23239;cdd:cd23240;cdd:cd23241;cdd:cd23242;cdd:cd23243;cdd:cd23252;cdd:cd23253;cdd:cd23254;cdd:cd23255;cdd:cd23256	1.0000	0.7708	CDD_direct_multi_root	curated_root_transferred
f.0150	cdd_transfer:rvmt_broad::f.0150:modern_structural:B	modern_structural:B	CDD conserved polymerase motif B	259;260;261;262;263;264;265;266;267;268;269;270;271;272;273;274;275;276;277;278;279;280;281;282	cdd:cd23173;cdd:cd23174;cdd:cd23179;cdd:cd23203;cdd:cd23206;cdd:cd23211;cdd:cd23233;cdd:cd23234;cdd:cd23235;cdd:cd23237;cdd:cd23238;cdd:cd23239;cdd:cd23240;cdd:cd23241;cdd:cd23242;cdd:cd23243;cdd:cd23252;cdd:cd23253;cdd:cd23254;cdd:cd23255;cdd:cd23256	1.0000	0.8107	CDD_direct_multi_root	curated_root_transferred
f.0151	cdd_transfer:rvmt_broad::f.0151:modern_structural:A	modern_structural:A	CDD conserved polymerase motif A	232;233;234;235;236;237;238;239;240;241;242;243;244;245;246	cdd:cd23173;cdd:cd23206;cdd:cd23234;cdd:cd23236;cdd:cd23239;cdd:cd23242	1.0000	0.6829	CDD_direct_multi_root	curated_root_transferred
f.0151	cdd_transfer:rvmt_broad::f.0151:modern_structural:B	modern_structural:B	CDD conserved polymerase motif B	318;319;320;321;322;323;324;325;326;327;328;329;330;331;332;333;334;335;336;337;338;339;340;341	cdd:cd23206;cdd:cd23234;cdd:cd23239;cdd:cd23242	1.0000	0.8542	CDD_direct_multi_root	curated_root_transferred
f.0151	cdd_transfer:rvmt_broad::f.0151:modern_structural:C	modern_structural:C	CDD conserved polymerase motif C	358;359;360;361;362;363;364;365;366;367;368;369;370;371;372	cdd:cd23179;cdd:cd23234;cdd:cd23236;cdd:cd23239;cdd:cd23242	1.0000	0.6648	CDD_direct_multi_root	curated_root_transferred
f.0153	cdd_transfer:rvmt_broad::f.0153:modern_structural:B	modern_structural:B	CDD conserved polymerase motif B	248;249;250;251;252;253;254;255;256;257;258;259;260;261;262;263;264;265;266;267;268;269;270;271	cdd:cd23174;cdd:cd23175;cdd:cd23189;cdd:cd23194;cdd:cd23201;cdd:cd23206;cdd:cd23215;cdd:cd23225;cdd:cd23233;cdd:cd23234;cdd:cd23236;cdd:cd23237;cdd:cd23239;cdd:cd23240;cdd:cd23242;cdd:cd23243;cdd:cd23244;cdd:cd23252;cdd:cd23254	0.9890	0.7412	CDD_direct_multi_root	curated_root_transferred
f.0154	cdd_transfer:rvmt_broad::f.0154:modern_structural:A	modern_structural:A	CDD conserved polymerase motif A	200;201;202;203;204;205;206;207;208;209;210;211;212;213;214	cdd:cd23173;cdd:cd23174;cdd:cd23179;cdd:cd23201;cdd:cd23206;cdd:cd23208;cdd:cd23209;cdd:cd23210;cdd:cd23233;cdd:cd23234;cdd:cd23235;cdd:cd23236;cdd:cd23237;cdd:cd23238;cdd:cd23239;cdd:cd23240;cdd:cd23241;cdd:cd23242;cdd:cd23243;cdd:cd23244;cdd:cd23253;cdd:cd23254;cdd:cd23255;cdd:cd23256	1.0000	0.7892	CDD_direct_multi_root	curated_root_transferred
f.0154	cdd_transfer:rvmt_broad::f.0154:modern_structural:B	modern_structural:B	CDD conserved polymerase motif B	266;267;268;269;270;271;272;273;274;275;276;277;278;279;280;281;282;283;284;285;286;287;288;289	cdd:cd23169;cdd:cd23173;cdd:cd23174;cdd:cd23178;cdd:cd23179;cdd:cd23193;cdd:cd23201;cdd:cd23206;cdd:cd23208;cdd:cd23209;cdd:cd23210;cdd:cd23233;cdd:cd23234;cdd:cd23235;cdd:cd23236;cdd:cd23237;cdd:cd23238;cdd:cd23239;cdd:cd23240;cdd:cd23241;cdd:cd23242;cdd:cd23243;cdd:cd23244;cdd:cd23253;cdd:cd23254;cdd:cd23255;cdd:cd23256	0.9954	0.7939	CDD_direct_multi_root	curated_root_transferred
f.0154	cdd_transfer:rvmt_broad::f.0154:modern_structural:C	modern_structural:C	CDD conserved polymerase motif C	304;305;306;307;308;309;310;311;312;313;314;315;316;317;318	cdd:cd23173;cdd:cd23174;cdd:cd23179;cdd:cd23193;cdd:cd23201;cdd:cd23206;cdd:cd23233;cdd:cd23234;cdd:cd23235;cdd:cd23236;cdd:cd23237;cdd:cd23238;cdd:cd23239;cdd:cd23240;cdd:cd23241;cdd:cd23242;cdd:cd23243;cdd:cd23244;cdd:cd23256	0.9965	0.7578	CDD_direct_multi_root	curated_root_transferred
f.0155	cdd_transfer:rvmt_broad::f.0155:modern_structural:A	modern_structural:A	CDD conserved polymerase motif A	189;190;191;192;193;194;195;196;197;198;199;200;201;202;203	cdd:cd23174;cdd:cd23242;cdd:cd23253;cdd:cd23255	1.0000	0.8125	CDD_direct_multi_root	curated_root_transferred
f.0155	cdd_transfer:rvmt_broad::f.0155:modern_structural:B	modern_structural:B	CDD conserved polymerase motif B	250;251;252;253;254;255;256;257;258;259;260;261;262;263;264;265;266;267;268;269;270;271;272;273	cdd:cd23173;cdd:cd23195;cdd:cd23242	1.0000	0.7885	CDD_direct_multi_root	curated_root_transferred
f.0155	cdd_transfer:rvmt_broad::f.0155:modern_structural:C	modern_structural:C	CDD conserved polymerase motif C	284;285;286;287;288;289;290;291;292;293;294;295;296;297;298	cdd:cd23225	1.0000	0.8750	CDD_direct_single_root	curated_root_transferred
f.0155	cdd_transfer:rvmt_broad::f.0155:modern_structural:F	modern_structural:F	CDD conserved polymerase motif F	106;107;108;109;110;111;112;113;114;115;120;122;123;124;125;126;127;128;129;130;131;132	cdd:cd23193;cdd:cd23195	0.9667	0.7083	CDD_direct_multi_root	curated_root_transferred
f.0156	cdd_transfer:rvmt_broad::f.0156:modern_structural:A	modern_structural:A	CDD conserved polymerase motif A	192;193;194;195;196;197;198;199;200;201;202;203;204;205;206	cdd:cd23206;cdd:cd23236;cdd:cd23238;cdd:cd23241;cdd:cd23243;cdd:cd23244;cdd:cd23252;cdd:cd23253;cdd:cd23254;cdd:cd23255;cdd:cd23256	1.0000	0.7045	CDD_direct_multi_root	curated_root_transferred
f.0156	cdd_transfer:rvmt_broad::f.0156:modern_structural:C	modern_structural:C	CDD conserved polymerase motif C	285;286;287;288;289;290;291;292;293;294;295;296;297;298;299	cdd:cd23179;cdd:cd23236;cdd:cd23238;cdd:cd23243;cdd:cd23244	1.0000	0.7464	CDD_direct_multi_root	curated_root_transferred
f.0156	cdd_transfer:rvmt_broad::f.0156:modern_structural:F	modern_structural:F	CDD conserved polymerase motif F	106;107;108;109;110;111;112;113;114;115;116;117;118;122;123;124;125;126;127;128;129;130	cdd:cd23193	1.0000	0.5000	CDD_direct_single_root	curated_root_transferred
f.0157	cdd_transfer:rvmt_broad::f.0157:modern_structural:B	modern_structural:B	CDD conserved polymerase motif B	256;257;258;259;260;261;262;263;264;265;266;267;268;269;270;271;272;273;274;275;276;277;278;279	cdd:cd23172;cdd:cd23174;cdd:cd23201;cdd:cd23206;cdd:cd23211;cdd:cd23227;cdd:cd23233;cdd:cd23234;cdd:cd23235;cdd:cd23236;cdd:cd23237;cdd:cd23240;cdd:cd23241;cdd:cd23242;cdd:cd23243;cdd:cd23244;cdd:cd23253;cdd:cd23254	0.9977	0.7461	CDD_direct_multi_root	curated_root_transferred
f.0158	cdd_transfer:rvmt_broad::f.0158:modern_structural:C	modern_structural:C	CDD conserved polymerase motif C	281;282;283;284;285;286;287;288;289;290;291;292;293;294	cdd:cd23233	0.9333	0.7143	CDD_direct_single_root	curated_root_transferred
f.0159	cdd_transfer:rvmt_broad::f.0159:modern_structural:A	modern_structural:A	CDD conserved polymerase motif A	189;190;191;192;193;194;195;196;197;198;199;200;201;202;203	cdd:cd23173;cdd:cd23174;cdd:cd23178;cdd:cd23179;cdd:cd23202;cdd:cd23203;cdd:cd23206;cdd:cd23208;cdd:cd23233;cdd:cd23234;cdd:cd23235;cdd:cd23236;cdd:cd23237;cdd:cd23239;cdd:cd23240;cdd:cd23241;cdd:cd23242;cdd:cd23243;cdd:cd23244;cdd:cd23253;cdd:cd23254;cdd:cd23255	1.0000	0.6293	CDD_direct_multi_root	curated_root_transferred
f.0160	cdd_transfer:rvmt_broad::f.0160:modern_structural:A	modern_structural:A	CDD conserved polymerase motif A	198;199;200;201;202;203;204;205;206;207;208;209;210;211;212	cdd:cd23173;cdd:cd23174;cdd:cd23175;cdd:cd23179;cdd:cd23182;cdd:cd23206;cdd:cd23208;cdd:cd23209;cdd:cd23233;cdd:cd23234;cdd:cd23235;cdd:cd23236;cdd:cd23237;cdd:cd23238;cdd:cd23239;cdd:cd23240;cdd:cd23241;cdd:cd23242;cdd:cd23243;cdd:cd23244;cdd:cd23251;cdd:cd23252;cdd:cd23253;cdd:cd23254;cdd:cd23255;cdd:cd23256	1.0000	0.7927	CDD_direct_multi_root	curated_root_transferred
f.0160	cdd_transfer:rvmt_broad::f.0160:modern_structural:B	modern_structural:B	CDD conserved polymerase motif B	269;270;271;272;273;274;275;276;277;278;279;280;281;282;283;284;285;286;287;288;289;290;291;292	cdd:cd23174;cdd:cd23175;cdd:cd23206;cdd:cd23233;cdd:cd23234;cdd:cd23235;cdd:cd23236;cdd:cd23237;cdd:cd23239;cdd:cd23240;cdd:cd23241;cdd:cd23242;cdd:cd23243;cdd:cd23244;cdd:cd23252;cdd:cd23253;cdd:cd23254;cdd:cd23255;cdd:cd23256	1.0000	0.7820	CDD_direct_multi_root	curated_root_transferred
f.0160	cdd_transfer:rvmt_broad::f.0160:modern_structural:C	modern_structural:C	CDD conserved polymerase motif C	304;305;306;307;308;309;310;311;312;313;314;315;316;317;318	cdd:cd23179;cdd:cd23233	0.9333	0.7857	CDD_direct_multi_root	curated_root_transferred
f.0162	cdd_transfer:rvmt_broad::f.0162:modern_structural:A	modern_structural:A	CDD conserved polymerase motif A	181;182;183;184;185;186;187;188;189;190;191;192;193;194;195	cdd:cd23173;cdd:cd23179;cdd:cd23193;cdd:cd23205;cdd:cd23206;cdd:cd23237;cdd:cd23238;cdd:cd23239;cdd:cd23240;cdd:cd23241;cdd:cd23242	1.0000	0.5550	CDD_direct_multi_root	curated_root_transferred
f.0162	cdd_transfer:rvmt_broad::f.0162:modern_structural:B	modern_structural:B	CDD conserved polymerase motif B	243;244;245;246;247;248;249;250;251;252;253;254;255;256;257;258;259;260;261;262;263;264;265;266	cdd:cd23173;cdd:cd23206;cdd:cd23237;cdd:cd23238;cdd:cd23241;cdd:cd23242;cdd:cd23243;cdd:cd23244;cdd:cd23255	1.0000	0.6055	CDD_direct_multi_root	curated_root_transferred
f.0162	cdd_transfer:rvmt_broad::f.0162:modern_structural:C	modern_structural:C	CDD conserved polymerase motif C	274;275;276;277;278;279;280;281;282;283;284;285;286;287;288	cdd:cd23173;cdd:cd23193;cdd:cd23237;cdd:cd23238;cdd:cd23239;cdd:cd23240;cdd:cd23241;cdd:cd23242;cdd:cd23243;cdd:cd23244	1.0000	0.7714	CDD_direct_multi_root	curated_root_transferred
f.0164	cdd_transfer:rvmt_broad::f.0164:modern_structural:A	modern_structural:A	CDD conserved polymerase motif A	180;181;182;183;184;185;186;187;188;189;190;191;192;193;194	cdd:cd23172;cdd:cd23173;cdd:cd23174;cdd:cd23179;cdd:cd23194;cdd:cd23206;cdd:cd23210;cdd:cd23211;cdd:cd23218;cdd:cd23234;cdd:cd23242;cdd:cd23243;cdd:cd23244;cdd:cd23245;cdd:cd23255	0.9956	0.7033	CDD_direct_multi_root	curated_root_transferred
f.0164	cdd_transfer:rvmt_broad::f.0164:modern_structural:B	modern_structural:B	CDD conserved polymerase motif B	243;244;245;246;247;248;249;250;251;252;253;254;255;256;257;258;259;260;261;262;263;264;265;266	cdd:cd23169;cdd:cd23172;cdd:cd23173;cdd:cd23174;cdd:cd23179;cdd:cd23193;cdd:cd23194;cdd:cd23206;cdd:cd23210;cdd:cd23211;cdd:cd23218;cdd:cd23234;cdd:cd23242;cdd:cd23243;cdd:cd23244;cdd:cd23245;cdd:cd23255	0.9951	0.7075	CDD_direct_multi_root	curated_root_transferred
f.0164	cdd_transfer:rvmt_broad::f.0164:modern_structural:C	modern_structural:C	CDD conserved polymerase motif C	274;275;276;277;278;279;280;281;282;283;284;285;286;287;288	cdd:cd23174;cdd:cd23193;cdd:cd23206;cdd:cd23211;cdd:cd23234;cdd:cd23242;cdd:cd23244	1.0000	0.5485	CDD_direct_multi_root	curated_root_transferred
f.0164	cdd_transfer:rvmt_broad::f.0164:modern_structural:F	modern_structural:F	CDD conserved polymerase motif F	104;105;106;107;108;109;110;111;112;113;114;115;116;117;118;119;120;121;122;123;124;125	cdd:cd23169;cdd:cd23193;cdd:cd23210;cdd:cd23211;cdd:cd23218	0.9733	0.6240	CDD_direct_multi_root	curated_root_transferred
f.0165	cdd_transfer:rvmt_broad::f.0165:modern_structural:A	modern_structural:A	CDD conserved polymerase motif A	196;197;198;199;200;201;202;203;204;205;206;207;208;209;210	cdd:cd23175;cdd:cd23206;cdd:cd23208;cdd:cd23233;cdd:cd23234;cdd:cd23235;cdd:cd23236;cdd:cd23237;cdd:cd23238;cdd:cd23239;cdd:cd23240;cdd:cd23241;cdd:cd23242;cdd:cd23243;cdd:cd23244;cdd:cd23252;cdd:cd23253;cdd:cd23254;cdd:cd23255	0.9930	0.5921	CDD_direct_multi_root	curated_root_transferred
f.0165	cdd_transfer:rvmt_broad::f.0165:modern_structural:B	modern_structural:B	CDD conserved polymerase motif B	257;258;259;260;261;262;263;264;265;266;267;268;269;270;271;272;273;274;275;276;277;278;279;280	cdd:cd23174;cdd:cd23175;cdd:cd23203;cdd:cd23206;cdd:cd23208;cdd:cd23233;cdd:cd23234;cdd:cd23235;cdd:cd23236;cdd:cd23237;cdd:cd23239;cdd:cd23240;cdd:cd23241;cdd:cd23242;cdd:cd23243;cdd:cd23244;cdd:cd23252;cdd:cd23253;cdd:cd23254;cdd:cd23255	1.0000	0.7960	CDD_direct_multi_root	curated_root_transferred
f.0165	cdd_transfer:rvmt_broad::f.0165:modern_structural:C	modern_structural:C	CDD conserved polymerase motif C	290;291;292;293;294;295;296;297;298;299;300;301;302;303;304	cdd:cd23233;cdd:cd23234;cdd:cd23235;cdd:cd23236;cdd:cd23237;cdd:cd23238;cdd:cd23239;cdd:cd23240;cdd:cd23241;cdd:cd23242;cdd:cd23243;cdd:cd23244	0.9944	0.8646	CDD_direct_multi_root	curated_root_transferred
f.0166	cdd_transfer:rvmt_broad::f.0166:modern_structural:C	modern_structural:C	CDD conserved polymerase motif C	346;347;348;349;351;352;353;354;355;356;357;358;359;360	cdd:cd23179	1.0000	0.8571	CDD_direct_single_root	curated_root_transferred
f.0167	cdd_transfer:rvmt_broad::f.0167:modern_structural:C	modern_structural:C	CDD conserved polymerase motif C	294;295;296;297;299;300;301;302;303;304;305;306;307;308	cdd:cd23193	1.0000	0.7143	CDD_direct_single_root	curated_root_transferred
f.0168	cdd_transfer:rvmt_broad::f.0168:modern_structural:A	modern_structural:A	CDD conserved polymerase motif A	164;165;166;167;168;169;170;171;172;173;174;175;176;177;178	cdd:cd23173;cdd:cd23192	1.0000	0.8750	CDD_direct_multi_root	curated_root_transferred
f.0168	cdd_transfer:rvmt_broad::f.0168:modern_structural:B	modern_structural:B	CDD conserved polymerase motif B	231;232;233;234;235;236;237;238;239;240;241;242;243;244;245;246;247;249;250;251;252;253;254	cdd:cd23192	1.0000	0.6923	CDD_direct_single_root	curated_root_transferred
f.0168	cdd_transfer:rvmt_broad::f.0168:modern_structural:C	modern_structural:C	CDD conserved polymerase motif C	276;277;278;279;280;281;282;283;284;285;286;287;288;289	cdd:cd23173	1.0000	0.7143	CDD_direct_single_root	curated_root_transferred
f.0169	cdd_transfer:rvmt_broad::f.0169:modern_structural:A	modern_structural:A	CDD conserved polymerase motif A	147;148;149;150;151;152;153;154;155;156;157;158;159;160;161	cdd:cd23206;cdd:cd23208;cdd:cd23234;cdd:cd23241;cdd:cd23245;cdd:cd23252;cdd:cd23253;cdd:cd23254;cdd:cd23255;cdd:cd23256	1.0000	0.7708	CDD_direct_multi_root	curated_root_transferred
f.0169	cdd_transfer:rvmt_broad::f.0169:modern_structural:B	modern_structural:B	CDD conserved polymerase motif B	214;215;216;217;218;219;220;221;222;223;224;225;226;227;228;229;230;231;232;233;234;235;236;237	cdd:cd23174;cdd:cd23206;cdd:cd23234;cdd:cd23241;cdd:cd23246;cdd:cd23247;cdd:cd23253;cdd:cd23256	1.0000	0.7500	CDD_direct_multi_root	curated_root_transferred
f.0169	cdd_transfer:rvmt_broad::f.0169:modern_structural:C	modern_structural:C	CDD conserved polymerase motif C	250;251;252;253;254;255;256;257;258;259;260;261;262;263	cdd:cd23209	0.9333	1.0000	CDD_direct_single_root	curated_root_transferred
f.0169	cdd_transfer:rvmt_broad::f.0169:modern_structural:F	modern_structural:F	CDD conserved polymerase motif F	67;68;69;70;71;81;82;83;84;85;86;87	cdd:cd23169	0.8000	0.7143	CDD_direct_single_root	curated_root_transferred
f.0170	cdd_transfer:rvmt_broad::f.0170:modern_structural:A	modern_structural:A	CDD conserved polymerase motif A	146;147;148;149;150;151;152;153;154;155;156;157;158;159	cdd:cd23253	0.9333	1.0000	CDD_direct_single_root	curated_root_transferred
f.0170	cdd_transfer:rvmt_broad::f.0170:modern_structural:C	modern_structural:C	CDD conserved polymerase motif C	242;243;244;245;246;247;248;249;250;251;252;253;254;255;256	cdd:cd23182;cdd:cd23209;cdd:cd23245;cdd:cd23247;cdd:cd23254	0.9448	0.9028	CDD_direct_multi_root	curated_root_transferred
f.0176	cdd_transfer:rvmt_broad::f.0176:modern_structural:A	modern_structural:A	CDD conserved polymerase motif A	170;171;172;173;174;175;176;177;178;179;180;181;182;183;184	cdd:cd23206;cdd:cd23234;cdd:cd23244	1.0000	0.5455	CDD_direct_multi_root	curated_root_transferred
f.0176	cdd_transfer:rvmt_broad::f.0176:modern_structural:B	modern_structural:B	CDD conserved polymerase motif B	250;251;252;253;254;255;257;258;259;260;261;262;263;264;265;266;267;268;269;270;271;272;273;274	cdd:cd23179;cdd:cd23206;cdd:cd23234;cdd:cd23244	1.0000	0.5833	CDD_direct_multi_root	curated_root_transferred
f.0180	cdd_transfer:rvmt_broad::f.0180:modern_structural:A	modern_structural:A	CDD conserved polymerase motif A	179;180;181;182;183;184;185;186;187;188;189;190;191;192;193	cdd:cd23173	1.0000	0.7500	CDD_direct_single_root	curated_root_transferred
f.0180	cdd_transfer:rvmt_broad::f.0180:modern_structural:B	modern_structural:B	CDD conserved polymerase motif B	261;262;263;264;265;266;268;269;270;271;272;273;274;275;276;277;278;279;280;281;282;283;284;285	cdd:cd23173	1.0000	0.8462	CDD_direct_single_root	curated_root_transferred
f.0181	cdd_transfer:rvmt_broad::f.0181:modern_structural:B	modern_structural:B	CDD conserved polymerase motif B	298;299;300;301;302;303;304;306;307;308;309;310;311;312;313;314;315;316;317;318;319;320;321;322	cdd:cd23240;cdd:cd23242	1.0000	0.5895	CDD_direct_multi_root	curated_root_transferred
f.0181	cdd_transfer:rvmt_broad::f.0181:modern_structural:C	modern_structural:C	CDD conserved polymerase motif C	336;337;338;339;340;341;342;343;344;345;346;347;348;349;350	cdd:cd23240;cdd:cd23242	1.0000	0.6667	CDD_direct_multi_root	curated_root_transferred
f.0182	cdd_transfer:rvmt_broad::f.0182:modern_structural:A	modern_structural:A	CDD conserved polymerase motif A	166;167;168;169;170;171;172;173;174;175;176;177;178;179;180	cdd:cd23173	1.0000	0.6250	CDD_direct_single_root	curated_root_transferred
f.0183	cdd_transfer:rvmt_broad::f.0183:modern_structural:A	modern_structural:A	CDD conserved polymerase motif A	168;169;170;171;172;173;174;175;176;177;178;179;182;183;184	cdd:cd23179	1.0000	0.7778	CDD_direct_single_root	curated_root_transferred
f.0183	cdd_transfer:rvmt_broad::f.0183:modern_structural:C	modern_structural:C	CDD conserved polymerase motif C	281;282;283;284;286;287;288;289;290;291;292;293;294;295	cdd:cd23179	1.0000	0.8571	CDD_direct_single_root	curated_root_transferred
f.0184	cdd_transfer:rvmt_broad::f.0184:modern_structural:A	modern_structural:A	CDD conserved polymerase motif A	172;173;174;175;176;177;178;179;180;181;182;183;184;185;186	cdd:cd23179;cdd:cd23206	1.0000	0.5833	CDD_direct_multi_root	curated_root_transferred
f.0184	cdd_transfer:rvmt_broad::f.0184:modern_structural:B	modern_structural:B	CDD conserved polymerase motif B	243;244;245;246;247;248;249;250;251;252;253;254;255;256;257;258;259;260;261;262;263;264;265;266	cdd:cd23179;cdd:cd23206	1.0000	0.7990	CDD_direct_multi_root	curated_root_transferred
f.0184	cdd_transfer:rvmt_broad::f.0184:modern_structural:C	modern_structural:C	CDD conserved polymerase motif C	276;277;278;279;280;281;282;283;284;285;286;287;288;289;290	cdd:cd23206	1.0000	0.6250	CDD_direct_single_root	curated_root_transferred
f.0186	cdd_transfer:rvmt_broad::f.0186:modern_structural:A	modern_structural:A	CDD conserved polymerase motif A	169;170;171;172;173;174;175;176;177;178;179;180;181;182;183	cdd:cd23173;cdd:cd23179;cdd:cd23206;cdd:cd23233;cdd:cd23234;cdd:cd23237;cdd:cd23238;cdd:cd23242;cdd:cd23243	1.0000	0.6451	CDD_direct_multi_root	curated_root_transferred
f.0186	cdd_transfer:rvmt_broad::f.0186:modern_structural:B	modern_structural:B	CDD conserved polymerase motif B	243;244;245;246;247;248;249;250;251;252;253;254;255;256;257;258;259;260;261;262;263;264;265;266	cdd:cd23206;cdd:cd23233;cdd:cd23234;cdd:cd23237;cdd:cd23238;cdd:cd23242;cdd:cd23243	1.0000	0.6487	CDD_direct_multi_root	curated_root_transferred
f.0186	cdd_transfer:rvmt_broad::f.0186:modern_structural:C	modern_structural:C	CDD conserved polymerase motif C	277;278;279;280;281;282;283;284;285;286;287;288;289;290;291	cdd:cd23179;cdd:cd23233;cdd:cd23234;cdd:cd23237;cdd:cd23238	1.0000	0.8464	CDD_direct_multi_root	curated_root_transferred
f.0187	cdd_transfer:rvmt_broad::f.0187:modern_structural:B	modern_structural:B	CDD conserved polymerase motif B	242;243;244;245;246;247;248;249;250;251;252;253;254;255;256;257;258;260;261;262;263;264;265	cdd:cd23169;cdd:cd23179;cdd:cd23206	1.0000	0.5752	CDD_direct_multi_root	curated_root_transferred
f.0191	cdd_transfer:rvmt_broad::f.0191:modern_structural:A	modern_structural:A	CDD conserved polymerase motif A	189;190;191;192;193;194;195;196;197;198;199;200;201;202;203	cdd:cd23206	1.0000	0.5000	CDD_direct_single_root	curated_root_transferred
f.0193	cdd_transfer:rvmt_broad::f.0193:modern_structural:A	modern_structural:A	CDD conserved polymerase motif A	189;190;191;192;193;194;195;196;197;198;199;200;201;202;203	cdd:cd23179	1.0000	0.7500	CDD_direct_single_root	curated_root_transferred
f.0193	cdd_transfer:rvmt_broad::f.0193:modern_structural:C	modern_structural:C	CDD conserved polymerase motif C	325;326;327;328;330;331;332;333;334;335;336;337;338;339	cdd:cd23179	1.0000	0.8571	CDD_direct_single_root	curated_root_transferred
f.0194.base-Tymo	cdd_transfer:rvmt_broad::f.0194.base-Tymo:modern_structural:A	modern_structural:A	CDD conserved polymerase motif A	221;222;223;224;225;226;227;228;229;230;231;232;233;234;235	cdd:cd23182;cdd:cd23207;cdd:cd23208;cdd:cd23209;cdd:cd23246;cdd:cd23247;cdd:cd23248;cdd:cd23249;cdd:cd23251;cdd:cd23253;cdd:cd23254;cdd:cd23259	0.9889	0.6535	CDD_direct_multi_root	curated_root_transferred
f.0194.base-Tymo	cdd_transfer:rvmt_broad::f.0194.base-Tymo:modern_structural:B	modern_structural:B	CDD conserved polymerase motif B	277;278;279;280;281;282;283;284;285;286;287;288;289;290;291;292;293;294;295;296;297;298;299;300	cdd:cd23245;cdd:cd23246;cdd:cd23247;cdd:cd23248;cdd:cd23249;cdd:cd23251;cdd:cd23252;cdd:cd23253;cdd:cd23254;cdd:cd23259	1.0000	0.8244	CDD_direct_multi_root	curated_root_transferred
f.0194.base-Tymo	cdd_transfer:rvmt_broad::f.0194.base-Tymo:modern_structural:C	modern_structural:C	CDD conserved polymerase motif C	306;307;308;309;310;311;312;313;314;315;316;317;318;319;320	cdd:cd23182;cdd:cd23209;cdd:cd23245;cdd:cd23251;cdd:cd23252;cdd:cd23253;cdd:cd23254;cdd:cd23259	0.9917	0.8745	CDD_direct_multi_root	curated_root_transferred
f.0195.base-Tymo	cdd_transfer:rvmt_broad::f.0195.base-Tymo:modern_structural:A	modern_structural:A	CDD conserved polymerase motif A	206;207;208;209;210;211;212;213;214;215;216;217;218;219;220	cdd:cd23209;cdd:cd23245;cdd:cd23248;cdd:cd23249;cdd:cd23254;cdd:cd23259	0.9889	0.7130	CDD_direct_multi_root	curated_root_transferred
f.0195.base-Tymo	cdd_transfer:rvmt_broad::f.0195.base-Tymo:modern_structural:B	modern_structural:B	CDD conserved polymerase motif B	262;263;264;265;266;267;268;269;270;271;272;273;274;275;276;277;278;279;280;281;282;283;284;285	cdd:cd23209;cdd:cd23245;cdd:cd23246;cdd:cd23247;cdd:cd23248;cdd:cd23249;cdd:cd23254;cdd:cd23259	0.9740	0.7806	CDD_direct_multi_root	curated_root_transferred
f.0196.base-Tymo	cdd_transfer:rvmt_broad::f.0196.base-Tymo:modern_structural:A	modern_structural:A	CDD conserved polymerase motif A	203;204;205;206;207;208;209;210;211;212;213;214;215;216;217	cdd:cd23182;cdd:cd23245;cdd:cd23246;cdd:cd23247;cdd:cd23248;cdd:cd23249;cdd:cd23253;cdd:cd23254;cdd:cd23259	0.9778	0.7752	CDD_direct_multi_root	curated_root_transferred
f.0196.base-Tymo	cdd_transfer:rvmt_broad::f.0196.base-Tymo:modern_structural:B	modern_structural:B	CDD conserved polymerase motif B	259;260;261;262;263;264;265;266;267;268;269;270;271;272;273;274;275;276;277;278;279;280;281;282	cdd:cd23182;cdd:cd23207;cdd:cd23209;cdd:cd23245;cdd:cd23246;cdd:cd23247;cdd:cd23248;cdd:cd23249;cdd:cd23253;cdd:cd23254;cdd:cd23259	1.0000	0.8361	CDD_direct_multi_root	curated_root_transferred
f.0196.base-Tymo	cdd_transfer:rvmt_broad::f.0196.base-Tymo:modern_structural:C	modern_structural:C	CDD conserved polymerase motif C	288;289;290;291;292;293;294;295;296;297;298;299;300;301	cdd:cd23182;cdd:cd23245;cdd:cd23246;cdd:cd23248;cdd:cd23253;cdd:cd23254;cdd:cd23259	0.9517	0.7194	CDD_direct_multi_root	curated_root_transferred
f.0197.base-Tymo	cdd_transfer:rvmt_broad::f.0197.base-Tymo:modern_structural:A	modern_structural:A	CDD conserved polymerase motif A	208;209;210;211;212;213;214;215;216;217;218;219;220;221;222	cdd:cd23182;cdd:cd23207;cdd:cd23208;cdd:cd23209;cdd:cd23245;cdd:cd23246;cdd:cd23247;cdd:cd23248;cdd:cd23249;cdd:cd23252;cdd:cd23253;cdd:cd23254;cdd:cd23259	0.9846	0.7202	CDD_direct_multi_root	curated_root_transferred
f.0197.base-Tymo	cdd_transfer:rvmt_broad::f.0197.base-Tymo:modern_structural:B	modern_structural:B	CDD conserved polymerase motif B	264;265;266;267;268;269;270;271;272;273;274;275;276;277;278;279;280;281;282;283;284;285;286;287	cdd:cd23182;cdd:cd23207;cdd:cd23208;cdd:cd23209;cdd:cd23245;cdd:cd23246;cdd:cd23247;cdd:cd23248;cdd:cd23249;cdd:cd23252;cdd:cd23253;cdd:cd23254;cdd:cd23259	1.0000	0.7804	CDD_direct_multi_root	curated_root_transferred
f.0197.base-Tymo	cdd_transfer:rvmt_broad::f.0197.base-Tymo:modern_structural:C	modern_structural:C	CDD conserved polymerase motif C	293;294;295;296;297;298;299;300;301;302;303;304;305;306;307	cdd:cd23182;cdd:cd23208;cdd:cd23209;cdd:cd23245;cdd:cd23246;cdd:cd23247;cdd:cd23248;cdd:cd23249;cdd:cd23252;cdd:cd23253;cdd:cd23254;cdd:cd23259	0.9774	0.7303	CDD_direct_multi_root	curated_root_transferred
f.0198.base-Tymo	cdd_transfer:rvmt_broad::f.0198.base-Tymo:modern_structural:B	modern_structural:B	CDD conserved polymerase motif B	253;254;255;256;257;258;259;260;261;262;263;264;265;266;267;268;269;270;271;272;273;274;275;276	cdd:cd23245;cdd:cd23246;cdd:cd23247;cdd:cd23248;cdd:cd23249;cdd:cd23254	1.0000	0.6914	CDD_direct_multi_root	curated_root_transferred
f.0198.base-Tymo	cdd_transfer:rvmt_broad::f.0198.base-Tymo:modern_structural:C	modern_structural:C	CDD conserved polymerase motif C	282;283;284;285;286;287;288;289;290;291;292;293	cdd:cd23182;cdd:cd23207	0.7929	0.7500	CDD_direct_multi_root	curated_root_transferred
f.0199.base-Tymo	cdd_transfer:rvmt_broad::f.0199.base-Tymo:modern_structural:A	modern_structural:A	CDD conserved polymerase motif A	204;205;206;207;208;209;210;211;212;213;214;215;216;217;218	cdd:cd23207;cdd:cd23245;cdd:cd23246;cdd:cd23247;cdd:cd23249	1.0000	0.5745	CDD_direct_multi_root	curated_root_transferred
f.0199.base-Tymo	cdd_transfer:rvmt_broad::f.0199.base-Tymo:modern_structural:B	modern_structural:B	CDD conserved polymerase motif B	261;262;263;264;265;266;267;268;269;270;271;272;273;274;275;276;277;278;279;280;285;286;287;288	cdd:cd23245;cdd:cd23246;cdd:cd23247;cdd:cd23248	1.0000	0.8429	CDD_direct_multi_root	curated_root_transferred
f.0200.base-Tymo	cdd_transfer:rvmt_broad::f.0200.base-Tymo:modern_structural:A	modern_structural:A	CDD conserved polymerase motif A	204;205;206;207;208;209;210;211;212;213;214;215;216;217;218	cdd:cd23182;cdd:cd23207;cdd:cd23209;cdd:cd23245;cdd:cd23246;cdd:cd23247;cdd:cd23248;cdd:cd23249;cdd:cd23254;cdd:cd23255;cdd:cd23259	1.0000	0.7767	CDD_direct_multi_root	curated_root_transferred
f.0200.base-Tymo	cdd_transfer:rvmt_broad::f.0200.base-Tymo:modern_structural:B	modern_structural:B	CDD conserved polymerase motif B	260;261;262;263;264;265;266;267;268;269;270;271;272;273;274;275;276;277;278;279;280;281;282;283	cdd:cd23182;cdd:cd23207;cdd:cd23209;cdd:cd23245;cdd:cd23246;cdd:cd23247;cdd:cd23248;cdd:cd23249;cdd:cd23254;cdd:cd23255;cdd:cd23259	1.0000	0.8250	CDD_direct_multi_root	curated_root_transferred
f.0200.base-Tymo	cdd_transfer:rvmt_broad::f.0200.base-Tymo:modern_structural:C	modern_structural:C	CDD conserved polymerase motif C	290;291;292;293;294;295;296;297;298;299;300;301;302;303;304	cdd:cd23182;cdd:cd23209;cdd:cd23245;cdd:cd23246;cdd:cd23254;cdd:cd23255;cdd:cd23259	0.9517	0.6786	CDD_direct_multi_root	curated_root_transferred
f.0201.base-Tymo	cdd_transfer:rvmt_broad::f.0201.base-Tymo:modern_structural:A	modern_structural:A	CDD conserved polymerase motif A	202;203;204;205;206;207;208;209;210;211;212;213;214;215;216	cdd:cd23182;cdd:cd23207;cdd:cd23245;cdd:cd23246;cdd:cd23247;cdd:cd23248;cdd:cd23249	1.0000	0.7123	CDD_direct_multi_root	curated_root_transferred
f.0201.base-Tymo	cdd_transfer:rvmt_broad::f.0201.base-Tymo:modern_structural:B	modern_structural:B	CDD conserved polymerase motif B	258;259;260;261;262;263;264;265;266;267;268;269;270;271;272;273;274;275;276;277;278;279;280;281	cdd:cd23209;cdd:cd23245;cdd:cd23246;cdd:cd23247;cdd:cd23248;cdd:cd23249;cdd:cd23255	1.0000	0.7913	CDD_direct_multi_root	curated_root_transferred
f.0201.base-Tymo	cdd_transfer:rvmt_broad::f.0201.base-Tymo:modern_structural:C	modern_structural:C	CDD conserved polymerase motif C	287;288;289;290;291;292;293;294;295;296;297;298;299	cdd:cd23182;cdd:cd23248;cdd:cd23255	0.8841	0.7011	CDD_direct_multi_root	curated_root_transferred
f.0202.base-Betaflexi	cdd_transfer:rvmt_broad::f.0202.base-Betaflexi:modern_structural:A	modern_structural:A	CDD conserved polymerase motif A	205;206;207;208;209;210;211;212;213;214;215;216;217;218;219	cdd:cd23182;cdd:cd23207;cdd:cd23245;cdd:cd23246;cdd:cd23247;cdd:cd23248;cdd:cd23249;cdd:cd23254;cdd:cd23259	1.0000	0.7611	CDD_direct_multi_root	curated_root_transferred
f.0202.base-Betaflexi	cdd_transfer:rvmt_broad::f.0202.base-Betaflexi:modern_structural:B	modern_structural:B	CDD conserved polymerase motif B	261;262;263;264;265;266;267;268;269;270;271;272;273;274;275;276;277;278;279;280;281;282;283;284	cdd:cd23182;cdd:cd23207;cdd:cd23245;cdd:cd23246;cdd:cd23247;cdd:cd23248;cdd:cd23249;cdd:cd23254;cdd:cd23259	1.0000	0.7971	CDD_direct_multi_root	curated_root_transferred
f.0202.base-Betaflexi	cdd_transfer:rvmt_broad::f.0202.base-Betaflexi:modern_structural:C	modern_structural:C	CDD conserved polymerase motif C	291;295;296;297;298;299;300;301;302;303;304;305;306;307;308	cdd:cd23182;cdd:cd23245;cdd:cd23246;cdd:cd23247;cdd:cd23248;cdd:cd23249;cdd:cd23254;cdd:cd23259	0.9482	0.7152	CDD_direct_multi_root	curated_root_transferred
f.0203	cdd_transfer:rvmt_broad::f.0203:modern_structural:A	modern_structural:A	CDD conserved polymerase motif A	203;204;205;206;207;208;209;210;211;212;213;214;215;216;217	cdd:cd23182;cdd:cd23207;cdd:cd23209;cdd:cd23245;cdd:cd23246;cdd:cd23247;cdd:cd23248;cdd:cd23249;cdd:cd23253	1.0000	0.8042	CDD_direct_multi_root	curated_root_transferred
f.0203	cdd_transfer:rvmt_broad::f.0203:modern_structural:B	modern_structural:B	CDD conserved polymerase motif B	259;260;261;262;263;264;265;266;267;268;269;270;271;272;273;274;275;276;277;278;279;280;281;282	cdd:cd23182;cdd:cd23245;cdd:cd23246;cdd:cd23247;cdd:cd23248;cdd:cd23249;cdd:cd23253	1.0000	0.7678	CDD_direct_multi_root	curated_root_transferred
f.0203	cdd_transfer:rvmt_broad::f.0203:modern_structural:C	modern_structural:C	CDD conserved polymerase motif C	288;289;290;291;292;293;294;295;296;297;298;299;300	cdd:cd23182;cdd:cd23209;cdd:cd23253	0.8857	0.8214	CDD_direct_multi_root	curated_root_transferred
f.0204.base-Alphaflexi	cdd_transfer:rvmt_broad::f.0204.base-Alphaflexi:modern_structural:A	modern_structural:A	CDD conserved polymerase motif A	207;208;209;210;211;212;213;214;215;216;217;218;219;220;221	cdd:cd23182;cdd:cd23207;cdd:cd23245;cdd:cd23246;cdd:cd23247;cdd:cd23249;cdd:cd23254	1.0000	0.6400	CDD_direct_multi_root	curated_root_transferred
f.0204.base-Alphaflexi	cdd_transfer:rvmt_broad::f.0204.base-Alphaflexi:modern_structural:B	modern_structural:B	CDD conserved polymerase motif B	263;264;265;266;267;268;269;270;271;272;273;274;275;276;277;278;279;280;281;282;283;284;285;286	cdd:cd23182;cdd:cd23207;cdd:cd23245;cdd:cd23246;cdd:cd23247;cdd:cd23248;cdd:cd23249;cdd:cd23254	1.0000	0.7436	CDD_direct_multi_root	curated_root_transferred
f.0204.base-Alphaflexi	cdd_transfer:rvmt_broad::f.0204.base-Alphaflexi:modern_structural:C	modern_structural:C	CDD conserved polymerase motif C	292;293;294;295;296;297;298;299;300;301;302;303;304;305;306	cdd:cd23245;cdd:cd23246;cdd:cd23247;cdd:cd23248;cdd:cd23249;cdd:cd23254	0.9667	0.6815	CDD_direct_multi_root	curated_root_transferred
f.0205.base-Alphaflexi	cdd_transfer:rvmt_broad::f.0205.base-Alphaflexi:modern_structural:A	modern_structural:A	CDD conserved polymerase motif A	201;202;203;204;205;206;207;208;209;210;211;212;213;214;215	cdd:cd23182;cdd:cd23207;cdd:cd23208;cdd:cd23209;cdd:cd23245;cdd:cd23246;cdd:cd23247;cdd:cd23248;cdd:cd23249;cdd:cd23253;cdd:cd23254;cdd:cd23255;cdd:cd23259	0.9949	0.7789	CDD_direct_multi_root	curated_root_transferred
f.0205.base-Alphaflexi	cdd_transfer:rvmt_broad::f.0205.base-Alphaflexi:modern_structural:B	modern_structural:B	CDD conserved polymerase motif B	257;258;259;260;261;262;263;264;265;266;267;268;269;270;271;272;273;274;275;276;277;278;279;280	cdd:cd23182;cdd:cd23207;cdd:cd23208;cdd:cd23209;cdd:cd23245;cdd:cd23246;cdd:cd23247;cdd:cd23248;cdd:cd23249;cdd:cd23253;cdd:cd23254;cdd:cd23255;cdd:cd23259	1.0000	0.7750	CDD_direct_multi_root	curated_root_transferred
f.0205.base-Alphaflexi	cdd_transfer:rvmt_broad::f.0205.base-Alphaflexi:modern_structural:C	modern_structural:C	CDD conserved polymerase motif C	286;287;288;289;290;291;292;293;294;295;296;297;298;299;300	cdd:cd23182;cdd:cd23209;cdd:cd23245;cdd:cd23246;cdd:cd23248;cdd:cd23253;cdd:cd23259	0.9810	0.6590	CDD_direct_multi_root	curated_root_transferred
f.0206	cdd_transfer:rvmt_broad::f.0206:modern_structural:A	modern_structural:A	CDD conserved polymerase motif A	196;197;198;199;200;201;202;203;204;205;206;207;208;209;210	cdd:cd23182;cdd:cd23207;cdd:cd23208;cdd:cd23209;cdd:cd23245;cdd:cd23246;cdd:cd23247;cdd:cd23248;cdd:cd23249;cdd:cd23250;cdd:cd23254;cdd:cd23259	0.9944	0.7916	CDD_direct_multi_root	curated_root_transferred
f.0206	cdd_transfer:rvmt_broad::f.0206:modern_structural:B	modern_structural:B	CDD conserved polymerase motif B	252;253;254;255;256;257;258;259;260;261;262;263;264;265;266;267;268;269;270;271;272;273;274;275	cdd:cd23182;cdd:cd23245;cdd:cd23246;cdd:cd23247;cdd:cd23248;cdd:cd23249;cdd:cd23250;cdd:cd23254;cdd:cd23259	0.9907	0.8022	CDD_direct_multi_root	curated_root_transferred
f.0206	cdd_transfer:rvmt_broad::f.0206:modern_structural:C	modern_structural:C	CDD conserved polymerase motif C	286;287;288;289;290;291;292;293;294;295;296;297;298;299;300	cdd:cd23182;cdd:cd23248	0.9286	0.6696	CDD_direct_multi_root	curated_root_transferred
f.0207.base-Deltaflexi	cdd_transfer:rvmt_broad::f.0207.base-Deltaflexi:modern_structural:A	modern_structural:A	CDD conserved polymerase motif A	171;172;173;174;175;176;177;178;179;180;181;182;183;184;185	cdd:cd23182;cdd:cd23207;cdd:cd23209;cdd:cd23245;cdd:cd23246;cdd:cd23247;cdd:cd23248;cdd:cd23249	1.0000	0.7180	CDD_direct_multi_root	curated_root_transferred
f.0207.base-Deltaflexi	cdd_transfer:rvmt_broad::f.0207.base-Deltaflexi:modern_structural:B	modern_structural:B	CDD conserved polymerase motif B	227;228;229;230;231;232;233;234;235;236;237;238;239;240;241;242;243;244;245;246;247;248;249;250	cdd:cd23182;cdd:cd23207;cdd:cd23209;cdd:cd23245;cdd:cd23246;cdd:cd23247;cdd:cd23248;cdd:cd23249	1.0000	0.7381	CDD_direct_multi_root	curated_root_transferred
f.0207.base-Deltaflexi	cdd_transfer:rvmt_broad::f.0207.base-Deltaflexi:modern_structural:C	modern_structural:C	CDD conserved polymerase motif C	256;257;258;259;260;261;262;263;264;265;266;267;268;269;270	cdd:cd23182;cdd:cd23209;cdd:cd23245;cdd:cd23246;cdd:cd23247;cdd:cd23248;cdd:cd23249	0.9803	0.8198	CDD_direct_multi_root	curated_root_transferred
f.0208.base-Deltaflexi	cdd_transfer:rvmt_broad::f.0208.base-Deltaflexi:modern_structural:A	modern_structural:A	CDD conserved polymerase motif A	198;200;201;202;203;204;205;206;207;208;209;210;211;212;213	cdd:cd23182;cdd:cd23207;cdd:cd23209;cdd:cd23245;cdd:cd23246;cdd:cd23247;cdd:cd23248;cdd:cd23249;cdd:cd23258	0.9704	0.7071	CDD_direct_multi_root	curated_root_transferred
f.0208.base-Deltaflexi	cdd_transfer:rvmt_broad::f.0208.base-Deltaflexi:modern_structural:B	modern_structural:B	CDD conserved polymerase motif B	255;256;257;258;259;260;261;262;263;264;265;266;267;268;269;270;271;272;273;274;275;276;277;278	cdd:cd23182;cdd:cd23207;cdd:cd23209;cdd:cd23245;cdd:cd23246;cdd:cd23247;cdd:cd23248;cdd:cd23249	1.0000	0.7333	CDD_direct_multi_root	curated_root_transferred
f.0208.base-Deltaflexi	cdd_transfer:rvmt_broad::f.0208.base-Deltaflexi:modern_structural:C	modern_structural:C	CDD conserved polymerase motif C	284;285;286;287;288;289;290;291;292;293;294;295;296;297;298	cdd:cd23182;cdd:cd23209;cdd:cd23245;cdd:cd23246;cdd:cd23247;cdd:cd23248;cdd:cd23258	0.9803	0.7861	CDD_direct_multi_root	curated_root_transferred
f.0209.base-Deltaflexi	cdd_transfer:rvmt_broad::f.0209.base-Deltaflexi:modern_structural:A	modern_structural:A	CDD conserved polymerase motif A	200;202;203;204;205;206;207;208;209;210;211;212;213;214;215	cdd:cd23182;cdd:cd23207;cdd:cd23209;cdd:cd23245;cdd:cd23246;cdd:cd23247;cdd:cd23248;cdd:cd23249	0.9833	0.7165	CDD_direct_multi_root	curated_root_transferred
f.0209.base-Deltaflexi	cdd_transfer:rvmt_broad::f.0209.base-Deltaflexi:modern_structural:B	modern_structural:B	CDD conserved polymerase motif B	257;258;259;260;261;262;263;264;265;266;267;268;269;270;271;272;273;274;275;276;277;278;279;280	cdd:cd23182;cdd:cd23207;cdd:cd23208;cdd:cd23209;cdd:cd23245;cdd:cd23246;cdd:cd23247;cdd:cd23248;cdd:cd23249;cdd:cd23254	1.0000	0.7167	CDD_direct_multi_root	curated_root_transferred
f.0209.base-Deltaflexi	cdd_transfer:rvmt_broad::f.0209.base-Deltaflexi:modern_structural:C	modern_structural:C	CDD conserved polymerase motif C	286;287;288;289;290;291;292;293;294;295;296;297;298;299;300	cdd:cd23182;cdd:cd23209;cdd:cd23245;cdd:cd23246;cdd:cd23248	0.9724	0.7853	CDD_direct_multi_root	curated_root_transferred
f.0210.base-Deltaflexi	cdd_transfer:rvmt_broad::f.0210.base-Deltaflexi:modern_structural:A	modern_structural:A	CDD conserved polymerase motif A	201;202;203;204;205;206;207;208;209;210;211;212;213;214;215	cdd:cd23182;cdd:cd23207;cdd:cd23245;cdd:cd23246;cdd:cd23247;cdd:cd23248;cdd:cd23249	1.0000	0.6626	CDD_direct_multi_root	curated_root_transferred
f.0210.base-Deltaflexi	cdd_transfer:rvmt_broad::f.0210.base-Deltaflexi:modern_structural:B	modern_structural:B	CDD conserved polymerase motif B	257;258;259;260;261;262;263;264;265;266;267;268;269;270;271;272;273;274;275;276;277;278;279;280	cdd:cd23182;cdd:cd23207;cdd:cd23245;cdd:cd23246;cdd:cd23247;cdd:cd23248;cdd:cd23249	1.0000	0.7024	CDD_direct_multi_root	curated_root_transferred
f.0210.base-Deltaflexi	cdd_transfer:rvmt_broad::f.0210.base-Deltaflexi:modern_structural:C	modern_structural:C	CDD conserved polymerase motif C	286;287;288;289;290;291;292;293;294;295;296;297;298;299;300	cdd:cd23182;cdd:cd23245;cdd:cd23246;cdd:cd23247;cdd:cd23248;cdd:cd23249	0.9881	0.7667	CDD_direct_multi_root	curated_root_transferred
f.0211.base-Deltaflexi	cdd_transfer:rvmt_broad::f.0211.base-Deltaflexi:modern_structural:A	modern_structural:A	CDD conserved polymerase motif A	200;201;202;203;204;205;206;207;208;209;210;211;212;213;214	cdd:cd23182;cdd:cd23207;cdd:cd23209;cdd:cd23245;cdd:cd23246;cdd:cd23247;cdd:cd23248;cdd:cd23249	1.0000	0.6698	CDD_direct_multi_root	curated_root_transferred
f.0211.base-Deltaflexi	cdd_transfer:rvmt_broad::f.0211.base-Deltaflexi:modern_structural:B	modern_structural:B	CDD conserved polymerase motif B	256;257;258;259;260;261;262;263;264;265;266;267;268;269;270;271;272;273;274;275;276;277;278;279	cdd:cd23182;cdd:cd23207;cdd:cd23209;cdd:cd23245;cdd:cd23246;cdd:cd23248;cdd:cd23249	1.0000	0.6790	CDD_direct_multi_root	curated_root_transferred
f.0211.base-Deltaflexi	cdd_transfer:rvmt_broad::f.0211.base-Deltaflexi:modern_structural:C	modern_structural:C	CDD conserved polymerase motif C	285;286;287;288;289;290;291;292;293;294;295;296;297;298;299	cdd:cd23182;cdd:cd23209;cdd:cd23245;cdd:cd23246;cdd:cd23247;cdd:cd23248;cdd:cd23249	0.9810	0.7254	CDD_direct_multi_root	curated_root_transferred
f.0212.base-Deltaflexi	cdd_transfer:rvmt_broad::f.0212.base-Deltaflexi:modern_structural:A	modern_structural:A	CDD conserved polymerase motif A	199;200;201;202;203;204;205;206;207;208;209;210;211;212;213	cdd:cd23182;cdd:cd23207;cdd:cd23208;cdd:cd23209;cdd:cd23245;cdd:cd23246;cdd:cd23247;cdd:cd23248;cdd:cd23249;cdd:cd23254;cdd:cd23259	0.9939	0.6057	CDD_direct_multi_root	curated_root_transferred
f.0212.base-Deltaflexi	cdd_transfer:rvmt_broad::f.0212.base-Deltaflexi:modern_structural:B	modern_structural:B	CDD conserved polymerase motif B	255;256;257;258;259;260;261;262;263;264;265;266;267;268;269;270;271;272;273;274;275;276;277;278	cdd:cd23209;cdd:cd23245;cdd:cd23246;cdd:cd23247;cdd:cd23248;cdd:cd23249;cdd:cd23254;cdd:cd23259	1.0000	0.7422	CDD_direct_multi_root	curated_root_transferred
f.0212.base-Deltaflexi	cdd_transfer:rvmt_broad::f.0212.base-Deltaflexi:modern_structural:C	modern_structural:C	CDD conserved polymerase motif C	284;285;286;287;288;289;290;291;292;293;294;295;296;297;298	cdd:cd23182;cdd:cd23208;cdd:cd23245;cdd:cd23246;cdd:cd23248;cdd:cd23254;cdd:cd23259	0.9905	0.8663	CDD_direct_multi_root	curated_root_transferred
f.0213.base-Deltaflexi	cdd_transfer:rvmt_broad::f.0213.base-Deltaflexi:modern_structural:A	modern_structural:A	CDD conserved polymerase motif A	208;209;210;211;212;213;214;215;216;217;218;219;220;221;222	cdd:cd23182;cdd:cd23207;cdd:cd23209;cdd:cd23245;cdd:cd23246;cdd:cd23247;cdd:cd23248;cdd:cd23249	0.9917	0.6803	CDD_direct_multi_root	curated_root_transferred
f.0213.base-Deltaflexi	cdd_transfer:rvmt_broad::f.0213.base-Deltaflexi:modern_structural:B	modern_structural:B	CDD conserved polymerase motif B	264;265;266;267;268;269;270;271;272;273;274;275;276;277;278;279;280;281;282;283;284;285;286;287	cdd:cd23182;cdd:cd23207;cdd:cd23209;cdd:cd23245;cdd:cd23246;cdd:cd23247;cdd:cd23248;cdd:cd23249;cdd:cd23254	1.0000	0.7667	CDD_direct_multi_root	curated_root_transferred
f.0213.base-Deltaflexi	cdd_transfer:rvmt_broad::f.0213.base-Deltaflexi:modern_structural:C	modern_structural:C	CDD conserved polymerase motif C	293;294;295;296;297;298;299;300;301;302;303;304;305;306;307	cdd:cd23182;cdd:cd23209;cdd:cd23245;cdd:cd23246;cdd:cd23248;cdd:cd23254	0.9770	0.8056	CDD_direct_multi_root	curated_root_transferred
f.0214.base-Deltaflexi	cdd_transfer:rvmt_broad::f.0214.base-Deltaflexi:modern_structural:A	modern_structural:A	CDD conserved polymerase motif A	204;205;206;207;208;209;210;211;212;213;214;215;216;217;218	cdd:cd23182;cdd:cd23207;cdd:cd23208;cdd:cd23245;cdd:cd23246;cdd:cd23247;cdd:cd23248;cdd:cd23249;cdd:cd23254;cdd:cd23255;cdd:cd23259	1.0000	0.7484	CDD_direct_multi_root	curated_root_transferred
f.0214.base-Deltaflexi	cdd_transfer:rvmt_broad::f.0214.base-Deltaflexi:modern_structural:B	modern_structural:B	CDD conserved polymerase motif B	260;261;262;263;264;265;266;267;268;269;270;271;272;273;274;275;276;277;278;279;280;281;282;283	cdd:cd23182;cdd:cd23207;cdd:cd23208;cdd:cd23245;cdd:cd23246;cdd:cd23247;cdd:cd23248;cdd:cd23249;cdd:cd23254;cdd:cd23255;cdd:cd23259	1.0000	0.6648	CDD_direct_multi_root	curated_root_transferred
f.0214.base-Deltaflexi	cdd_transfer:rvmt_broad::f.0214.base-Deltaflexi:modern_structural:C	modern_structural:C	CDD conserved polymerase motif C	289;290;291;292;293;294;295;296;297;298;299;300;301;302;303	cdd:cd23182;cdd:cd23208;cdd:cd23245;cdd:cd23246;cdd:cd23247;cdd:cd23248;cdd:cd23254;cdd:cd23255;cdd:cd23259	0.9772	0.7617	CDD_direct_multi_root	curated_root_transferred
f.0215.base-Deltaflexi	cdd_transfer:rvmt_broad::f.0215.base-Deltaflexi:modern_structural:A	modern_structural:A	CDD conserved polymerase motif A	200;201;202;203;204;205;206;207;208;209;210;211;212;213;214	cdd:cd23182;cdd:cd23207;cdd:cd23245;cdd:cd23246;cdd:cd23247;cdd:cd23248	1.0000	0.6395	CDD_direct_multi_root	curated_root_transferred
f.0215.base-Deltaflexi	cdd_transfer:rvmt_broad::f.0215.base-Deltaflexi:modern_structural:B	modern_structural:B	CDD conserved polymerase motif B	256;257;258;259;260;261;262;263;264;265;266;267;268;269;270;271;272;273;274;275;276;277;278;279	cdd:cd23182;cdd:cd23245;cdd:cd23246;cdd:cd23247;cdd:cd23248;cdd:cd23249	1.0000	0.6295	CDD_direct_multi_root	curated_root_transferred
f.0215.base-Deltaflexi	cdd_transfer:rvmt_broad::f.0215.base-Deltaflexi:modern_structural:C	modern_structural:C	CDD conserved polymerase motif C	285;286;287;288;289;290;291;292;293;294;295;296;297;298;299	cdd:cd23182;cdd:cd23245;cdd:cd23246;cdd:cd23248	0.9298	0.6896	CDD_direct_multi_root	curated_root_transferred
f.0216.base-Deltaflexi	cdd_transfer:rvmt_broad::f.0216.base-Deltaflexi:modern_structural:A	modern_structural:A	CDD conserved polymerase motif A	60;61;62;63;64;65;66;67;68;69;70;71;72;73;74	cdd:cd23207;cdd:cd23209;cdd:cd23248	1.0000	0.5718	CDD_direct_multi_root	curated_root_transferred
f.0216.base-Deltaflexi	cdd_transfer:rvmt_broad::f.0216.base-Deltaflexi:modern_structural:B	modern_structural:B	CDD conserved polymerase motif B	116;117;118;119;120;121;122;123;124;125;126;127;128;129;130;131;132;133;134;135;136;137;138;139	cdd:cd23207;cdd:cd23209;cdd:cd23248	0.9861	0.6994	CDD_direct_multi_root	curated_root_transferred
f.0216.base-Deltaflexi	cdd_transfer:rvmt_broad::f.0216.base-Deltaflexi:modern_structural:C	modern_structural:C	CDD conserved polymerase motif C	144;145;146;147;148;149;150;151;152;153;154;155;156;157;158	cdd:cd23209;cdd:cd23248	0.9667	0.8444	CDD_direct_multi_root	curated_root_transferred
f.0217	cdd_transfer:rvmt_broad::f.0217:modern_structural:A	modern_structural:A	CDD conserved polymerase motif A	209;210;211;212;213;214;215;216;217;218;219;220;221;222;223	cdd:cd23182;cdd:cd23209;cdd:cd23249;cdd:cd23254;cdd:cd23258;cdd:cd23259	1.0000	0.6323	CDD_direct_multi_root	curated_root_transferred
f.0217	cdd_transfer:rvmt_broad::f.0217:modern_structural:B	modern_structural:B	CDD conserved polymerase motif B	272;273;274;275;276;277;278;279;280;281;282;283;284;285;286;287;288;289;290;291;292;293;294;295	cdd:cd23182;cdd:cd23209;cdd:cd23249;cdd:cd23254;cdd:cd23258;cdd:cd23259	1.0000	0.6717	CDD_direct_multi_root	curated_root_transferred
f.0220	cdd_transfer:rvmt_broad::f.0220:modern_structural:A	modern_structural:A	CDD conserved polymerase motif A	207;208;209;210;211;212;213;214;215;216;217;218;219;220;221	cdd:cd23182;cdd:cd23209;cdd:cd23253;cdd:cd23254;cdd:cd23258	1.0000	0.5543	CDD_direct_multi_root	curated_root_transferred
f.0220	cdd_transfer:rvmt_broad::f.0220:modern_structural:B	modern_structural:B	CDD conserved polymerase motif B	269;270;271;272;273;274;275;276;277;278;279;280;281;282;283;284;285;286;287;288;289;290;291;292	cdd:cd23182;cdd:cd23209;cdd:cd23253;cdd:cd23258	1.0000	0.5927	CDD_direct_multi_root	curated_root_transferred
f.0220	cdd_transfer:rvmt_broad::f.0220:modern_structural:C	modern_structural:C	CDD conserved polymerase motif C	298;299;300;301;302;303;304;305;306;307;308;309;310;311	cdd:cd23182;cdd:cd23209;cdd:cd23253;cdd:cd23254;cdd:cd23258	0.9457	0.7644	CDD_direct_multi_root	curated_root_transferred
f.0221.base-Alphatetra	cdd_transfer:rvmt_broad::f.0221.base-Alphatetra:modern_structural:B	modern_structural:B	CDD conserved polymerase motif B	277;278;279;280;281;282;283;284;285;286;287;288;289;290;291;292;293;294;295;296;297;298;299;300	cdd:cd23246;cdd:cd23247;cdd:cd23248;cdd:cd23250;cdd:cd23253;cdd:cd23254;cdd:cd23256;cdd:cd23257;cdd:cd23258;cdd:cd23259;cdd:cd23260	1.0000	0.7815	CDD_direct_multi_root	curated_root_transferred
f.0221.base-Alphatetra	cdd_transfer:rvmt_broad::f.0221.base-Alphatetra:modern_structural:C	modern_structural:C	CDD conserved polymerase motif C	306;307;308;309;310;311;312;313;314;315;316;317	cdd:cd23257	0.8000	0.8333	CDD_direct_single_root	curated_root_transferred
f.0222.base-Alphatetra	cdd_transfer:rvmt_broad::f.0222.base-Alphatetra:modern_structural:A	modern_structural:A	CDD conserved polymerase motif A	194;195;196;197;198;199;200;201;202;203;204;205;206;207;208	cdd:cd23182;cdd:cd23207;cdd:cd23209;cdd:cd23247;cdd:cd23253;cdd:cd23254;cdd:cd23258;cdd:cd23259	1.0000	0.8203	CDD_direct_multi_root	curated_root_transferred
f.0222.base-Alphatetra	cdd_transfer:rvmt_broad::f.0222.base-Alphatetra:modern_structural:B	modern_structural:B	CDD conserved polymerase motif B	254;255;256;257;258;259;260;261;262;263;264;265;266;267;268;269;270;271;272;273;274;275;276;277	cdd:cd23182;cdd:cd23209;cdd:cd23247;cdd:cd23253;cdd:cd23254;cdd:cd23257;cdd:cd23258;cdd:cd23259	1.0000	0.7313	CDD_direct_multi_root	curated_root_transferred
f.0222.base-Alphatetra	cdd_transfer:rvmt_broad::f.0222.base-Alphatetra:modern_structural:C	modern_structural:C	CDD conserved polymerase motif C	283;284;285;286;287;288;289;290;291;292;293;294;295;296;297	cdd:cd23182;cdd:cd23209;cdd:cd23253;cdd:cd23257;cdd:cd23259	0.9467	0.8742	CDD_direct_multi_root	curated_root_transferred
f.0223.base-Alphatetra	cdd_transfer:rvmt_broad::f.0223.base-Alphatetra:modern_structural:A	modern_structural:A	CDD conserved polymerase motif A	195;196;197;198;199;200;201;202;203;204;205;206;207;208;209	cdd:cd23182;cdd:cd23207;cdd:cd23208;cdd:cd23209;cdd:cd23246;cdd:cd23247;cdd:cd23249;cdd:cd23254;cdd:cd23257;cdd:cd23258;cdd:cd23259;cdd:cd23260	1.0000	0.6984	CDD_direct_multi_root	curated_root_transferred
f.0223.base-Alphatetra	cdd_transfer:rvmt_broad::f.0223.base-Alphatetra:modern_structural:B	modern_structural:B	CDD conserved polymerase motif B	255;256;257;258;259;260;261;262;263;264;265;266;267;268;269;270;271;272;273;274;275;276;277	cdd:cd23182;cdd:cd23207;cdd:cd23208;cdd:cd23209;cdd:cd23246;cdd:cd23247;cdd:cd23249;cdd:cd23251;cdd:cd23252;cdd:cd23254;cdd:cd23257;cdd:cd23258;cdd:cd23259;cdd:cd23260	0.9762	0.7541	CDD_direct_multi_root	curated_root_transferred
f.0223.base-Alphatetra	cdd_transfer:rvmt_broad::f.0223.base-Alphatetra:modern_structural:C	modern_structural:C	CDD conserved polymerase motif C	283;284;285;286;287;288;289;290;291;292;293;294;295;296	cdd:cd23182;cdd:cd23209;cdd:cd23258;cdd:cd23259	0.8821	0.9286	CDD_direct_multi_root	curated_root_transferred
f.0224.base-Alphatetra	cdd_transfer:rvmt_broad::f.0224.base-Alphatetra:modern_structural:A	modern_structural:A	CDD conserved polymerase motif A	214;215;216;217;218;219;220;221;222;223;224;225;226;227;228	cdd:cd23182;cdd:cd23207;cdd:cd23208;cdd:cd23209;cdd:cd23245;cdd:cd23254;cdd:cd23258;cdd:cd23259	1.0000	0.7832	CDD_direct_multi_root	curated_root_transferred
f.0224.base-Alphatetra	cdd_transfer:rvmt_broad::f.0224.base-Alphatetra:modern_structural:B	modern_structural:B	CDD conserved polymerase motif B	276;277;278;279;280;281;282;283;284;285;286;287;288;289;290;291;292;293;294;295;296;297;298;299	cdd:cd23182;cdd:cd23208;cdd:cd23209;cdd:cd23245;cdd:cd23254;cdd:cd23258;cdd:cd23259	1.0000	0.8067	CDD_direct_multi_root	curated_root_transferred
f.0224.base-Alphatetra	cdd_transfer:rvmt_broad::f.0224.base-Alphatetra:modern_structural:C	modern_structural:C	CDD conserved polymerase motif C	305;306;307;308;309;310;311;312;313;314;315;316;317;318;319	cdd:cd23182;cdd:cd23209;cdd:cd23245;cdd:cd23259	0.9655	0.7937	CDD_direct_multi_root	curated_root_transferred
f.0225	cdd_transfer:rvmt_broad::f.0225:modern_structural:B	modern_structural:B	CDD conserved polymerase motif B	273;274;275;276;277;278;279;280;281;282;283;284;285;286;287;288;289;290;291;292;293;294;295;296	cdd:cd23245;cdd:cd23246;cdd:cd23247;cdd:cd23250;cdd:cd23252;cdd:cd23253;cdd:cd23254;cdd:cd23256;cdd:cd23257;cdd:cd23258;cdd:cd23259;cdd:cd23260	0.9964	0.8440	CDD_direct_multi_root	curated_root_transferred
f.0225	cdd_transfer:rvmt_broad::f.0225:modern_structural:C	modern_structural:C	CDD conserved polymerase motif C	302;303;304;305;306;307;308;309;310;311;312;313;314;315;316	cdd:cd23251;cdd:cd23252;cdd:cd23253	0.9778	0.7024	CDD_direct_multi_root	curated_root_transferred
f.0226.base-Beny	cdd_transfer:rvmt_broad::f.0226.base-Beny:modern_structural:A	modern_structural:A	CDD conserved polymerase motif A	196;197;198;199;200;201;202;203;204;205;206;207;208;209;210	cdd:cd23208;cdd:cd23257;cdd:cd23259	1.0000	0.5741	CDD_direct_multi_root	curated_root_transferred
f.0226.base-Beny	cdd_transfer:rvmt_broad::f.0226.base-Beny:modern_structural:B	modern_structural:B	CDD conserved polymerase motif B	257;258;259;260;261;262;263;264;265;266;267;268;269;270;271;272;273;274;275;276;277;278;279;280	cdd:cd23208;cdd:cd23254;cdd:cd23257;cdd:cd23259	1.0000	0.7245	CDD_direct_multi_root	curated_root_transferred
f.0226.base-Beny	cdd_transfer:rvmt_broad::f.0226.base-Beny:modern_structural:C	modern_structural:C	CDD conserved polymerase motif C	286;287;288;289;290;291;292;293;294;295;296;297;298;299;300	cdd:cd23257;cdd:cd23259	1.0000	0.7708	CDD_direct_multi_root	curated_root_transferred
f.0227.base-Beny	cdd_transfer:rvmt_broad::f.0227.base-Beny:modern_structural:A	modern_structural:A	CDD conserved polymerase motif A	209;210;211;212;213;214;215;216;218;219;220;221;222;223;224;225;226;227	cdd:cd23209;cdd:cd23257	1.0000	0.5577	CDD_direct_multi_root	curated_root_transferred
f.0227.base-Beny	cdd_transfer:rvmt_broad::f.0227.base-Beny:modern_structural:B	modern_structural:B	CDD conserved polymerase motif B	276;277;278;279;280;281;282;283;284;285;286;287;288;289;290;291;292;293;294;295;296;297;298;299	cdd:cd23209;cdd:cd23257	1.0000	0.6235	CDD_direct_multi_root	curated_root_transferred
f.0228.base-Beny	cdd_transfer:rvmt_broad::f.0228.base-Beny:modern_structural:A	modern_structural:A	CDD conserved polymerase motif A	197;198;199;200;201;203;204;205;206;207;208;209;210;211;212	cdd:cd23257	1.0000	0.5333	CDD_direct_single_root	curated_root_transferred
f.0228.base-Beny	cdd_transfer:rvmt_broad::f.0228.base-Beny:modern_structural:B	modern_structural:B	CDD conserved polymerase motif B	258;259;260;261;262;263;264;265;266;267;268;269;270;271;272;273;274;275;276;277;278;279;280;281	cdd:cd23209;cdd:cd23245;cdd:cd23254;cdd:cd23257;cdd:cd23259	0.9917	0.6682	CDD_direct_multi_root	curated_root_transferred
f.0228.base-Beny	cdd_transfer:rvmt_broad::f.0228.base-Beny:modern_structural:C	modern_structural:C	CDD conserved polymerase motif C	287;288;289;290;291;292;293;294;295;296;297;298;299;300;301	cdd:cd23209;cdd:cd23245;cdd:cd23254;cdd:cd23257;cdd:cd23259	0.9867	0.7538	CDD_direct_multi_root	curated_root_transferred
f.0229.base-Beny	cdd_transfer:rvmt_broad::f.0229.base-Beny:modern_structural:A	modern_structural:A	CDD conserved polymerase motif A	193;194;195;196;197;198;199;200;201;202;203;204;205;206;207	cdd:cd23209	1.0000	0.6000	CDD_direct_single_root	curated_root_transferred
f.0229.base-Beny	cdd_transfer:rvmt_broad::f.0229.base-Beny:modern_structural:B	modern_structural:B	CDD conserved polymerase motif B	253;254;255;256;257;258;259;260;261;262;263;264;265;266;267;268;269;270;271;272;273;274;275;276	cdd:cd23209;cdd:cd23257	1.0000	0.7362	CDD_direct_multi_root	curated_root_transferred
f.0230.base-Beny	cdd_transfer:rvmt_broad::f.0230.base-Beny:modern_structural:A	modern_structural:A	CDD conserved polymerase motif A	187;188;189;190;191;192;193;194;195;196;197;198;199;200;201	cdd:cd23209;cdd:cd23257	0.9333	0.7231	CDD_direct_multi_root	curated_root_transferred
f.0230.base-Beny	cdd_transfer:rvmt_broad::f.0230.base-Beny:modern_structural:B	modern_structural:B	CDD conserved polymerase motif B	247;248;249;250;251;252;253;254;255;256;257;258;259;260;261;262;263;264;265;266;267;268;269;270	cdd:cd23209	1.0000	0.6000	CDD_direct_single_root	curated_root_transferred
f.0230.base-Beny	cdd_transfer:rvmt_broad::f.0230.base-Beny:modern_structural:C	modern_structural:C	CDD conserved polymerase motif C	276;277;278;279;280;281;282;283;284;285;286;287;288;289;290	cdd:cd23209;cdd:cd23257	0.9667	0.7083	CDD_direct_multi_root	curated_root_transferred
f.0234.base-Beny	cdd_transfer:rvmt_broad::f.0234.base-Beny:modern_structural:A	modern_structural:A	CDD conserved polymerase motif A	209;210;211;212;213;214;215;216;217;218;219;220;221;222;223	cdd:cd23209	1.0000	0.5556	CDD_direct_single_root	curated_root_transferred
f.0234.base-Beny	cdd_transfer:rvmt_broad::f.0234.base-Beny:modern_structural:C	modern_structural:C	CDD conserved polymerase motif C	306;317;318;319;320;321;322;323;324;325;326;327;328;329	cdd:cd23209	0.9333	0.8571	CDD_direct_single_root	curated_root_transferred
f.0235.base-Beny	cdd_transfer:rvmt_broad::f.0235.base-Beny:modern_structural:A	modern_structural:A	CDD conserved polymerase motif A	217;218;219;220;221;222;223;224;225;226;227;228;229;230;231	cdd:cd23209	1.0000	0.6000	CDD_direct_single_root	curated_root_transferred
f.0235.base-Beny	cdd_transfer:rvmt_broad::f.0235.base-Beny:modern_structural:B	modern_structural:B	CDD conserved polymerase motif B	285;286;287;288;289;290;291;292;293;294;295;296;297;298;299;300;301;302;303;304;305;306;307;308	cdd:cd23209	1.0000	0.6667	CDD_direct_single_root	curated_root_transferred
f.0235.base-Beny	cdd_transfer:rvmt_broad::f.0235.base-Beny:modern_structural:C	modern_structural:C	CDD conserved polymerase motif C	314;315;316;317;318;319;320;321;322;323;324;325	cdd:cd23209	0.8000	0.6250	CDD_direct_single_root	curated_root_transferred
f.0236.base-Beny	cdd_transfer:rvmt_broad::f.0236.base-Beny:modern_structural:A	modern_structural:A	CDD conserved polymerase motif A	218;219;220;221;222;223;224;225;226;227;228;229;230;231;232	cdd:cd23182;cdd:cd23207;cdd:cd23245;cdd:cd23254	1.0000	0.7708	CDD_direct_multi_root	curated_root_transferred
f.0236.base-Beny	cdd_transfer:rvmt_broad::f.0236.base-Beny:modern_structural:B	modern_structural:B	CDD conserved polymerase motif B	287;288;289;290;291;292;293;294;295;296;297;298;299;300;301;302;303;304;305;306;307;308;309;310	cdd:cd23182;cdd:cd23245;cdd:cd23254;cdd:cd23258	1.0000	0.7003	CDD_direct_multi_root	curated_root_transferred
f.0236.base-Beny	cdd_transfer:rvmt_broad::f.0236.base-Beny:modern_structural:C	modern_structural:C	CDD conserved polymerase motif C	316;317;318;319;320;321;322;323;324;325;326;327;328;329;330	cdd:cd23209;cdd:cd23245	0.9667	0.7500	CDD_direct_multi_root	curated_root_transferred
f.0241.base-Beny	cdd_transfer:rvmt_broad::f.0241.base-Beny:modern_structural:A	modern_structural:A	CDD conserved polymerase motif A	206;207;208;209;210;211;212;213;214;215;216;217;218;219;220	cdd:cd23209;cdd:cd23254	1.0000	0.7222	CDD_direct_multi_root	curated_root_transferred
f.0241.base-Beny	cdd_transfer:rvmt_broad::f.0241.base-Beny:modern_structural:B	modern_structural:B	CDD conserved polymerase motif B	266;267;268;269;270;271;272;273;274;275;276;277;278;279;280;281;282;283;284;285;286;287;288;289	cdd:cd23209;cdd:cd23254;cdd:cd23260	1.0000	0.6435	CDD_direct_multi_root	curated_root_transferred
f.0241.base-Beny	cdd_transfer:rvmt_broad::f.0241.base-Beny:modern_structural:C	modern_structural:C	CDD conserved polymerase motif C	295;296;297;298;299;300;301;302;303;304;305;306;307;308;309	cdd:cd23209;cdd:cd23254;cdd:cd23260	0.9556	0.6204	CDD_direct_multi_root	curated_root_transferred
f.0242.base-Beny	cdd_transfer:rvmt_broad::f.0242.base-Beny:modern_structural:A	modern_structural:A	CDD conserved polymerase motif A	204;205;206;207;208;209;210;211;212;213;214;215;216;217;218	cdd:cd23209;cdd:cd23254;cdd:cd23258	0.9333	0.6222	CDD_direct_multi_root	curated_root_transferred
f.0242.base-Beny	cdd_transfer:rvmt_broad::f.0242.base-Beny:modern_structural:B	modern_structural:B	CDD conserved polymerase motif B	284;285;286;287;288;289;290;291;292;293;294;295;296;297;298;299;300;301;302;303;304;305;306;307	cdd:cd23209;cdd:cd23254;cdd:cd23258	1.0000	0.7011	CDD_direct_multi_root	curated_root_transferred
f.0242.base-Beny	cdd_transfer:rvmt_broad::f.0242.base-Beny:modern_structural:C	modern_structural:C	CDD conserved polymerase motif C	313;314;315;316;317;318;319;320;321;322;323;324;325;326	cdd:cd23209;cdd:cd23254;cdd:cd23258	0.9333	0.7672	CDD_direct_multi_root	curated_root_transferred
f.0243.base-Matona	cdd_transfer:rvmt_broad::f.0243.base-Matona:modern_structural:A	modern_structural:A	CDD conserved polymerase motif A	212;213;214;215;216;217;218;219;220;221;222;223;224;225;226	cdd:cd23173;cdd:cd23182;cdd:cd23208;cdd:cd23209;cdd:cd23245;cdd:cd23247;cdd:cd23249;cdd:cd23251;cdd:cd23253;cdd:cd23254;cdd:cd23255;cdd:cd23259;cdd:cd23260	1.0000	0.6524	CDD_direct_multi_root	curated_root_transferred
f.0243.base-Matona	cdd_transfer:rvmt_broad::f.0243.base-Matona:modern_structural:B	modern_structural:B	CDD conserved polymerase motif B	272;273;274;275;276;277;278;279;280;281;282;283;284;285;286;287;288;289;290;291;292;293;294;295	cdd:cd23247;cdd:cd23254;cdd:cd23257;cdd:cd23259	1.0000	0.7292	CDD_direct_multi_root	curated_root_transferred
f.0244.base-Matona	cdd_transfer:rvmt_broad::f.0244.base-Matona:modern_structural:A	modern_structural:A	CDD conserved polymerase motif A	210;211;212;213;214;215;216;217;218;219;220;221;222;223;224	cdd:cd23208;cdd:cd23209;cdd:cd23245;cdd:cd23249;cdd:cd23251;cdd:cd23253;cdd:cd23254;cdd:cd23255;cdd:cd23257;cdd:cd23259;cdd:cd23260	1.0000	0.6515	CDD_direct_multi_root	curated_root_transferred
f.0244.base-Matona	cdd_transfer:rvmt_broad::f.0244.base-Matona:modern_structural:B	modern_structural:B	CDD conserved polymerase motif B	280;281;282;283;284;285;286;287;288;289;290;291;292;293;294;295;296;297;298;299;300;301;302;303	cdd:cd23245;cdd:cd23249;cdd:cd23253;cdd:cd23254;cdd:cd23255;cdd:cd23257;cdd:cd23259;cdd:cd23260	1.0000	0.8520	CDD_direct_multi_root	curated_root_transferred
f.0244.base-Matona	cdd_transfer:rvmt_broad::f.0244.base-Matona:modern_structural:C	modern_structural:C	CDD conserved polymerase motif C	309;310;311;312;313;314;315;316;317;318;319;320;321;322;323	cdd:cd23209;cdd:cd23245;cdd:cd23251;cdd:cd23253;cdd:cd23254;cdd:cd23259;cdd:cd23260	0.9810	0.8087	CDD_direct_multi_root	curated_root_transferred
f.0245.base-Matona	cdd_transfer:rvmt_broad::f.0245.base-Matona:modern_structural:A	modern_structural:A	CDD conserved polymerase motif A	231;235;236;237;238;239;240;241;242;243;244;245;246;247;248	cdd:cd23182;cdd:cd23207;cdd:cd23208;cdd:cd23209;cdd:cd23245;cdd:cd23246;cdd:cd23251;cdd:cd23253;cdd:cd23254;cdd:cd23257;cdd:cd23259;cdd:cd23260	0.9889	0.7174	CDD_direct_multi_root	curated_root_transferred
f.0245.base-Matona	cdd_transfer:rvmt_broad::f.0245.base-Matona:modern_structural:B	modern_structural:B	CDD conserved polymerase motif B	299;300;301;302;303;304;305;306;307;308;309;310;311;312;313;314;315;316;317;318;319;320;321;322	cdd:cd23182;cdd:cd23245;cdd:cd23246;cdd:cd23253;cdd:cd23254;cdd:cd23259;cdd:cd23260	0.9938	0.8487	CDD_direct_multi_root	curated_root_transferred
f.0245.base-Matona	cdd_transfer:rvmt_broad::f.0245.base-Matona:modern_structural:C	modern_structural:C	CDD conserved polymerase motif C	328;329;330;331;332;333;334;335;336;337;338;339;340;341	cdd:cd23182;cdd:cd23208;cdd:cd23209;cdd:cd23246;cdd:cd23251;cdd:cd23253;cdd:cd23259;cdd:cd23260	0.9065	0.7936	CDD_direct_multi_root	curated_root_transferred
f.0246.base-Matona	cdd_transfer:rvmt_broad::f.0246.base-Matona:modern_structural:A	modern_structural:A	CDD conserved polymerase motif A	208;209;210;211;212;213;214;215;216;217;218;219;220;221;222	cdd:cd23209;cdd:cd23253;cdd:cd23255;cdd:cd23257;cdd:cd23259;cdd:cd23260	1.0000	0.7708	CDD_direct_multi_root	curated_root_transferred
f.0246.base-Matona	cdd_transfer:rvmt_broad::f.0246.base-Matona:modern_structural:B	modern_structural:B	CDD conserved polymerase motif B	268;269;270;271;272;273;274;275;276;277;278;279;280;281;282;283;284;285;286;287;288;289;290;291	cdd:cd23208;cdd:cd23209;cdd:cd23249;cdd:cd23251;cdd:cd23253;cdd:cd23254;cdd:cd23255;cdd:cd23257;cdd:cd23258;cdd:cd23259;cdd:cd23260	1.0000	0.7635	CDD_direct_multi_root	curated_root_transferred
f.0246.base-Matona	cdd_transfer:rvmt_broad::f.0246.base-Matona:modern_structural:C	modern_structural:C	CDD conserved polymerase motif C	297;298;299;300;301;302;303;304;305;306;307;308;309;310;311	cdd:cd23209;cdd:cd23259	0.9333	0.8036	CDD_direct_multi_root	curated_root_transferred
f.0247.base-Matona	cdd_transfer:rvmt_broad::f.0247.base-Matona:modern_structural:A	modern_structural:A	CDD conserved polymerase motif A	203;204;205;206;207;208;209;210;211;212;213;214;215;216;217	cdd:cd23182;cdd:cd23207;cdd:cd23208;cdd:cd23209;cdd:cd23245;cdd:cd23249;cdd:cd23251;cdd:cd23253;cdd:cd23254;cdd:cd23255;cdd:cd23259;cdd:cd23260	1.0000	0.7684	CDD_direct_multi_root	curated_root_transferred
f.0247.base-Matona	cdd_transfer:rvmt_broad::f.0247.base-Matona:modern_structural:B	modern_structural:B	CDD conserved polymerase motif B	263;264;265;266;267;268;269;270;271;272;273;274;275;276;277;278;279;280;281;282;283;284;285;286	cdd:cd23182;cdd:cd23207;cdd:cd23208;cdd:cd23209;cdd:cd23245;cdd:cd23249;cdd:cd23251;cdd:cd23253;cdd:cd23254;cdd:cd23255;cdd:cd23259;cdd:cd23260	1.0000	0.7919	CDD_direct_multi_root	curated_root_transferred
f.0247.base-Matona	cdd_transfer:rvmt_broad::f.0247.base-Matona:modern_structural:C	modern_structural:C	CDD conserved polymerase motif C	292;293;294;295;296;297;298;299;300;301;302;303;304;305;306	cdd:cd23182;cdd:cd23207;cdd:cd23208;cdd:cd23209;cdd:cd23245;cdd:cd23249;cdd:cd23251;cdd:cd23253;cdd:cd23254;cdd:cd23255;cdd:cd23259;cdd:cd23260	0.9552	0.6934	CDD_direct_multi_root	curated_root_transferred
f.0248.base-Matona	cdd_transfer:rvmt_broad::f.0248.base-Matona:modern_structural:A	modern_structural:A	CDD conserved polymerase motif A	208;209;210;211;212;213;214;215;216;217;218;219;220;221;222	cdd:cd23209;cdd:cd23255;cdd:cd23258;cdd:cd23259	1.0000	0.5845	CDD_direct_multi_root	curated_root_transferred
f.0248.base-Matona	cdd_transfer:rvmt_broad::f.0248.base-Matona:modern_structural:B	modern_structural:B	CDD conserved polymerase motif B	268;269;270;271;272;273;274;275;276;277;278;279;280;281;282;283;284;285;286;287;288;289;290;291	cdd:cd23209;cdd:cd23255;cdd:cd23259	1.0000	0.5623	CDD_direct_multi_root	curated_root_transferred
f.0248.base-Matona	cdd_transfer:rvmt_broad::f.0248.base-Matona:modern_structural:C	modern_structural:C	CDD conserved polymerase motif C	297;298;299;300;301;302;303;304;305;306;307;308;309;310	cdd:cd23255;cdd:cd23258;cdd:cd23259	0.9333	0.8258	CDD_direct_multi_root	curated_root_transferred
f.0250	cdd_transfer:rvmt_broad::f.0250:modern_structural:A	modern_structural:A	CDD conserved polymerase motif A	207;208;209;210;211;212;213;214;215;216;217;218;219;220;221	cdd:cd23182;cdd:cd23208;cdd:cd23209;cdd:cd23245;cdd:cd23250;cdd:cd23251;cdd:cd23253;cdd:cd23254;cdd:cd23255;cdd:cd23256	0.9933	0.6875	CDD_direct_multi_root	curated_root_transferred
f.0250	cdd_transfer:rvmt_broad::f.0250:modern_structural:B	modern_structural:B	CDD conserved polymerase motif B	269;270;271;272;273;274;275;276;277;278;279;280;281;282;283;284;285;286;287;288;289;290;291;292	cdd:cd23182;cdd:cd23208;cdd:cd23209;cdd:cd23245;cdd:cd23250;cdd:cd23251;cdd:cd23253;cdd:cd23254;cdd:cd23255;cdd:cd23256	0.9958	0.7007	CDD_direct_multi_root	curated_root_transferred
f.0250	cdd_transfer:rvmt_broad::f.0250:modern_structural:C	modern_structural:C	CDD conserved polymerase motif C	303;304;305;306;307;308;309;310;311;312;313;314;315;316;317	cdd:cd23182;cdd:cd23208;cdd:cd23209;cdd:cd23245;cdd:cd23250;cdd:cd23253;cdd:cd23254;cdd:cd23256	0.9333	0.6608	CDD_direct_multi_root	curated_root_transferred
f.0252.base-Kita	cdd_transfer:rvmt_broad::f.0252.base-Kita:modern_structural:A	modern_structural:A	CDD conserved polymerase motif A	213;214;215;216;217;218;219;220;221;222;223;224;225;226;227	cdd:cd23208;cdd:cd23209;cdd:cd23245;cdd:cd23247;cdd:cd23249;cdd:cd23250;cdd:cd23251;cdd:cd23252;cdd:cd23253;cdd:cd23254;cdd:cd23255;cdd:cd23256;cdd:cd23259	1.0000	0.8750	CDD_direct_multi_root	curated_root_transferred
f.0252.base-Kita	cdd_transfer:rvmt_broad::f.0252.base-Kita:modern_structural:B	modern_structural:B	CDD conserved polymerase motif B	275;276;277;278;279;280;281;282;283;284;285;286;287;288;289;290;291;292;293;294;295;296;297;298	cdd:cd23208;cdd:cd23245;cdd:cd23247;cdd:cd23249;cdd:cd23250;cdd:cd23251;cdd:cd23252;cdd:cd23253;cdd:cd23254;cdd:cd23256;cdd:cd23259	1.0000	0.8877	CDD_direct_multi_root	curated_root_transferred
f.0252.base-Kita	cdd_transfer:rvmt_broad::f.0252.base-Kita:modern_structural:C	modern_structural:C	CDD conserved polymerase motif C	310;311;312;313;314;315;316;317;318;319;320;321;322;323;324	cdd:cd23182;cdd:cd23209;cdd:cd23245;cdd:cd23250;cdd:cd23251;cdd:cd23253;cdd:cd23254;cdd:cd23256;cdd:cd23259	0.9926	0.8425	CDD_direct_multi_root	curated_root_transferred
f.0253.base-Kita	cdd_transfer:rvmt_broad::f.0253.base-Kita:modern_structural:A	modern_structural:A	CDD conserved polymerase motif A	217;218;219;220;221;222;223;224;225;226;227;228;229;230;231	cdd:cd23182;cdd:cd23207;cdd:cd23208;cdd:cd23209;cdd:cd23245;cdd:cd23246;cdd:cd23247;cdd:cd23249;cdd:cd23250;cdd:cd23251;cdd:cd23252;cdd:cd23253;cdd:cd23254;cdd:cd23255;cdd:cd23256;cdd:cd23259	1.0000	0.8339	CDD_direct_multi_root	curated_root_transferred
f.0253.base-Kita	cdd_transfer:rvmt_broad::f.0253.base-Kita:modern_structural:B	modern_structural:B	CDD conserved polymerase motif B	279;280;281;282;283;284;285;286;287;288;289;290;291;292;293;294;295;296;297;298;299;300;301;302	cdd:cd23182;cdd:cd23207;cdd:cd23208;cdd:cd23209;cdd:cd23245;cdd:cd23246;cdd:cd23247;cdd:cd23248;cdd:cd23249;cdd:cd23250;cdd:cd23251;cdd:cd23252;cdd:cd23253;cdd:cd23254;cdd:cd23255;cdd:cd23256;cdd:cd23258;cdd:cd23259	1.0000	0.8296	CDD_direct_multi_root	curated_root_transferred
f.0254	cdd_transfer:rvmt_broad::f.0254:modern_structural:A	modern_structural:A	CDD conserved polymerase motif A	223;224;225;226;227;228;229;230;231;232;233;234;235;236;237	cdd:cd23182;cdd:cd23207;cdd:cd23208;cdd:cd23209;cdd:cd23245;cdd:cd23250;cdd:cd23251;cdd:cd23252;cdd:cd23253;cdd:cd23254;cdd:cd23255;cdd:cd23256	1.0000	0.8148	CDD_direct_multi_root	curated_root_transferred
f.0254	cdd_transfer:rvmt_broad::f.0254:modern_structural:B	modern_structural:B	CDD conserved polymerase motif B	285;286;287;288;289;290;291;292;293;294;295;296;297;298;299;300;301;302;303;304;305;306;307;308	cdd:cd23182;cdd:cd23207;cdd:cd23208;cdd:cd23209;cdd:cd23245;cdd:cd23250;cdd:cd23251;cdd:cd23252;cdd:cd23253;cdd:cd23254;cdd:cd23255;cdd:cd23256	1.0000	0.8191	CDD_direct_multi_root	curated_root_transferred
f.0254	cdd_transfer:rvmt_broad::f.0254:modern_structural:C	modern_structural:C	CDD conserved polymerase motif C	339;340;341;342;343;344;345;346;347;348;349;350;351;352;353	cdd:cd23182;cdd:cd23208;cdd:cd23209;cdd:cd23245;cdd:cd23250;cdd:cd23251;cdd:cd23252;cdd:cd23253;cdd:cd23254;cdd:cd23256	0.9729	0.8354	CDD_direct_multi_root	curated_root_transferred
f.0255	cdd_transfer:rvmt_broad::f.0255:modern_structural:A	modern_structural:A	CDD conserved polymerase motif A	210;211;212;213;214;215;216;217;218;219;220;221;222;223;224	cdd:cd23173;cdd:cd23182;cdd:cd23207;cdd:cd23208;cdd:cd23209;cdd:cd23245;cdd:cd23246;cdd:cd23249;cdd:cd23250;cdd:cd23251;cdd:cd23252;cdd:cd23253;cdd:cd23254;cdd:cd23255;cdd:cd23256;cdd:cd23259;cdd:cd23260	1.0000	0.8175	CDD_direct_multi_root	curated_root_transferred
f.0255	cdd_transfer:rvmt_broad::f.0255:modern_structural:B	modern_structural:B	CDD conserved polymerase motif B	272;273;274;275;276;277;278;279;280;281;282;283;284;285;286;287;288;289;290;291;292;293;294;295	cdd:cd23173;cdd:cd23182;cdd:cd23208;cdd:cd23245;cdd:cd23246;cdd:cd23249;cdd:cd23250;cdd:cd23251;cdd:cd23252;cdd:cd23253;cdd:cd23254;cdd:cd23255;cdd:cd23256;cdd:cd23259;cdd:cd23260	0.9917	0.8638	CDD_direct_multi_root	curated_root_transferred
f.0255	cdd_transfer:rvmt_broad::f.0255:modern_structural:C	modern_structural:C	CDD conserved polymerase motif C	301;302;303;304;305;306;307;308;309;310;311;312;313;314;315	cdd:cd23173;cdd:cd23209;cdd:cd23246;cdd:cd23250;cdd:cd23252;cdd:cd23254;cdd:cd23259;cdd:cd23260	0.9917	0.7894	CDD_direct_multi_root	curated_root_transferred
f.0256	cdd_transfer:rvmt_broad::f.0256:modern_structural:A	modern_structural:A	CDD conserved polymerase motif A	212;213;214;215;216;217;218;219;220;221;222;223;224;225;226	cdd:cd23182;cdd:cd23207;cdd:cd23208;cdd:cd23209;cdd:cd23245;cdd:cd23246;cdd:cd23249;cdd:cd23250;cdd:cd23251;cdd:cd23252;cdd:cd23253;cdd:cd23254;cdd:cd23255;cdd:cd23256;cdd:cd23259	1.0000	0.8372	CDD_direct_multi_root	curated_root_transferred
f.0256	cdd_transfer:rvmt_broad::f.0256:modern_structural:B	modern_structural:B	CDD conserved polymerase motif B	274;275;276;277;278;279;280;281;282;283;284;285;286;287;288;289;290;291;292;293;294;295;296;297	cdd:cd23245;cdd:cd23246;cdd:cd23248;cdd:cd23249;cdd:cd23250;cdd:cd23251;cdd:cd23252;cdd:cd23253;cdd:cd23254;cdd:cd23256;cdd:cd23259	1.0000	0.8189	CDD_direct_multi_root	curated_root_transferred
f.0256	cdd_transfer:rvmt_broad::f.0256:modern_structural:C	modern_structural:C	CDD conserved polymerase motif C	303;304;305;306;307;308;309;310;311;312;313;314;315;316;317	cdd:cd23209;cdd:cd23245;cdd:cd23250;cdd:cd23251;cdd:cd23254;cdd:cd23256;cdd:cd23259	0.9714	0.8546	CDD_direct_multi_root	curated_root_transferred
f.0257	cdd_transfer:rvmt_broad::f.0257:modern_structural:A	modern_structural:A	CDD conserved polymerase motif A	136;137;138;139;140;141;142;143;144;145;146;147;148;149;150	cdd:cd23182;cdd:cd23208;cdd:cd23209;cdd:cd23250;cdd:cd23251;cdd:cd23252;cdd:cd23253;cdd:cd23254;cdd:cd23255;cdd:cd23256;cdd:cd23259	1.0000	0.8599	CDD_direct_multi_root	curated_root_transferred
f.0257	cdd_transfer:rvmt_broad::f.0257:modern_structural:B	modern_structural:B	CDD conserved polymerase motif B	198;199;200;201;202;203;204;205;206;207;208;209;210;211;212;213;214;215;216;217;218;219;220;221	cdd:cd23182;cdd:cd23208;cdd:cd23209;cdd:cd23250;cdd:cd23251;cdd:cd23252;cdd:cd23253;cdd:cd23254;cdd:cd23255;cdd:cd23256;cdd:cd23259	0.9924	0.7570	CDD_direct_multi_root	curated_root_transferred
f.0257	cdd_transfer:rvmt_broad::f.0257:modern_structural:C	modern_structural:C	CDD conserved polymerase motif C	228;229;230;231;232;233;234;235;236;237;238;239;240;241;242	cdd:cd23182;cdd:cd23209;cdd:cd23250;cdd:cd23251;cdd:cd23252;cdd:cd23253;cdd:cd23254;cdd:cd23255;cdd:cd23256;cdd:cd23259	0.9657	0.7310	CDD_direct_multi_root	curated_root_transferred
f.0258.base-Toga	cdd_transfer:rvmt_broad::f.0258.base-Toga:modern_structural:A	modern_structural:A	CDD conserved polymerase motif A	217;218;219;220;221;222;223;224;225;226;227;228;229;230;231	cdd:cd23252;cdd:cd23253;cdd:cd23254	1.0000	0.8843	CDD_direct_multi_root	curated_root_transferred
f.0258.base-Toga	cdd_transfer:rvmt_broad::f.0258.base-Toga:modern_structural:B	modern_structural:B	CDD conserved polymerase motif B	279;280;281;282;283;284;285;286;287;288;289;290;291;292;293;294;295;296;297;298;299;300;301;302	cdd:cd23252;cdd:cd23253;cdd:cd23254;cdd:cd23256	1.0000	0.6859	CDD_direct_multi_root	curated_root_transferred
f.0258.base-Toga	cdd_transfer:rvmt_broad::f.0258.base-Toga:modern_structural:C	modern_structural:C	CDD conserved polymerase motif C	310;311;312;313;314;315;316;317;318;319;320;321;322;323;324	cdd:cd23252;cdd:cd23256	1.0000	0.6875	CDD_direct_multi_root	curated_root_transferred
f.0259.base-Toga	cdd_transfer:rvmt_broad::f.0259.base-Toga:modern_structural:A	modern_structural:A	CDD conserved polymerase motif A	213;214;215;216;217;218;219;220;221;222;223;224;225;226;227	cdd:cd23208;cdd:cd23250;cdd:cd23251;cdd:cd23252;cdd:cd23253;cdd:cd23254;cdd:cd23255;cdd:cd23256	1.0000	0.8492	CDD_direct_multi_root	curated_root_transferred
f.0259.base-Toga	cdd_transfer:rvmt_broad::f.0259.base-Toga:modern_structural:B	modern_structural:B	CDD conserved polymerase motif B	275;276;277;278;279;280;281;282;283;284;285;286;287;288;289;290;291;292;293;294;295;296;297;298	cdd:cd23250;cdd:cd23251;cdd:cd23252;cdd:cd23253;cdd:cd23254;cdd:cd23255;cdd:cd23256	0.9702	0.7602	CDD_direct_multi_root	curated_root_transferred
f.0259.base-Toga	cdd_transfer:rvmt_broad::f.0259.base-Toga:modern_structural:C	modern_structural:C	CDD conserved polymerase motif C	304;305;306;307;308;309;310;311;312;313;314;315;316;317;318	cdd:cd23208;cdd:cd23250;cdd:cd23251;cdd:cd23252;cdd:cd23253;cdd:cd23254;cdd:cd23255;cdd:cd23256	0.9667	0.8421	CDD_direct_multi_root	curated_root_transferred
f.0260.base-Toga	cdd_transfer:rvmt_broad::f.0260.base-Toga:modern_structural:A	modern_structural:A	CDD conserved polymerase motif A	216;217;218;219;220;221;222;223;224;225;226;227;228;229;230	cdd:cd23182;cdd:cd23208;cdd:cd23209;cdd:cd23250;cdd:cd23251;cdd:cd23252;cdd:cd23253;cdd:cd23254;cdd:cd23255;cdd:cd23256	1.0000	0.8393	CDD_direct_multi_root	curated_root_transferred
f.0260.base-Toga	cdd_transfer:rvmt_broad::f.0260.base-Toga:modern_structural:B	modern_structural:B	CDD conserved polymerase motif B	277;278;279;280;281;282;283;284;285;286;287;288;289;290;291;292;293;294;295;296;297;298;299;300	cdd:cd23182;cdd:cd23208;cdd:cd23209;cdd:cd23250;cdd:cd23251;cdd:cd23252;cdd:cd23253;cdd:cd23254;cdd:cd23255;cdd:cd23256	1.0000	0.6959	CDD_direct_multi_root	curated_root_transferred
f.0260.base-Toga	cdd_transfer:rvmt_broad::f.0260.base-Toga:modern_structural:C	modern_structural:C	CDD conserved polymerase motif C	306;307;308;309;310;311;312;313;314;315;316;317;318;319;320	cdd:cd23182;cdd:cd23208;cdd:cd23209;cdd:cd23250;cdd:cd23251;cdd:cd23252;cdd:cd23253;cdd:cd23254;cdd:cd23256	0.9619	0.8501	CDD_direct_multi_root	curated_root_transferred
f.0261.base-Toga	cdd_transfer:rvmt_broad::f.0261.base-Toga:modern_structural:A	modern_structural:A	CDD conserved polymerase motif A	219;220;221;222;223;224;225;226;227;228;229;230;231;232;233	cdd:cd23182;cdd:cd23208;cdd:cd23209;cdd:cd23250;cdd:cd23251;cdd:cd23252;cdd:cd23253;cdd:cd23254;cdd:cd23255;cdd:cd23256;cdd:cd23259	1.0000	0.8706	CDD_direct_multi_root	curated_root_transferred
f.0261.base-Toga	cdd_transfer:rvmt_broad::f.0261.base-Toga:modern_structural:B	modern_structural:B	CDD conserved polymerase motif B	281;282;283;284;285;286;287;288;289;290;291;292;293;294;295;296;297;298;299;300;301;302;303;304	cdd:cd23182;cdd:cd23208;cdd:cd23209;cdd:cd23250;cdd:cd23251;cdd:cd23252;cdd:cd23253;cdd:cd23254;cdd:cd23255;cdd:cd23256;cdd:cd23259	0.9924	0.7949	CDD_direct_multi_root	curated_root_transferred
f.0261.base-Toga	cdd_transfer:rvmt_broad::f.0261.base-Toga:modern_structural:C	modern_structural:C	CDD conserved polymerase motif C	310;311;312;313;314;315;316;317;318;319;320;321;322;323;324	cdd:cd23182;cdd:cd23208;cdd:cd23209;cdd:cd23250;cdd:cd23251;cdd:cd23252;cdd:cd23253;cdd:cd23254;cdd:cd23255;cdd:cd23256;cdd:cd23259	0.9939	0.8681	CDD_direct_multi_root	curated_root_transferred
f.0262.base-Toga	cdd_transfer:rvmt_broad::f.0262.base-Toga:modern_structural:A	modern_structural:A	CDD conserved polymerase motif A	220;221;222;223;224;225;226;227;228;229;230;231;232;233;234	cdd:cd23208;cdd:cd23209;cdd:cd23245;cdd:cd23250;cdd:cd23251;cdd:cd23252;cdd:cd23253;cdd:cd23254;cdd:cd23255;cdd:cd23256;cdd:cd23259	1.0000	0.8864	CDD_direct_multi_root	curated_root_transferred
f.0262.base-Toga	cdd_transfer:rvmt_broad::f.0262.base-Toga:modern_structural:B	modern_structural:B	CDD conserved polymerase motif B	282;283;284;285;286;287;288;289;290;291;292;293;294;295;296;297;298;299;300;301;302;303;304;305	cdd:cd23208;cdd:cd23209;cdd:cd23245;cdd:cd23250;cdd:cd23251;cdd:cd23252;cdd:cd23253;cdd:cd23254;cdd:cd23255;cdd:cd23256;cdd:cd23259	1.0000	0.7582	CDD_direct_multi_root	curated_root_transferred
f.0262.base-Toga	cdd_transfer:rvmt_broad::f.0262.base-Toga:modern_structural:C	modern_structural:C	CDD conserved polymerase motif C	313;314;315;316;317;318;319;320;321;322;323;324;325;326;327	cdd:cd23208;cdd:cd23209;cdd:cd23245;cdd:cd23250;cdd:cd23251;cdd:cd23252;cdd:cd23253;cdd:cd23254;cdd:cd23256;cdd:cd23259	0.9867	0.8438	CDD_direct_multi_root	curated_root_transferred
f.0263.base-Toga	cdd_transfer:rvmt_broad::f.0263.base-Toga:modern_structural:A	modern_structural:A	CDD conserved polymerase motif A	215;216;217;218;219;220;221;222;223;224;225;226;227;228;229	cdd:cd23179;cdd:cd23182;cdd:cd23208;cdd:cd23209;cdd:cd23245;cdd:cd23246;cdd:cd23250;cdd:cd23251;cdd:cd23252;cdd:cd23253;cdd:cd23254;cdd:cd23255;cdd:cd23256;cdd:cd23259	1.0000	0.8302	CDD_direct_multi_root	curated_root_transferred
f.0263.base-Toga	cdd_transfer:rvmt_broad::f.0263.base-Toga:modern_structural:B	modern_structural:B	CDD conserved polymerase motif B	277;278;279;280;281;282;283;284;285;286;287;288;289;290;291;292;293;294;295;296;297;298;299;300	cdd:cd23179;cdd:cd23182;cdd:cd23208;cdd:cd23209;cdd:cd23245;cdd:cd23246;cdd:cd23250;cdd:cd23251;cdd:cd23252;cdd:cd23253;cdd:cd23254;cdd:cd23255;cdd:cd23256;cdd:cd23259	1.0000	0.8341	CDD_direct_multi_root	curated_root_transferred
f.0263.base-Toga	cdd_transfer:rvmt_broad::f.0263.base-Toga:modern_structural:C	modern_structural:C	CDD conserved polymerase motif C	306;307;308;309;310;311;312;313;314;315;316;317;318;319;320	cdd:cd23182;cdd:cd23209;cdd:cd23246;cdd:cd23250;cdd:cd23252;cdd:cd23253;cdd:cd23256;cdd:cd23259	0.9827	0.8090	CDD_direct_multi_root	curated_root_transferred
f.0264.base-Toga	cdd_transfer:rvmt_broad::f.0264.base-Toga:modern_structural:A	modern_structural:A	CDD conserved polymerase motif A	213;214;215;216;217;218;219;220;221;222;223;224;225;226;227	cdd:cd23173;cdd:cd23182;cdd:cd23208;cdd:cd23209;cdd:cd23250;cdd:cd23251;cdd:cd23252;cdd:cd23253;cdd:cd23254;cdd:cd23255;cdd:cd23256	1.0000	0.7843	CDD_direct_multi_root	curated_root_transferred
f.0264.base-Toga	cdd_transfer:rvmt_broad::f.0264.base-Toga:modern_structural:B	modern_structural:B	CDD conserved polymerase motif B	275;276;277;278;279;280;281;282;283;284;285;286;287;288;289;290;291;292;293;294;295;296;297;298	cdd:cd23208;cdd:cd23209;cdd:cd23250;cdd:cd23251;cdd:cd23252;cdd:cd23253;cdd:cd23254;cdd:cd23255;cdd:cd23256	1.0000	0.8320	CDD_direct_multi_root	curated_root_transferred
f.0265.base-Toga	cdd_transfer:rvmt_broad::f.0265.base-Toga:modern_structural:A	modern_structural:A	CDD conserved polymerase motif A	180;181;182;183;184;185;186;187;188;189;190;191;192;193;194	cdd:cd23179;cdd:cd23182;cdd:cd23208;cdd:cd23251;cdd:cd23252;cdd:cd23253;cdd:cd23254;cdd:cd23255;cdd:cd23256	1.0000	0.8801	CDD_direct_multi_root	curated_root_transferred
f.0265.base-Toga	cdd_transfer:rvmt_broad::f.0265.base-Toga:modern_structural:B	modern_structural:B	CDD conserved polymerase motif B	243;244;245;246;247;248;249;250;251;252;253;254;255;256;257;258;259;260;261;262;263;264;265;266	cdd:cd23179;cdd:cd23182;cdd:cd23208;cdd:cd23252;cdd:cd23253;cdd:cd23254;cdd:cd23255;cdd:cd23256	0.9896	0.6946	CDD_direct_multi_root	curated_root_transferred
f.0265.base-Toga	cdd_transfer:rvmt_broad::f.0265.base-Toga:modern_structural:C	modern_structural:C	CDD conserved polymerase motif C	272;273;274;275;278;279;280;281;282;283;284;285;286;287;288	cdd:cd23179;cdd:cd23251;cdd:cd23252;cdd:cd23253;cdd:cd23254;cdd:cd23255;cdd:cd23256	0.9898	0.7536	CDD_direct_multi_root	curated_root_transferred
f.0266.base-Toga	cdd_transfer:rvmt_broad::f.0266.base-Toga:modern_structural:A	modern_structural:A	CDD conserved polymerase motif A	219;220;221;222;223;224;225;226;227;228;229;230;231;232;233	cdd:cd23182;cdd:cd23208;cdd:cd23250;cdd:cd23251;cdd:cd23252;cdd:cd23253;cdd:cd23254;cdd:cd23255;cdd:cd23256	1.0000	0.8354	CDD_direct_multi_root	curated_root_transferred
f.0266.base-Toga	cdd_transfer:rvmt_broad::f.0266.base-Toga:modern_structural:B	modern_structural:B	CDD conserved polymerase motif B	281;282;283;284;285;286;287;288;289;290;291;292;293;294;295;296;297;298;299;300;301;302;303;304	cdd:cd23182;cdd:cd23250;cdd:cd23252;cdd:cd23253;cdd:cd23254;cdd:cd23256	1.0000	0.8419	CDD_direct_multi_root	curated_root_transferred
f.0266.base-Toga	cdd_transfer:rvmt_broad::f.0266.base-Toga:modern_structural:C	modern_structural:C	CDD conserved polymerase motif C	312;313;314;315;316;317;318;319;320;321;322;323;324;325;326	cdd:cd23182;cdd:cd23250;cdd:cd23251;cdd:cd23252;cdd:cd23253;cdd:cd23256	0.9762	0.7221	CDD_direct_multi_root	curated_root_transferred
f.0267.base-Toga	cdd_transfer:rvmt_broad::f.0267.base-Toga:modern_structural:A	modern_structural:A	CDD conserved polymerase motif A	220;221;222;223;224;225;226;227;228;229;230;231;232;233;234	cdd:cd23208;cdd:cd23209;cdd:cd23250;cdd:cd23251;cdd:cd23252;cdd:cd23253;cdd:cd23254;cdd:cd23255;cdd:cd23256	1.0000	0.8128	CDD_direct_multi_root	curated_root_transferred
f.0267.base-Toga	cdd_transfer:rvmt_broad::f.0267.base-Toga:modern_structural:B	modern_structural:B	CDD conserved polymerase motif B	282;283;284;285;286;287;288;289;290;291;292;293;294;295;296;297;298;299;300;301;302;303;304;305	cdd:cd23208;cdd:cd23209;cdd:cd23250;cdd:cd23251;cdd:cd23252;cdd:cd23253;cdd:cd23254;cdd:cd23255;cdd:cd23256	0.9954	0.7624	CDD_direct_multi_root	curated_root_transferred
f.0267.base-Toga	cdd_transfer:rvmt_broad::f.0267.base-Toga:modern_structural:C	modern_structural:C	CDD conserved polymerase motif C	313;314;315;316;317;318;319;320;321;322;323;324;325;326;327	cdd:cd23208;cdd:cd23209;cdd:cd23250;cdd:cd23251;cdd:cd23252;cdd:cd23253;cdd:cd23254;cdd:cd23255;cdd:cd23256	0.9778	0.7932	CDD_direct_multi_root	curated_root_transferred
f.0268.base-Toga	cdd_transfer:rvmt_broad::f.0268.base-Toga:modern_structural:A	modern_structural:A	CDD conserved polymerase motif A	227;228;229;230;231;232;233;234;235;236;237;238;239;240;241	cdd:cd23182;cdd:cd23208;cdd:cd23209;cdd:cd23250;cdd:cd23251;cdd:cd23252;cdd:cd23253;cdd:cd23254;cdd:cd23255;cdd:cd23256	1.0000	0.8150	CDD_direct_multi_root	curated_root_transferred
f.0268.base-Toga	cdd_transfer:rvmt_broad::f.0268.base-Toga:modern_structural:B	modern_structural:B	CDD conserved polymerase motif B	289;290;291;292;293;294;295;296;297;298;299;300;301;302;303;304;305;306;307;308;309;310;311;312	cdd:cd23182;cdd:cd23208;cdd:cd23209;cdd:cd23250;cdd:cd23251;cdd:cd23252;cdd:cd23253;cdd:cd23254;cdd:cd23255;cdd:cd23256	0.9875	0.8495	CDD_direct_multi_root	curated_root_transferred
f.0268.base-Toga	cdd_transfer:rvmt_broad::f.0268.base-Toga:modern_structural:C	modern_structural:C	CDD conserved polymerase motif C	317;318;319;320;321;322;323;324;325;326;327;328;329;330;331	cdd:cd23182;cdd:cd23208;cdd:cd23209;cdd:cd23250;cdd:cd23251;cdd:cd23252;cdd:cd23253;cdd:cd23254;cdd:cd23256	0.9619	0.8789	CDD_direct_multi_root	curated_root_transferred
f.0269.base-Toga	cdd_transfer:rvmt_broad::f.0269.base-Toga:modern_structural:A	modern_structural:A	CDD conserved polymerase motif A	216;217;218;219;220;221;222;223;224;225;226;227;228;229;230	cdd:cd23182;cdd:cd23207;cdd:cd23208;cdd:cd23209;cdd:cd23250;cdd:cd23251;cdd:cd23252;cdd:cd23253;cdd:cd23254;cdd:cd23256;cdd:cd23259;cdd:cd23260	1.0000	0.7280	CDD_direct_multi_root	curated_root_transferred
f.0269.base-Toga	cdd_transfer:rvmt_broad::f.0269.base-Toga:modern_structural:B	modern_structural:B	CDD conserved polymerase motif B	277;278;279;280;281;282;283;284;285;286;287;288;289;290;291;292;293;294;295;296;297;298;299;300	cdd:cd23182;cdd:cd23208;cdd:cd23209;cdd:cd23250;cdd:cd23251;cdd:cd23252;cdd:cd23253;cdd:cd23254;cdd:cd23256;cdd:cd23259;cdd:cd23260	1.0000	0.8291	CDD_direct_multi_root	curated_root_transferred
f.0269.base-Toga	cdd_transfer:rvmt_broad::f.0269.base-Toga:modern_structural:C	modern_structural:C	CDD conserved polymerase motif C	306;307;308;309;310;311;312;313;314;315;316;317;318;319;320	cdd:cd23182;cdd:cd23209;cdd:cd23250;cdd:cd23251;cdd:cd23252;cdd:cd23253;cdd:cd23254;cdd:cd23256;cdd:cd23259;cdd:cd23260	0.9862	0.8785	CDD_direct_multi_root	curated_root_transferred
f.0270.base-Toga	cdd_transfer:rvmt_broad::f.0270.base-Toga:modern_structural:A	modern_structural:A	CDD conserved polymerase motif A	203;204;205;206;207;208;209;210;211;212;213;214;215;216;217	cdd:cd23173;cdd:cd23182;cdd:cd23208;cdd:cd23209;cdd:cd23250;cdd:cd23251;cdd:cd23252;cdd:cd23253;cdd:cd23254;cdd:cd23255;cdd:cd23256	1.0000	0.8317	CDD_direct_multi_root	curated_root_transferred
f.0270.base-Toga	cdd_transfer:rvmt_broad::f.0270.base-Toga:modern_structural:B	modern_structural:B	CDD conserved polymerase motif B	265;266;267;268;269;270;271;272;273;274;275;276;277;278;279;280;281;282;283;284;285;286;287;288	cdd:cd23173;cdd:cd23182;cdd:cd23208;cdd:cd23209;cdd:cd23250;cdd:cd23251;cdd:cd23252;cdd:cd23253;cdd:cd23254;cdd:cd23255;cdd:cd23256	0.9921	0.7297	CDD_direct_multi_root	curated_root_transferred
f.0270.base-Toga	cdd_transfer:rvmt_broad::f.0270.base-Toga:modern_structural:C	modern_structural:C	CDD conserved polymerase motif C	296;297;298;299;300;301;302;303;304;307;308;309;310	cdd:cd23250	0.8667	1.0000	CDD_direct_single_root	curated_root_transferred
f.0271.base-Toga	cdd_transfer:rvmt_broad::f.0271.base-Toga:modern_structural:A	modern_structural:A	CDD conserved polymerase motif A	227;228;229;230;231;232;233;234;235;236;237;238;239;240;241	cdd:cd23208;cdd:cd23209;cdd:cd23245;cdd:cd23249;cdd:cd23250;cdd:cd23251;cdd:cd23252;cdd:cd23253;cdd:cd23254;cdd:cd23255;cdd:cd23256	1.0000	0.9141	CDD_direct_multi_root	curated_root_transferred
f.0271.base-Toga	cdd_transfer:rvmt_broad::f.0271.base-Toga:modern_structural:B	modern_structural:B	CDD conserved polymerase motif B	289;290;291;292;293;294;295;296;297;298;299;300;301;302;303;304;305;306;307;308;309;310;311;312	cdd:cd23182;cdd:cd23245;cdd:cd23249;cdd:cd23250;cdd:cd23252;cdd:cd23253;cdd:cd23254;cdd:cd23255;cdd:cd23256	1.0000	0.9206	CDD_direct_multi_root	curated_root_transferred
f.0271.base-Toga	cdd_transfer:rvmt_broad::f.0271.base-Toga:modern_structural:C	modern_structural:C	CDD conserved polymerase motif C	320;321;322;323;324;325;326;327;328;329;330;331;332;333;334	cdd:cd23182;cdd:cd23209;cdd:cd23250;cdd:cd23253;cdd:cd23256	0.9448	0.7857	CDD_direct_multi_root	curated_root_transferred
f.0272.base-Toga	cdd_transfer:rvmt_broad::f.0272.base-Toga:modern_structural:A	modern_structural:A	CDD conserved polymerase motif A	217;218;219;220;221;222;223;224;225;226;227;228;229;230;231	cdd:cd23182;cdd:cd23207;cdd:cd23208;cdd:cd23209;cdd:cd23247;cdd:cd23249;cdd:cd23250;cdd:cd23251;cdd:cd23252;cdd:cd23253;cdd:cd23254;cdd:cd23255;cdd:cd23256;cdd:cd23259	1.0000	0.8312	CDD_direct_multi_root	curated_root_transferred
f.0272.base-Toga	cdd_transfer:rvmt_broad::f.0272.base-Toga:modern_structural:B	modern_structural:B	CDD conserved polymerase motif B	279;280;281;282;283;284;285;286;287;288;289;290;291;292;293;294;295;296;297;298;299;300;301;302	cdd:cd23182;cdd:cd23207;cdd:cd23208;cdd:cd23209;cdd:cd23247;cdd:cd23249;cdd:cd23250;cdd:cd23251;cdd:cd23252;cdd:cd23253;cdd:cd23254;cdd:cd23255;cdd:cd23256;cdd:cd23259	1.0000	0.8399	CDD_direct_multi_root	curated_root_transferred
f.0272.base-Toga	cdd_transfer:rvmt_broad::f.0272.base-Toga:modern_structural:C	modern_structural:C	CDD conserved polymerase motif C	310;311;312;313;314;315;316;317;318;319;320;321;322;323;324	cdd:cd23182;cdd:cd23209;cdd:cd23250;cdd:cd23252;cdd:cd23253;cdd:cd23259	0.9651	0.7569	CDD_direct_multi_root	curated_root_transferred
f.0273.base-Toga	cdd_transfer:rvmt_broad::f.0273.base-Toga:modern_structural:A	modern_structural:A	CDD conserved polymerase motif A	214;215;216;217;218;219;220;221;222;223;224;225;226;227;228	cdd:cd23182;cdd:cd23207;cdd:cd23208;cdd:cd23209;cdd:cd23245;cdd:cd23248;cdd:cd23250;cdd:cd23251;cdd:cd23252;cdd:cd23253;cdd:cd23254;cdd:cd23255;cdd:cd23256;cdd:cd23259	1.0000	0.8608	CDD_direct_multi_root	curated_root_transferred
f.0273.base-Toga	cdd_transfer:rvmt_broad::f.0273.base-Toga:modern_structural:B	modern_structural:B	CDD conserved polymerase motif B	276;277;278;279;280;281;282;283;284;285;286;287;288;289;290;291;292;293;294;295;296;297;298;299	cdd:cd23182;cdd:cd23207;cdd:cd23208;cdd:cd23209;cdd:cd23245;cdd:cd23248;cdd:cd23250;cdd:cd23251;cdd:cd23252;cdd:cd23253;cdd:cd23254;cdd:cd23255;cdd:cd23256;cdd:cd23259	1.0000	0.7608	CDD_direct_multi_root	curated_root_transferred
f.0273.base-Toga	cdd_transfer:rvmt_broad::f.0273.base-Toga:modern_structural:C	modern_structural:C	CDD conserved polymerase motif C	305;306;307;308;309;310;311;312;313;314;315;316;317;318;319	cdd:cd23182;cdd:cd23208;cdd:cd23209;cdd:cd23245;cdd:cd23250;cdd:cd23251;cdd:cd23252;cdd:cd23253;cdd:cd23259	0.9698	0.9178	CDD_direct_multi_root	curated_root_transferred
f.0274.base-Toga	cdd_transfer:rvmt_broad::f.0274.base-Toga:modern_structural:A	modern_structural:A	CDD conserved polymerase motif A	219;221;222;223;224;225;226;227;228;229;230;231;232;233;234	cdd:cd23182;cdd:cd23208;cdd:cd23209;cdd:cd23250;cdd:cd23251;cdd:cd23252;cdd:cd23253;cdd:cd23254;cdd:cd23255;cdd:cd23256	1.0000	0.6413	CDD_direct_multi_root	curated_root_transferred
f.0274.base-Toga	cdd_transfer:rvmt_broad::f.0274.base-Toga:modern_structural:B	modern_structural:B	CDD conserved polymerase motif B	283;284;285;286;287;288;289;290;291;292;293;294;295;296;297;298;299;300;301;302;303;304;305;306	cdd:cd23182;cdd:cd23208;cdd:cd23209;cdd:cd23250;cdd:cd23251;cdd:cd23252;cdd:cd23253;cdd:cd23254;cdd:cd23255;cdd:cd23256	0.9958	0.8107	CDD_direct_multi_root	curated_root_transferred
f.0274.base-Toga	cdd_transfer:rvmt_broad::f.0274.base-Toga:modern_structural:C	modern_structural:C	CDD conserved polymerase motif C	312;313;314;315;316;317;318;319;320;321;322;323;324;325;326	cdd:cd23182;cdd:cd23208;cdd:cd23209;cdd:cd23250;cdd:cd23251;cdd:cd23252;cdd:cd23253;cdd:cd23254;cdd:cd23255;cdd:cd23256	0.9729	0.8607	CDD_direct_multi_root	curated_root_transferred
f.0275	cdd_transfer:rvmt_broad::f.0275:modern_structural:A	modern_structural:A	CDD conserved polymerase motif A	210;211;212;213;214;215;216;217;218;219;220;221;222;223;224	cdd:cd23251;cdd:cd23252;cdd:cd23253;cdd:cd23254;cdd:cd23256	1.0000	0.8028	CDD_direct_multi_root	curated_root_transferred
f.0275	cdd_transfer:rvmt_broad::f.0275:modern_structural:B	modern_structural:B	CDD conserved polymerase motif B	271;272;273;274;275;276;277;278;279;280;281;282;283;284;285;286;287;288;289;290;291;292;293;294;295	cdd:cd23251;cdd:cd23252;cdd:cd23253;cdd:cd23254;cdd:cd23256	0.9917	0.6636	CDD_direct_multi_root	curated_root_transferred
f.0275	cdd_transfer:rvmt_broad::f.0275:modern_structural:C	modern_structural:C	CDD conserved polymerase motif C	300;301;302;303;304;305;306;307;308;309;310;311;312;313;314	cdd:cd23251;cdd:cd23252;cdd:cd23253;cdd:cd23254;cdd:cd23256	0.9467	0.7222	CDD_direct_multi_root	curated_root_transferred
f.0276	cdd_transfer:rvmt_broad::f.0276:modern_structural:A	modern_structural:A	CDD conserved polymerase motif A	237;238;239;240;241;242;243;244;245;246;247;248;249;250;251	cdd:cd23255	1.0000	0.6000	CDD_direct_single_root	curated_root_transferred
f.0276	cdd_transfer:rvmt_broad::f.0276:modern_structural:B	modern_structural:B	CDD conserved polymerase motif B	298;299;300;301;302;303;304;305;306;307;308;309;310;311;312;313;314;315;316;317;318;319;320;321	cdd:cd23255	1.0000	0.8000	CDD_direct_single_root	curated_root_transferred
f.0278	cdd_transfer:rvmt_broad::f.0278:modern_structural:B	modern_structural:B	CDD conserved polymerase motif B	278;279;280;281;282;283;284;285;286;287;288;289;290;291;292;293;294;295;296;297;298;299;300;301	cdd:cd23173	1.0000	0.8333	CDD_direct_single_root	curated_root_transferred
f.0278	cdd_transfer:rvmt_broad::f.0278:modern_structural:C	modern_structural:C	CDD conserved polymerase motif C	321;322;323;324;326;327;328;329;330;331;332;333;334;335	cdd:cd23193	1.0000	0.7143	CDD_direct_single_root	curated_root_transferred
f.0286	cdd_transfer:rvmt_broad::f.0286:modern_structural:A	modern_structural:A	CDD conserved polymerase motif A	197;198;199;200;201;202;203;204;205;206;207;208;209;210;211	cdd:cd23193	1.0000	0.6667	CDD_direct_single_root	curated_root_transferred
f.0286	cdd_transfer:rvmt_broad::f.0286:modern_structural:B	modern_structural:B	CDD conserved polymerase motif B	266;267;268;269;270;271;272;273;274;275;276;277;278;279;280;281;282;284;285;286;287;288;289	cdd:cd23169;cdd:cd23193	1.0000	0.8397	CDD_direct_multi_root	curated_root_transferred
f.0286	cdd_transfer:rvmt_broad::f.0286:modern_structural:C	modern_structural:C	CDD conserved polymerase motif C	303;304;305;306;308;309;310;311;312;313;314;315;316;317	cdd:cd23169;cdd:cd23193	1.0000	0.8036	CDD_direct_multi_root	curated_root_transferred
f.0287	cdd_transfer:rvmt_broad::f.0287:modern_structural:B	modern_structural:B	CDD conserved polymerase motif B	272;273;274;275;276;277;278;279;280;281;282;283;284;285;286;287;288;290;291;292;293;294;295	cdd:cd23169	1.0000	0.5833	CDD_direct_single_root	curated_root_transferred
f.0287	cdd_transfer:rvmt_broad::f.0287:modern_structural:F	modern_structural:F	CDD conserved polymerase motif F	137;138;139;140;141;143;144;145;146;147;148	cdd:cd23185	0.7857	0.7500	CDD_direct_single_root	curated_root_transferred
f.0295	cdd_transfer:rvmt_broad::f.0295:modern_structural:A	modern_structural:A	CDD conserved polymerase motif A	166;167;168;169;170;171;172;173;174;175;176;177;178;179;180	cdd:cd23185;cdd:cd23217	1.0000	0.7222	CDD_direct_multi_root	curated_root_transferred
f.0295	cdd_transfer:rvmt_broad::f.0295:modern_structural:B	modern_structural:B	CDD conserved polymerase motif B	232;233;234;235;236;237;238;239;240;241;242;243;244;245;246;247;248;249;250;251;252;253;254;255	cdd:cd23193;cdd:cd23217	1.0000	0.7596	CDD_direct_multi_root	curated_root_transferred
f.0295	cdd_transfer:rvmt_broad::f.0295:modern_structural:C	modern_structural:C	CDD conserved polymerase motif C	265;266;267;268;269;270;271;272;273;274;275;276;277;278	cdd:cd23217	1.0000	0.8750	CDD_direct_single_root	curated_root_transferred
f.0296	cdd_transfer:rvmt_broad::f.0296:modern_structural:A	modern_structural:A	CDD conserved polymerase motif A	181;182;183;184;185;186;187;188;189;190;191;192;193;194;195	cdd:cd23185	1.0000	0.6250	CDD_direct_single_root	curated_root_transferred
f.0296	cdd_transfer:rvmt_broad::f.0296:modern_structural:B	modern_structural:B	CDD conserved polymerase motif B	251;252;253;254;255;256;257;258;259;260;261;262;263;264;265;266;267;268;269;270;271;272;273;274	cdd:cd23173	1.0000	0.5000	CDD_direct_single_root	curated_root_transferred
f.0297	cdd_transfer:rvmt_broad::f.0297:modern_structural:A	modern_structural:A	CDD conserved polymerase motif A	178;179;180;181;182;183;184;185;186;187;188;189;190;191;192	cdd:cd23194	1.0000	0.7500	CDD_direct_single_root	curated_root_transferred
f.0297	cdd_transfer:rvmt_broad::f.0297:modern_structural:B	modern_structural:B	CDD conserved polymerase motif B	243;244;245;246;247;248;249;250;251;252;253;254;255;256;257;258;259;261;262;263;264;265;266	cdd:cd23169;cdd:cd23193;cdd:cd23194	1.0000	0.8821	CDD_direct_multi_root	curated_root_transferred
f.0361.base-Solspi	cdd_transfer:rvmt_broad::f.0361.base-Solspi:modern_structural:A	modern_structural:A	CDD conserved polymerase motif A	198;199;200;201;202;203;204;205;206;207;208;209;210;211;212	cdd:cd23176	1.0000	0.9167	CDD_direct_single_root	curated_root_transferred
f.0361.base-Solspi	cdd_transfer:rvmt_broad::f.0361.base-Solspi:modern_structural:B	modern_structural:B	CDD conserved polymerase motif B	250;251;252;253;254;255;256;257;258;259;260;261;262;263;264;265;266;268;269;270;271;272;273	cdd:cd23176	1.0000	0.8889	CDD_direct_single_root	curated_root_transferred
f.0361.base-Solspi	cdd_transfer:rvmt_broad::f.0361.base-Solspi:modern_structural:C	modern_structural:C	CDD conserved polymerase motif C	283;284;285;286;287;288;289;290;291;292;293;294;295;296;297	cdd:cd23176	1.0000	1.0000	CDD_direct_single_root	curated_root_transferred
f.0361.base-Solspi	cdd_transfer:rvmt_broad::f.0361.base-Solspi:modern_structural:F	modern_structural:F	CDD conserved polymerase motif F	135;136;137;138;139;140;141;142;143;144;145;146;147;148;149	cdd:cd23176	1.0000	0.7000	CDD_direct_single_root	curated_root_transferred
f.0362.base-Solspi	cdd_transfer:rvmt_broad::f.0362.base-Solspi:modern_structural:A	modern_structural:A	CDD conserved polymerase motif A	189;191;192;193;194;195;196;197;198;199;200;201;202;203;204	cdd:cd23176	1.0000	0.8333	CDD_direct_single_root	curated_root_transferred
f.0362.base-Solspi	cdd_transfer:rvmt_broad::f.0362.base-Solspi:modern_structural:B	modern_structural:B	CDD conserved polymerase motif B	245;246;247;248;249;250;251;252;253;254;255;256;257;258;259;260;261;263;264;265;266;271;272	cdd:cd23176	1.0000	0.9474	CDD_direct_single_root	curated_root_transferred
f.0362.base-Solspi	cdd_transfer:rvmt_broad::f.0362.base-Solspi:modern_structural:C	modern_structural:C	CDD conserved polymerase motif C	275;276;277;278;279;280;281;282;283;284;285;286;287;288;289	cdd:cd23176	1.0000	1.0000	CDD_direct_single_root	curated_root_transferred
f.0362.base-Solspi	cdd_transfer:rvmt_broad::f.0362.base-Solspi:modern_structural:F	modern_structural:F	CDD conserved polymerase motif F	129;130;131;132;133;134;135;136;137;138;139;140;141;142;143	cdd:cd23176	1.0000	0.7273	CDD_direct_single_root	curated_root_transferred
f.0363	cdd_transfer:rvmt_broad::f.0363:modern_structural:A	modern_structural:A	CDD conserved polymerase motif A	184;185;186;187;188;189;190;191;192;193;194;195;196;197;198	cdd:cd23176	1.0000	0.9167	CDD_direct_single_root	curated_root_transferred
f.0363	cdd_transfer:rvmt_broad::f.0363:modern_structural:B	modern_structural:B	CDD conserved polymerase motif B	237;238;239;240;241;242;243;244;245;246;247;248;249;250;251;252;253;255;256;257;258;259;260	cdd:cd23176	1.0000	0.8500	CDD_direct_single_root	curated_root_transferred
f.0363	cdd_transfer:rvmt_broad::f.0363:modern_structural:C	modern_structural:C	CDD conserved polymerase motif C	270;271;272;273;274;275;276;277;278;279;280;281;282;283;284	cdd:cd23176	1.0000	1.0000	CDD_direct_single_root	curated_root_transferred
f.0363	cdd_transfer:rvmt_broad::f.0363:modern_structural:F	modern_structural:F	CDD conserved polymerase motif F	123;124;125;126;127;128;129;130;131;132;133;134;135;136;137	cdd:cd23176	1.0000	0.7000	CDD_direct_single_root	curated_root_transferred
f.0364	cdd_transfer:rvmt_broad::f.0364:modern_structural:A	modern_structural:A	CDD conserved polymerase motif A	181;182;183;184;185;186;187;188;189;190;191;192;193;194;195	cdd:cd23176	1.0000	0.8333	CDD_direct_single_root	curated_root_transferred
f.0364	cdd_transfer:rvmt_broad::f.0364:modern_structural:B	modern_structural:B	CDD conserved polymerase motif B	234;235;236;237;238;239;240;241;242;243;244;245;246;247;248;249;250;252;253;254;255;256;257	cdd:cd23176	1.0000	0.8947	CDD_direct_single_root	curated_root_transferred
f.0364	cdd_transfer:rvmt_broad::f.0364:modern_structural:C	modern_structural:C	CDD conserved polymerase motif C	267;268;269;270;271;272;273;274;275;276;277;278;279;280;281	cdd:cd23176	1.0000	1.0000	CDD_direct_single_root	curated_root_transferred
f.0364	cdd_transfer:rvmt_broad::f.0364:modern_structural:F	modern_structural:F	CDD conserved polymerase motif F	119;120;121;122;123;124;125;126;127;128;129;130;131;132;133	cdd:cd23176	1.0000	0.6000	CDD_direct_single_root	curated_root_transferred
f.0365.base-Atkins	cdd_transfer:rvmt_broad::f.0365.base-Atkins:modern_structural:A	modern_structural:A	CDD conserved polymerase motif A	203;204;205;206;207;208;209;210;211;212;213;214;215;216;217	cdd:cd23176	1.0000	0.9091	CDD_direct_single_root	curated_root_transferred
f.0365.base-Atkins	cdd_transfer:rvmt_broad::f.0365.base-Atkins:modern_structural:B	modern_structural:B	CDD conserved polymerase motif B	264;265;266;267;268;269;270;271;272;273;274;275;276;277;278;279;280;282;283;284;285;286;287	cdd:cd23176	1.0000	0.8333	CDD_direct_single_root	curated_root_transferred
f.0365.base-Atkins	cdd_transfer:rvmt_broad::f.0365.base-Atkins:modern_structural:C	modern_structural:C	CDD conserved polymerase motif C	334;335;336;337;338;339;340;341;342;343;344;345;346;347;348	cdd:cd23176	1.0000	1.0000	CDD_direct_single_root	curated_root_transferred
f.0365.base-Atkins	cdd_transfer:rvmt_broad::f.0365.base-Atkins:modern_structural:F	modern_structural:F	CDD conserved polymerase motif F	141;142;143;144;145;146;147;148;149;150;151;152;153;154;155	cdd:cd23176	1.0000	0.6667	CDD_direct_single_root	curated_root_transferred
f.0366.base-Atkins	cdd_transfer:rvmt_broad::f.0366.base-Atkins:modern_structural:A	modern_structural:A	CDD conserved polymerase motif A	171;172;173;174;175;176;177;178;179;180;181;182;183;184;185	cdd:cd23176	1.0000	0.8462	CDD_direct_single_root	curated_root_transferred
f.0366.base-Atkins	cdd_transfer:rvmt_broad::f.0366.base-Atkins:modern_structural:B	modern_structural:B	CDD conserved polymerase motif B	229;230;231;232;233;234;235;236;237;238;239;240;241;242;243;244;245;247;248;249;250;251;252	cdd:cd23176	1.0000	0.7895	CDD_direct_single_root	curated_root_transferred
f.0366.base-Atkins	cdd_transfer:rvmt_broad::f.0366.base-Atkins:modern_structural:C	modern_structural:C	CDD conserved polymerase motif C	259;260;261;262;263;264;265;266;267;268;269;270;271;272;273	cdd:cd23176	1.0000	1.0000	CDD_direct_single_root	curated_root_transferred
f.0366.base-Atkins	cdd_transfer:rvmt_broad::f.0366.base-Atkins:modern_structural:F	modern_structural:F	CDD conserved polymerase motif F	109;110;111;112;113;114;115;116;117;118;119;120;121;122;123	cdd:cd23176	1.0000	0.7000	CDD_direct_single_root	curated_root_transferred
f.0367.base-Atkins	cdd_transfer:rvmt_broad::f.0367.base-Atkins:modern_structural:A	modern_structural:A	CDD conserved polymerase motif A	184;185;186;187;188;189;190;191;192;193;194;195;196;197;198	cdd:cd23176;cdd:cd23183	1.0000	0.9583	CDD_direct_multi_root	curated_root_transferred
f.0367.base-Atkins	cdd_transfer:rvmt_broad::f.0367.base-Atkins:modern_structural:B	modern_structural:B	CDD conserved polymerase motif B	235;236;237;238;239;240;241;242;243;244;245;246;247;248;249;250;251;252;253;254;255;256;257;258	cdd:cd23176;cdd:cd23183	0.9792	0.7167	CDD_direct_multi_root	curated_root_transferred
f.0367.base-Atkins	cdd_transfer:rvmt_broad::f.0367.base-Atkins:modern_structural:C	modern_structural:C	CDD conserved polymerase motif C	274;275;276;277;278;279;280;281;282;283;284;285;286;287;288	cdd:cd23176;cdd:cd23183	0.9333	0.8889	CDD_direct_multi_root	curated_root_transferred
f.0368.base-Atkins	cdd_transfer:rvmt_broad::f.0368.base-Atkins:modern_structural:A	modern_structural:A	CDD conserved polymerase motif A	201;202;203;204;205;206;207;208;209;210;211;212;213;214;215	cdd:cd23176	1.0000	0.7692	CDD_direct_single_root	curated_root_transferred
f.0368.base-Atkins	cdd_transfer:rvmt_broad::f.0368.base-Atkins:modern_structural:B	modern_structural:B	CDD conserved polymerase motif B	255;256;257;258;259;260;261;262;263;264;265;266;267;268;269;270;272;274;275;276;277;278;279	cdd:cd23176	1.0000	0.7222	CDD_direct_single_root	curated_root_transferred
f.0368.base-Atkins	cdd_transfer:rvmt_broad::f.0368.base-Atkins:modern_structural:C	modern_structural:C	CDD conserved polymerase motif C	291;292;293;294;295;296;297;298;299;300;301;302;303;304;305	cdd:cd23176	1.0000	1.0000	CDD_direct_single_root	curated_root_transferred
f.0368.base-Atkins	cdd_transfer:rvmt_broad::f.0368.base-Atkins:modern_structural:F	modern_structural:F	CDD conserved polymerase motif F	138;139;140;141;142;143;144;145;146;147;148;149;150;151;152	cdd:cd23176	1.0000	0.5833	CDD_direct_single_root	curated_root_transferred
f.0369.base-Duin	cdd_transfer:rvmt_broad::f.0369.base-Duin:modern_structural:A	modern_structural:A	CDD conserved polymerase motif A	208;209;210;211;212;213;214;215;216;217;218;219;220;221;222	cdd:cd23176	1.0000	0.9231	CDD_direct_single_root	curated_root_transferred
f.0369.base-Duin	cdd_transfer:rvmt_broad::f.0369.base-Duin:modern_structural:B	modern_structural:B	CDD conserved polymerase motif B	261;262;263;264;265;266;267;268;269;270;271;272;273;274;275;276;277;279;280;281;282	cdd:cd23176	0.9130	0.9474	CDD_direct_single_root	curated_root_transferred
f.0369.base-Duin	cdd_transfer:rvmt_broad::f.0369.base-Duin:modern_structural:C	modern_structural:C	CDD conserved polymerase motif C	285;286;287;288;289;290;291;292;293;294;295;296;297;298;299	cdd:cd23176	1.0000	1.0000	CDD_direct_single_root	curated_root_transferred
f.0369.base-Duin	cdd_transfer:rvmt_broad::f.0369.base-Duin:modern_structural:F	modern_structural:F	CDD conserved polymerase motif F	151;152;153;154;155;156;157;158;159;160;161;162;163;164;165	cdd:cd23176	1.0000	0.8182	CDD_direct_single_root	curated_root_transferred
f.0370.base-Duin	cdd_transfer:rvmt_broad::f.0370.base-Duin:modern_structural:A	modern_structural:A	CDD conserved polymerase motif A	227;228;229;230;231;232;233;234;235;236;237;238;239;240;241	cdd:cd23176	1.0000	0.7143	CDD_direct_single_root	curated_root_transferred
f.0370.base-Duin	cdd_transfer:rvmt_broad::f.0370.base-Duin:modern_structural:B	modern_structural:B	CDD conserved polymerase motif B	282;283;284;285;286;287;288;289;290;291;292;293;294;295;296;297;298;300;301;302;303	cdd:cd23176	0.9130	0.6500	CDD_direct_single_root	curated_root_transferred
f.0370.base-Duin	cdd_transfer:rvmt_broad::f.0370.base-Duin:modern_structural:C	modern_structural:C	CDD conserved polymerase motif C	306;307;308;309;310;311;312;313;314;315;316;317;318;319;320	cdd:cd23176	1.0000	0.9000	CDD_direct_single_root	curated_root_transferred
f.0370.base-Duin	cdd_transfer:rvmt_broad::f.0370.base-Duin:modern_structural:F	modern_structural:F	CDD conserved polymerase motif F	170;171;172;173;174;175;176;177;178;179;180;181;182;183;184	cdd:cd23176	1.0000	0.7500	CDD_direct_single_root	curated_root_transferred
f.0371.base-Duin	cdd_transfer:rvmt_broad::f.0371.base-Duin:modern_structural:A	modern_structural:A	CDD conserved polymerase motif A	167;168;169;170;171;172;173;174;175;176;177;178;179;180;181	cdd:cd23176	1.0000	0.8571	CDD_direct_single_root	curated_root_transferred
f.0371.base-Duin	cdd_transfer:rvmt_broad::f.0371.base-Duin:modern_structural:B	modern_structural:B	CDD conserved polymerase motif B	222;223;224;225;226;227;228;229;230;231;232;233;234;235;236;237;238;240;241;242;243;244;245	cdd:cd23176	1.0000	0.8636	CDD_direct_single_root	curated_root_transferred
f.0371.base-Duin	cdd_transfer:rvmt_broad::f.0371.base-Duin:modern_structural:C	modern_structural:C	CDD conserved polymerase motif C	253;254;255;256;257;258;259;260;261;262;263;264;265;266;267	cdd:cd23176	1.0000	1.0000	CDD_direct_single_root	curated_root_transferred
f.0371.base-Duin	cdd_transfer:rvmt_broad::f.0371.base-Duin:modern_structural:F	modern_structural:F	CDD conserved polymerase motif F	110;111;112;113;114;115;116;117;118;119;120;121;122;123;124	cdd:cd23176	1.0000	0.8333	CDD_direct_single_root	curated_root_transferred
f.0372.base-Duin	cdd_transfer:rvmt_broad::f.0372.base-Duin:modern_structural:A	modern_structural:A	CDD conserved polymerase motif A	225;226;227;228;229;230;231;232;233;234;235;236;237;238;239	cdd:cd23176	1.0000	0.7857	CDD_direct_single_root	curated_root_transferred
f.0372.base-Duin	cdd_transfer:rvmt_broad::f.0372.base-Duin:modern_structural:B	modern_structural:B	CDD conserved polymerase motif B	280;281;282;283;284;285;286;287;288;289;290;291;292;293;294;295;296;298;299;300;301;302;303	cdd:cd23176	1.0000	0.8000	CDD_direct_single_root	curated_root_transferred
f.0372.base-Duin	cdd_transfer:rvmt_broad::f.0372.base-Duin:modern_structural:C	modern_structural:C	CDD conserved polymerase motif C	312;313;314;321;322;323;324;325;326;327;328;329;330;331;332	cdd:cd23176	1.0000	1.0000	CDD_direct_single_root	curated_root_transferred
f.0372.base-Duin	cdd_transfer:rvmt_broad::f.0372.base-Duin:modern_structural:F	modern_structural:F	CDD conserved polymerase motif F	155;156;157;158;159;160;161;162;163;164;165;166;167;168;169	cdd:cd23176	1.0000	0.7273	CDD_direct_single_root	curated_root_transferred
f.0373	cdd_transfer:rvmt_broad::f.0373:modern_structural:A	modern_structural:A	CDD conserved polymerase motif A	187;188;189;190;191;192;193;194;195;196;197;198;199;200;201	cdd:cd23176;cdd:cd23183	1.0000	0.8545	CDD_direct_multi_root	curated_root_transferred
f.0373	cdd_transfer:rvmt_broad::f.0373:modern_structural:B	modern_structural:B	CDD conserved polymerase motif B	239;240;241;242;243;244;245;246;247;248;249;250;251;252;253;254;255;256;257;258;259;260;261;262	cdd:cd23176;cdd:cd23183	1.0000	0.7238	CDD_direct_multi_root	curated_root_transferred
f.0373	cdd_transfer:rvmt_broad::f.0373:modern_structural:C	modern_structural:C	CDD conserved polymerase motif C	283;284;285;286;287;288;289;290;291;292;293;294;295;296;297	cdd:cd23176;cdd:cd23183	0.9333	0.8889	CDD_direct_multi_root	curated_root_transferred
f.0374	cdd_transfer:rvmt_broad::f.0374:modern_structural:A	modern_structural:A	CDD conserved polymerase motif A	210;211;212;213;214;215;216;217;218;219;220;221;222;223;224	cdd:cd23176	1.0000	0.9231	CDD_direct_single_root	curated_root_transferred
f.0374	cdd_transfer:rvmt_broad::f.0374:modern_structural:B	modern_structural:B	CDD conserved polymerase motif B	271;272;273;274;275;276;277;278;279;280;281;282;283;284;285;286;287;289;290;291;292;293;294	cdd:cd23176	1.0000	0.8667	CDD_direct_single_root	curated_root_transferred
f.0374	cdd_transfer:rvmt_broad::f.0374:modern_structural:F	modern_structural:F	CDD conserved polymerase motif F	149;150;151;152;153;154;155;156;157;158;159;160;161;162;163	cdd:cd23176	1.0000	0.7778	CDD_direct_single_root	curated_root_transferred
f.0375	cdd_transfer:rvmt_broad::f.0375:modern_structural:A	modern_structural:A	CDD conserved polymerase motif A	203;204;205;206;207;208;209;210;211;212;213;214;215;216;217	cdd:cd23176	1.0000	0.9231	CDD_direct_single_root	curated_root_transferred
f.0375	cdd_transfer:rvmt_broad::f.0375:modern_structural:B	modern_structural:B	CDD conserved polymerase motif B	254;255;256;257;258;259;260;261;262;263;264;265;266;267;268;269;270;272;273;274;275;276;277	cdd:cd23176	1.0000	0.9375	CDD_direct_single_root	curated_root_transferred
f.0375	cdd_transfer:rvmt_broad::f.0375:modern_structural:C	modern_structural:C	CDD conserved polymerase motif C	292;293;294;295;296;297;298;299;300;301;302;303;304;305;306	cdd:cd23176	1.0000	1.0000	CDD_direct_single_root	curated_root_transferred
f.0375	cdd_transfer:rvmt_broad::f.0375:modern_structural:F	modern_structural:F	CDD conserved polymerase motif F	139;140;141;142;143;144;145;146;147;148;149;150;151;152;153	cdd:cd23176	1.0000	0.8000	CDD_direct_single_root	curated_root_transferred
f.0376.base-Blume	cdd_transfer:rvmt_broad::f.0376.base-Blume:modern_structural:A	modern_structural:A	CDD conserved polymerase motif A	203;204;205;206;207;208;209;210;211;212;213;214;215;216;217	cdd:cd23176	1.0000	0.8462	CDD_direct_single_root	curated_root_transferred
f.0376.base-Blume	cdd_transfer:rvmt_broad::f.0376.base-Blume:modern_structural:B	modern_structural:B	CDD conserved polymerase motif B	256;257;258;259;260;261;262;263;264;265;266;267;268;269;270;271;272;274;275;276;277;278;279	cdd:cd23176	1.0000	0.6111	CDD_direct_single_root	curated_root_transferred
f.0376.base-Blume	cdd_transfer:rvmt_broad::f.0376.base-Blume:modern_structural:C	modern_structural:C	CDD conserved polymerase motif C	288;289;290;291;302;303;304;305;306;307;308;309;311;312;313	cdd:cd23176	1.0000	0.9000	CDD_direct_single_root	curated_root_transferred
f.0376.base-Blume	cdd_transfer:rvmt_broad::f.0376.base-Blume:modern_structural:F	modern_structural:F	CDD conserved polymerase motif F	142;143;144;145;146;147;148;149;150;151;152;153;154;155;156	cdd:cd23176	1.0000	0.6667	CDD_direct_single_root	curated_root_transferred
f.0377	cdd_transfer:rvmt_broad::f.0377:modern_structural:A	modern_structural:A	CDD conserved polymerase motif A	187;188;189;190;191;192;193;194;195;196;197;198;199;200;201	cdd:cd23176	1.0000	0.9091	CDD_direct_single_root	curated_root_transferred
f.0377	cdd_transfer:rvmt_broad::f.0377:modern_structural:B	modern_structural:B	CDD conserved polymerase motif B	240;241;242;243;244;245;246;247;248;249;250;251;252;253;254;255;256;258;259;260;261;262;263	cdd:cd23176	1.0000	0.7059	CDD_direct_single_root	curated_root_transferred
f.0377	cdd_transfer:rvmt_broad::f.0377:modern_structural:F	modern_structural:F	CDD conserved polymerase motif F	118;119;120;121;122;123;124;125;126;127;128;129;130;131;132	cdd:cd23176	1.0000	0.5556	CDD_direct_single_root	curated_root_transferred
f.0378	cdd_transfer:rvmt_broad::f.0378:modern_structural:A	modern_structural:A	CDD conserved polymerase motif A	211;212;213;214;215;216;217;218;219;220;221;222;223;224;225	cdd:cd23176	1.0000	0.8333	CDD_direct_single_root	curated_root_transferred
f.0378	cdd_transfer:rvmt_broad::f.0378:modern_structural:B	modern_structural:B	CDD conserved polymerase motif B	276;277;278;279;280;281;282;283;284;285;286;287;288;289;290;291;292;294;295;296;297;298;299	cdd:cd23176	1.0000	0.5882	CDD_direct_single_root	curated_root_transferred
f.0378	cdd_transfer:rvmt_broad::f.0378:modern_structural:C	modern_structural:C	CDD conserved polymerase motif C	307;308;309;310;311;312;313;314;315;316;317;318;319;320	cdd:cd23176	0.9333	0.7778	CDD_direct_single_root	curated_root_transferred
f.0378	cdd_transfer:rvmt_broad::f.0378:modern_structural:F	modern_structural:F	CDD conserved polymerase motif F	149;150;151;152;153;154;155;156;157;158;159;160;161;162;163	cdd:cd23176	1.0000	0.5455	CDD_direct_single_root	curated_root_transferred
f.0379	cdd_transfer:rvmt_broad::f.0379:modern_structural:A	modern_structural:A	CDD conserved polymerase motif A	158;159;160;161;162;163;164;165;166;167;168;169;170;171;172	cdd:cd23177	1.0000	0.6923	CDD_direct_single_root	curated_root_transferred
f.0379	cdd_transfer:rvmt_broad::f.0379:modern_structural:B	modern_structural:B	CDD conserved polymerase motif B	236;237;238;239;240;241;242;243;244;245;246;247;248;249;250;251;252;253;254;255;256;257;258;259	cdd:cd23177	1.0000	0.6667	CDD_direct_single_root	curated_root_transferred
f.0379	cdd_transfer:rvmt_broad::f.0379:modern_structural:C	modern_structural:C	CDD conserved polymerase motif C	275;276;277;278;279;280;281;282;283;284;285;286;287;288;289	cdd:cd23177	1.0000	0.5000	CDD_direct_single_root	curated_root_transferred
f.0380	cdd_transfer:rvmt_broad::f.0380:modern_structural:A	modern_structural:A	CDD conserved polymerase motif A	217;218;219;220;221;222;223;224;225;226;227;228;229;230;231	cdd:cd23183	1.0000	0.8000	CDD_direct_single_root	curated_root_transferred
f.0380	cdd_transfer:rvmt_broad::f.0380:modern_structural:B	modern_structural:B	CDD conserved polymerase motif B	284;285;286;287;288;289;290;291;292;293;294;295;296;297;298;299;300;301;302;303;304;305;306;307	cdd:cd23183	1.0000	0.7857	CDD_direct_single_root	curated_root_transferred
f.0380	cdd_transfer:rvmt_broad::f.0380:modern_structural:C	modern_structural:C	CDD conserved polymerase motif C	325;326;327;328;329;330;331;332;333;334;335;336;337;338;339	cdd:cd23183	1.0000	0.8889	CDD_direct_single_root	curated_root_transferred
f.0383	cdd_transfer:rvmt_broad::f.0383:modern_structural:A	modern_structural:A	CDD conserved polymerase motif A	183;184;185;186;187;188;189;190;191;192;193;194;195;196;197	cdd:cd23176	1.0000	0.7500	CDD_direct_single_root	curated_root_transferred
f.0383	cdd_transfer:rvmt_broad::f.0383:modern_structural:B	modern_structural:B	CDD conserved polymerase motif B	238;239;240;241;242;243;244;245;246;247;248;249;250;251;252;253;254;256;257;258;259;260;261	cdd:cd23176	1.0000	0.5263	CDD_direct_single_root	curated_root_transferred
f.0383	cdd_transfer:rvmt_broad::f.0383:modern_structural:C	modern_structural:C	CDD conserved polymerase motif C	270;271;272;273;274;275;276;277;278;279;280;281;282;283;284	cdd:cd23176	1.0000	0.9000	CDD_direct_single_root	curated_root_transferred
f.0384	cdd_transfer:rvmt_broad::f.0384:modern_structural:A	modern_structural:A	CDD conserved polymerase motif A	173;174;175;176;177;178;179;180;181;182;183;184;185;186;187	cdd:cd23177;cdd:cd23183	1.0000	0.7841	CDD_direct_multi_root	curated_root_transferred
f.0384	cdd_transfer:rvmt_broad::f.0384:modern_structural:B	modern_structural:B	CDD conserved polymerase motif B	231;232;233;234;235;236;237;238;239;240;241;242;243;244;245;246;247;248;249;250;251;252;253;254	cdd:cd23177;cdd:cd23183	1.0000	0.6722	CDD_direct_multi_root	curated_root_transferred
f.0384	cdd_transfer:rvmt_broad::f.0384:modern_structural:C	modern_structural:C	CDD conserved polymerase motif C	264;265;266;267;268;269;270;271;272;273;274;275;276;277	cdd:cd23177;cdd:cd23183	0.9333	0.6636	CDD_direct_multi_root	curated_root_transferred
f.0386	cdd_transfer:rvmt_broad::f.0386:modern_structural:A	modern_structural:A	CDD conserved polymerase motif A	174;175;176;177;178;179;180;181;182;183;184;185;186;187;188	cdd:cd23183	1.0000	0.8889	CDD_direct_single_root	curated_root_transferred
f.0386	cdd_transfer:rvmt_broad::f.0386:modern_structural:B	modern_structural:B	CDD conserved polymerase motif B	237;238;239;240;241;242;243;244;245;246;247;248;249;250;251;252;253;254;255;256;257;258;259;260	cdd:cd23183	1.0000	0.6154	CDD_direct_single_root	curated_root_transferred
f.0386	cdd_transfer:rvmt_broad::f.0386:modern_structural:C	modern_structural:C	CDD conserved polymerase motif C	267;268;269;270;271;272;273;274;275;276;277;278;279;280	cdd:cd23183	0.9333	0.8889	CDD_direct_single_root	curated_root_transferred
f.0388	cdd_transfer:rvmt_broad::f.0388:modern_structural:A	modern_structural:A	CDD conserved polymerase motif A	196;197;198;199;200;201;202;203;204;205;206;207;208;209;210	cdd:cd23183	1.0000	0.8000	CDD_direct_single_root	curated_root_transferred
f.0388	cdd_transfer:rvmt_broad::f.0388:modern_structural:B	modern_structural:B	CDD conserved polymerase motif B	261;262;263;264;265;266;267;268;269;270;271;272;273;274;275;276;277;278;279;280;281;282;283;284	cdd:cd23183	1.0000	0.6667	CDD_direct_single_root	curated_root_transferred
f.0388	cdd_transfer:rvmt_broad::f.0388:modern_structural:C	modern_structural:C	CDD conserved polymerase motif C	298;299;300;301;302;303;304;305;306;307;308;309;310;311	cdd:cd23183	0.9333	0.8750	CDD_direct_single_root	curated_root_transferred
f.0389	cdd_transfer:rvmt_broad::f.0389:modern_structural:A	modern_structural:A	CDD conserved polymerase motif A	188;189;190;191;192;193;194;195;196;197;198;199;200;201;202	cdd:cd23183	1.0000	0.9091	CDD_direct_single_root	curated_root_transferred
f.0389	cdd_transfer:rvmt_broad::f.0389:modern_structural:B	modern_structural:B	CDD conserved polymerase motif B	261;262;263;264;265;266;267;268;269;270;271;272;273;274;275;276;277;278;279;280;281;282;283;284	cdd:cd23183	1.0000	0.7143	CDD_direct_single_root	curated_root_transferred
f.0389	cdd_transfer:rvmt_broad::f.0389:modern_structural:C	modern_structural:C	CDD conserved polymerase motif C	295;296;297;298;299;300;301;302;303;304;305;306;307	cdd:cd23183	0.8667	0.8000	CDD_direct_single_root	curated_root_transferred
o.0001	cdd_transfer:rvmt_broad::o.0001:modern_structural:A	modern_structural:A	CDD conserved polymerase motif A	227;228;229;230;231;232;233;234;235;236;237;238;239;240;241	cdd:cd23194	1.0000	0.6667	CDD_direct_single_root	curated_root_transferred
o.0001	cdd_transfer:rvmt_broad::o.0001:modern_structural:B	modern_structural:B	CDD conserved polymerase motif B	315;316;317;318;319;320;321;322;323;324;325;326;327;328;329;330;331;332;333;334;335;336;337;338	cdd:cd23196	1.0000	0.5882	CDD_direct_single_root	curated_root_transferred
o.0001	cdd_transfer:rvmt_broad::o.0001:modern_structural:C	modern_structural:C	CDD conserved polymerase motif C	368;370;371;372;373;374;375;376;377;378;379;380;381;382;383	cdd:cd23194;cdd:cd23196	1.0000	1.0000	CDD_direct_multi_root	curated_root_transferred
o.0001	cdd_transfer:rvmt_broad::o.0001:modern_structural:F	modern_structural:F	CDD conserved polymerase motif F	131;132;133;134;135;136;137;138;139;140;141;142;162;163;164;165;166;167;168	cdd:cd23194;cdd:cd23196	0.9500	0.7060	CDD_direct_multi_root	curated_root_transferred
o.0002	cdd_transfer:rvmt_broad::o.0002:modern_structural:A	modern_structural:A	CDD conserved polymerase motif A	197;198;199;200;201;202;203;204;205;206;207;208;209;210;211	cdd:cd23172;cdd:cd23175;cdd:cd23192;cdd:cd23193;cdd:cd23194;cdd:cd23195;cdd:cd23196;cdd:cd23197;cdd:cd23198;cdd:cd23199;cdd:cd23211;cdd:cd23212;cdd:cd23213;cdd:cd23214;cdd:cd23215;cdd:cd23216;cdd:cd23217;cdd:cd23218;cdd:cd23219;cdd:cd23220;cdd:cd23221;cdd:cd23222;cdd:cd23223;cdd:cd23224;cdd:cd23226;cdd:cd23227;cdd:cd23228;cdd:cd23229;cdd:cd23230;cdd:cd23231;cdd:cd23232	1.0000	0.8012	CDD_direct_multi_root	curated_root_transferred
o.0002	cdd_transfer:rvmt_broad::o.0002:modern_structural:B	modern_structural:B	CDD conserved polymerase motif B	265;266;267;268;269;270;271;272;273;274;275;276;277;278;279;280;281;282;283;284;285;286;287;288	cdd:cd23175;cdd:cd23196;cdd:cd23198;cdd:cd23212;cdd:cd23213;cdd:cd23217;cdd:cd23218;cdd:cd23223;cdd:cd23226;cdd:cd23227;cdd:cd23228;cdd:cd23230	0.9861	0.8603	CDD_direct_multi_root	curated_root_transferred
o.0002	cdd_transfer:rvmt_broad::o.0002:modern_structural:F	modern_structural:F	CDD conserved polymerase motif F	124;125;126;127;128;129;130;131;132;133;134;135;136;137;138;139;140;141;142;143	cdd:cd23169;cdd:cd23192;cdd:cd23194;cdd:cd23195;cdd:cd23196;cdd:cd23197;cdd:cd23198;cdd:cd23211;cdd:cd23212;cdd:cd23213;cdd:cd23215;cdd:cd23216;cdd:cd23217;cdd:cd23218;cdd:cd23219;cdd:cd23220;cdd:cd23221;cdd:cd23223;cdd:cd23224;cdd:cd23226;cdd:cd23227;cdd:cd23228;cdd:cd23230	0.9175	0.6859	CDD_direct_multi_root	curated_root_transferred
o.0003	cdd_transfer:rvmt_broad::o.0003:modern_structural:F	modern_structural:F	CDD conserved polymerase motif F	107;108;109;110;111;112;113;114;115;116;117;118;119;120;121;122;123;124;125;126;127;128	cdd:cd23192;cdd:cd23193;cdd:cd23194;cdd:cd23217	1.0000	0.6154	CDD_direct_multi_root	curated_root_transferred
o.0004	cdd_transfer:rvmt_broad::o.0004:modern_structural:B	modern_structural:B	CDD conserved polymerase motif B	283;284;285;286;287;288;289;290;291;292;293;294;295;296;297;298;299;300;301;302;303;304;305;306	cdd:cd23172;cdd:cd23175;cdd:cd23194;cdd:cd23195;cdd:cd23196;cdd:cd23197;cdd:cd23215;cdd:cd23231	1.0000	0.7408	CDD_direct_multi_root	curated_root_transferred
o.0004	cdd_transfer:rvmt_broad::o.0004:modern_structural:C	modern_structural:C	CDD conserved polymerase motif C	323;324;325;326;328;329;330;331;332;333;334;335;336;337	cdd:cd23193	1.0000	0.8571	CDD_direct_single_root	curated_root_transferred
o.0004	cdd_transfer:rvmt_broad::o.0004:modern_structural:F	modern_structural:F	CDD conserved polymerase motif F	136;137;138;139;140;141;142;143;144;145;146;147;148;150;151;152;153;154;155;156;157	cdd:cd23192;cdd:cd23194;cdd:cd23196;cdd:cd23215	0.9750	0.6263	CDD_direct_multi_root	curated_root_transferred
o.0005.base-Patata	cdd_transfer:rvmt_broad::o.0005.base-Patata:modern_structural:A	modern_structural:A	CDD conserved polymerase motif A	183;184;185;186;187;188;189;190;191;192;193;194;195;196;197	cdd:cd21592;cdd:cd23170;cdd:cd23180;cdd:cd23186;cdd:cd23194;cdd:cd23196;cdd:cd23198;cdd:cd23211;cdd:cd23212;cdd:cd23214;cdd:cd23215;cdd:cd23216;cdd:cd23217;cdd:cd23218;cdd:cd23220;cdd:cd23221;cdd:cd23222;cdd:cd23223;cdd:cd23224;cdd:cd23225;cdd:cd23227;cdd:cd23228;cdd:cd23229;cdd:cd23230;cdd:cd23231	0.9976	0.8089	CDD_direct_multi_root	curated_root_transferred
o.0005.base-Patata	cdd_transfer:rvmt_broad::o.0005.base-Patata:modern_structural:B	modern_structural:B	CDD conserved polymerase motif B	251;252;253;254;255;256;257;258;259;260;261;262;263;264;265;266;267;268;269;270;271;272;273;274	cdd:cd21592;cdd:cd23170;cdd:cd23172;cdd:cd23175;cdd:cd23179;cdd:cd23180;cdd:cd23186;cdd:cd23192;cdd:cd23194;cdd:cd23195;cdd:cd23196;cdd:cd23197;cdd:cd23198;cdd:cd23210;cdd:cd23211;cdd:cd23212;cdd:cd23213;cdd:cd23214;cdd:cd23215;cdd:cd23216;cdd:cd23217;cdd:cd23218;cdd:cd23219;cdd:cd23220;cdd:cd23221;cdd:cd23222;cdd:cd23223;cdd:cd23224;cdd:cd23225;cdd:cd23226;cdd:cd23227;cdd:cd23228;cdd:cd23229;cdd:cd23230;cdd:cd23231;cdd:cd23232	0.9954	0.6716	CDD_direct_multi_root	curated_root_transferred
o.0005.base-Patata	cdd_transfer:rvmt_broad::o.0005.base-Patata:modern_structural:C	modern_structural:C	CDD conserved polymerase motif C	294;295;296;297;298;299;300;301;302;303;304;305;306;307;308	cdd:cd21592;cdd:cd23170;cdd:cd23186;cdd:cd23211;cdd:cd23213;cdd:cd23216;cdd:cd23217;cdd:cd23221;cdd:cd23225;cdd:cd23228;cdd:cd23230;cdd:cd23232	0.9944	0.7664	CDD_direct_multi_root	curated_root_transferred
o.0005.base-Patata	cdd_transfer:rvmt_broad::o.0005.base-Patata:modern_structural:F	modern_structural:F	CDD conserved polymerase motif F	109;110;111;112;113;114;115;116;117;118;119;120;121;122;123;124;125;126;127;128;129;130	cdd:cd21592;cdd:cd23169;cdd:cd23192;cdd:cd23193;cdd:cd23194;cdd:cd23195;cdd:cd23196;cdd:cd23197;cdd:cd23198;cdd:cd23199;cdd:cd23210;cdd:cd23211;cdd:cd23212;cdd:cd23213;cdd:cd23214;cdd:cd23215;cdd:cd23216;cdd:cd23217;cdd:cd23218;cdd:cd23219;cdd:cd23220;cdd:cd23221;cdd:cd23222;cdd:cd23223;cdd:cd23224;cdd:cd23225;cdd:cd23226;cdd:cd23227;cdd:cd23228;cdd:cd23229;cdd:cd23230;cdd:cd23231;cdd:cd23232	0.9903	0.7873	CDD_direct_multi_root	curated_root_transferred
o.0006.base-Patata	cdd_transfer:rvmt_broad::o.0006.base-Patata:modern_structural:A	modern_structural:A	CDD conserved polymerase motif A	192;193;194;195;196;197;198;199;200;201;202;203;205;206;207	cdd:cd23170;cdd:cd23172;cdd:cd23175;cdd:cd23192;cdd:cd23193;cdd:cd23194;cdd:cd23195;cdd:cd23196;cdd:cd23211;cdd:cd23226;cdd:cd23227;cdd:cd23229	1.0000	0.7427	CDD_direct_multi_root	curated_root_transferred
o.0006.base-Patata	cdd_transfer:rvmt_broad::o.0006.base-Patata:modern_structural:B	modern_structural:B	CDD conserved polymerase motif B	261;262;263;264;265;266;267;268;269;270;271;272;273;274;275;276;277;278;279;280;281;282;283;284	cdd:cd23170;cdd:cd23175;cdd:cd23194;cdd:cd23196;cdd:cd23211;cdd:cd23226;cdd:cd23227;cdd:cd23229	1.0000	0.6963	CDD_direct_multi_root	curated_root_transferred
o.0006.base-Patata	cdd_transfer:rvmt_broad::o.0006.base-Patata:modern_structural:C	modern_structural:C	CDD conserved polymerase motif C	303;304;305;306;307;308;309;310;311;312;313;314;315;316;317	cdd:cd23170;cdd:cd23193;cdd:cd23196;cdd:cd23211;cdd:cd23227;cdd:cd23229	1.0000	0.6875	CDD_direct_multi_root	curated_root_transferred
o.0007.base-Patata	cdd_transfer:rvmt_broad::o.0007.base-Patata:modern_structural:A	modern_structural:A	CDD conserved polymerase motif A	182;183;184;185;186;187;188;189;190;191;192;193;194;195;196	cdd:cd23172;cdd:cd23175;cdd:cd23194;cdd:cd23198;cdd:cd23211;cdd:cd23212;cdd:cd23213;cdd:cd23214;cdd:cd23215;cdd:cd23217;cdd:cd23218;cdd:cd23221;cdd:cd23222;cdd:cd23223;cdd:cd23224;cdd:cd23227;cdd:cd23230	1.0000	0.6176	CDD_direct_multi_root	curated_root_transferred
o.0007.base-Patata	cdd_transfer:rvmt_broad::o.0007.base-Patata:modern_structural:B	modern_structural:B	CDD conserved polymerase motif B	242;243;244;245;246;247;248;249;250;251;252;253;254;255;256;257;258;259;260;261;262;263	cdd:cd23218	0.8800	0.6364	CDD_direct_single_root	curated_root_transferred
o.0007.base-Patata	cdd_transfer:rvmt_broad::o.0007.base-Patata:modern_structural:F	modern_structural:F	CDD conserved polymerase motif F	107;108;109;110;111;112;113;114;115;116;117;118;119;120;121;122;123;124;125;126;127;128	cdd:cd23169;cdd:cd23192;cdd:cd23193;cdd:cd23194;cdd:cd23195;cdd:cd23196;cdd:cd23198;cdd:cd23201;cdd:cd23211;cdd:cd23212;cdd:cd23213;cdd:cd23214;cdd:cd23215;cdd:cd23217;cdd:cd23218;cdd:cd23219;cdd:cd23221;cdd:cd23222;cdd:cd23223;cdd:cd23224;cdd:cd23225;cdd:cd23227;cdd:cd23230;cdd:cd23232	0.9788	0.8926	CDD_direct_multi_root	curated_root_transferred
o.0008.base-Patata	cdd_transfer:rvmt_broad::o.0008.base-Patata:modern_structural:A	modern_structural:A	CDD conserved polymerase motif A	200;201;202;203;204;205;206;207;208;209;210;211;212;213;214	cdd:cd23175;cdd:cd23194;cdd:cd23211;cdd:cd23215;cdd:cd23216;cdd:cd23218;cdd:cd23230	1.0000	0.7679	CDD_direct_multi_root	curated_root_transferred
o.0008.base-Patata	cdd_transfer:rvmt_broad::o.0008.base-Patata:modern_structural:B	modern_structural:B	CDD conserved polymerase motif B	267;268;269;270;271;272;273;274;275;276;277;278;279;280;281;282;283;284;285;286;287;288;289;290	cdd:cd23172;cdd:cd23175;cdd:cd23194;cdd:cd23195;cdd:cd23196;cdd:cd23198;cdd:cd23211;cdd:cd23212;cdd:cd23215;cdd:cd23216;cdd:cd23218;cdd:cd23226;cdd:cd23227;cdd:cd23230;cdd:cd23232	0.9891	0.7232	CDD_direct_multi_root	curated_root_transferred
o.0008.base-Patata	cdd_transfer:rvmt_broad::o.0008.base-Patata:modern_structural:C	modern_structural:C	CDD conserved polymerase motif C	307;308;309;310;312;313;314;315;316;317;318;319;320;321	cdd:cd23193	1.0000	0.7143	CDD_direct_single_root	curated_root_transferred
o.0008.base-Patata	cdd_transfer:rvmt_broad::o.0008.base-Patata:modern_structural:F	modern_structural:F	CDD conserved polymerase motif F	115;116;117;118;119;120;121;122;123;124;125;126;127;128;134;135;136;137;138;139;140;141	cdd:cd23169;cdd:cd23192;cdd:cd23193;cdd:cd23194;cdd:cd23195;cdd:cd23196;cdd:cd23198;cdd:cd23210;cdd:cd23211;cdd:cd23212;cdd:cd23215;cdd:cd23216;cdd:cd23218;cdd:cd23226;cdd:cd23227;cdd:cd23230;cdd:cd23232	0.9946	0.6686	CDD_direct_multi_root	curated_root_transferred
o.0010.base-Stella	cdd_transfer:rvmt_broad::o.0010.base-Stella:modern_structural:A	modern_structural:A	CDD conserved polymerase motif A	187;188;189;190;191;192;193;194;195;196;197;198;199;200;201	cdd:cd23172;cdd:cd23175;cdd:cd23185;cdd:cd23192;cdd:cd23194;cdd:cd23196;cdd:cd23198;cdd:cd23218;cdd:cd23221	1.0000	0.7284	CDD_direct_multi_root	curated_root_transferred
o.0010.base-Stella	cdd_transfer:rvmt_broad::o.0010.base-Stella:modern_structural:B	modern_structural:B	CDD conserved polymerase motif B	253;254;255;256;257;258;259;260;261;262;263;264;265;266;267;268;269;270;271;272;273;274;275;276	cdd:cd23172;cdd:cd23194;cdd:cd23195;cdd:cd23196;cdd:cd23198;cdd:cd23218;cdd:cd23221	1.0000	0.7125	CDD_direct_multi_root	curated_root_transferred
o.0010.base-Stella	cdd_transfer:rvmt_broad::o.0010.base-Stella:modern_structural:C	modern_structural:C	CDD conserved polymerase motif C	295;296;297;298;299;300;301;302;303;304;305;306;307;308;309	cdd:cd23175;cdd:cd23193;cdd:cd23196;cdd:cd23198;cdd:cd23199;cdd:cd23218;cdd:cd23221	0.9796	0.7664	CDD_direct_multi_root	curated_root_transferred
o.0010.base-Stella	cdd_transfer:rvmt_broad::o.0010.base-Stella:modern_structural:F	modern_structural:F	CDD conserved polymerase motif F	113;114;115;116;117;118;119;120;121;122;123;124;125;127;128;129;130;131;132;133;134	cdd:cd23169;cdd:cd23192;cdd:cd23193;cdd:cd23195;cdd:cd23196;cdd:cd23198;cdd:cd23199;cdd:cd23210;cdd:cd23218;cdd:cd23221	0.9552	0.6156	CDD_direct_multi_root	curated_root_transferred
o.0011.base-Stella	cdd_transfer:rvmt_broad::o.0011.base-Stella:modern_structural:B	modern_structural:B	CDD conserved polymerase motif B	265;266;267;268;269;270;271;272;273;274;275;276;277;278;279;280;281;282;283;284;285;286;287;288	cdd:cd23172;cdd:cd23175;cdd:cd23193;cdd:cd23194	1.0000	0.6619	CDD_direct_multi_root	curated_root_transferred
o.0011.base-Stella	cdd_transfer:rvmt_broad::o.0011.base-Stella:modern_structural:C	modern_structural:C	CDD conserved polymerase motif C	303;306;307;308;309;310;311;312;313;314;315;316;317	cdd:cd23169;cdd:cd23172;cdd:cd23175;cdd:cd23193;cdd:cd23194	0.8914	0.6679	CDD_direct_multi_root	curated_root_transferred
o.0011.base-Stella	cdd_transfer:rvmt_broad::o.0011.base-Stella:modern_structural:F	modern_structural:F	CDD conserved polymerase motif F	116;117;118;119;120;121;122;123;124;125;126;127;128;129;130;131;132;133;134;135;136;137	cdd:cd23193;cdd:cd23194	1.0000	0.6818	CDD_direct_multi_root	curated_root_transferred
o.0012	cdd_transfer:rvmt_broad::o.0012:modern_structural:A	modern_structural:A	CDD conserved polymerase motif A	133;134;135;136;137;138;139;140;141;142;143;144;145;146;147	cdd:cd23170;cdd:cd23175	1.0000	0.8125	CDD_direct_multi_root	curated_root_transferred
o.0012	cdd_transfer:rvmt_broad::o.0012:modern_structural:B	modern_structural:B	CDD conserved polymerase motif B	213;214;215;216;217;218;219;220;221;222;223;224;225;226;227;228;229;230;231;232;233;234;235;236	cdd:cd23170;cdd:cd23175	1.0000	0.7128	CDD_direct_multi_root	curated_root_transferred
o.0012	cdd_transfer:rvmt_broad::o.0012:modern_structural:C	modern_structural:C	CDD conserved polymerase motif C	251;252;253;254;255;256;257;258;259;260;261;262;263;264;265	cdd:cd23170;cdd:cd23175	1.0000	0.6000	CDD_direct_multi_root	curated_root_transferred
o.0012	cdd_transfer:rvmt_broad::o.0012:modern_structural:F	modern_structural:F	CDD conserved polymerase motif F	59;60;61;62;63;64;65;66;67;68;69;70;71;72;73;75;77;78;79;80;81;82	cdd:cd23193	1.0000	0.6364	CDD_direct_single_root	curated_root_transferred
o.0013	cdd_transfer:rvmt_broad::o.0013:modern_structural:A	modern_structural:A	CDD conserved polymerase motif A	121;122;123;124;125;126;127;128;129;130;131;132;133;134;135	cdd:cd23170	1.0000	1.0000	CDD_direct_single_root	curated_root_transferred
o.0013	cdd_transfer:rvmt_broad::o.0013:modern_structural:B	modern_structural:B	CDD conserved polymerase motif B	190;191;192;193;194;195;196;197;198;199;200;201;202;203;204;205;206;207;208;209;210;211;212;213	cdd:cd23170	1.0000	1.0000	CDD_direct_single_root	curated_root_transferred
o.0013	cdd_transfer:rvmt_broad::o.0013:modern_structural:C	modern_structural:C	CDD conserved polymerase motif C	228;229;230;231;232;233;234;235;236;237;238;239;240;241;242	cdd:cd23169;cdd:cd23170;cdd:cd23200	1.0000	0.7833	CDD_direct_multi_root	curated_root_transferred
o.0013	cdd_transfer:rvmt_broad::o.0013:modern_structural:F	modern_structural:F	CDD conserved polymerase motif F	50;51;52;53;54;55;56;57;65;66;67;68;69;70;71	cdd:cd23169	1.0000	0.7000	CDD_direct_single_root	curated_root_transferred
o.0014	cdd_transfer:rvmt_broad::o.0014:modern_structural:A	modern_structural:A	CDD conserved polymerase motif A	125;126;127;128;129;130;131;132;133;134;135;136;137;138;139	cdd:cd23170;cdd:cd23172;cdd:cd23192;cdd:cd23194	1.0000	0.7438	CDD_direct_multi_root	curated_root_transferred
o.0014	cdd_transfer:rvmt_broad::o.0014:modern_structural:B	modern_structural:B	CDD conserved polymerase motif B	194;195;196;197;198;199;200;201;202;203;204;205;206;207;208;209;210;211;212;213;214;215;216;217	cdd:cd23169;cdd:cd23170;cdd:cd23172;cdd:cd23192;cdd:cd23195	0.9917	0.6813	CDD_direct_multi_root	curated_root_transferred
o.0014	cdd_transfer:rvmt_broad::o.0014:modern_structural:C	modern_structural:C	CDD conserved polymerase motif C	232;233;234;235;236;237;238;239;240;241;242;243;244;245;246	cdd:cd23169;cdd:cd23170;cdd:cd23172;cdd:cd23194	1.0000	0.7247	CDD_direct_multi_root	curated_root_transferred
o.0014	cdd_transfer:rvmt_broad::o.0014:modern_structural:F	modern_structural:F	CDD conserved polymerase motif F	54;55;56;57;58;59;60;61;62;63;64;65;68;69;70;71;72;73;74	cdd:cd23169;cdd:cd23192;cdd:cd23194;cdd:cd23195	0.9464	0.6896	CDD_direct_multi_root	curated_root_transferred
o.0015	cdd_transfer:rvmt_broad::o.0015:modern_structural:A	modern_structural:A	CDD conserved polymerase motif A	204;205;206;207;208;209;210;211;212;213;214;215;216;217;218	cdd:cd23195	1.0000	0.6000	CDD_direct_single_root	curated_root_transferred
o.0015	cdd_transfer:rvmt_broad::o.0015:modern_structural:B	modern_structural:B	CDD conserved polymerase motif B	277;278;279;280;281;282;283;284;285;286;287;288;289;290;291;292;293;294;295;296;297;298;299;300	cdd:cd23175;cdd:cd23195	1.0000	0.6865	CDD_direct_multi_root	curated_root_transferred
o.0015	cdd_transfer:rvmt_broad::o.0015:modern_structural:C	modern_structural:C	CDD conserved polymerase motif C	313;314;315;316;317;318;319;320;321;322;323;324;325;326;327	cdd:cd23175;cdd:cd23195	1.0000	0.6333	CDD_direct_multi_root	curated_root_transferred
o.0015	cdd_transfer:rvmt_broad::o.0015:modern_structural:F	modern_structural:F	CDD conserved polymerase motif F	119;120;121;122;123;124;125;126;134;135;136;137;138;139;140	cdd:cd23195	1.0000	1.0000	CDD_direct_single_root	curated_root_transferred
o.0016	cdd_transfer:rvmt_broad::o.0016:modern_structural:C	modern_structural:C	CDD conserved polymerase motif C	246;247;248;249;250;251;252;253;254;255;256;257;258;259;260	cdd:cd23170;cdd:cd23193;cdd:cd23196;cdd:cd23197;cdd:cd23211;cdd:cd23212;cdd:cd23213;cdd:cd23214;cdd:cd23215;cdd:cd23217;cdd:cd23218;cdd:cd23219;cdd:cd23221;cdd:cd23223;cdd:cd23224;cdd:cd23225;cdd:cd23226;cdd:cd23227;cdd:cd23228;cdd:cd23229;cdd:cd23230	1.0000	0.8955	CDD_direct_multi_root	curated_root_transferred
o.0016	cdd_transfer:rvmt_broad::o.0016:modern_structural:F	modern_structural:F	CDD conserved polymerase motif F	71;72;73;74;75;76;77;78;79;80;81;82;83;84;85;86;87;88;89;90;91;92	cdd:cd23169;cdd:cd23192;cdd:cd23193;cdd:cd23194;cdd:cd23195;cdd:cd23196;cdd:cd23197;cdd:cd23198;cdd:cd23210;cdd:cd23211;cdd:cd23212;cdd:cd23213;cdd:cd23214;cdd:cd23215;cdd:cd23217;cdd:cd23218;cdd:cd23219;cdd:cd23220;cdd:cd23221;cdd:cd23223;cdd:cd23224;cdd:cd23225;cdd:cd23226;cdd:cd23227;cdd:cd23228;cdd:cd23229;cdd:cd23230	0.9922	0.7766	CDD_direct_multi_root	curated_root_transferred
o.0017	cdd_transfer:rvmt_broad::o.0017:modern_structural:A	modern_structural:A	CDD conserved polymerase motif A	183;184;185;186;187;188;189;190;191;192;193;194;195;196;197	cdd:cd23172;cdd:cd23175;cdd:cd23192;cdd:cd23194;cdd:cd23215;cdd:cd23228	1.0000	0.7083	CDD_direct_multi_root	curated_root_transferred
o.0017	cdd_transfer:rvmt_broad::o.0017:modern_structural:B	modern_structural:B	CDD conserved polymerase motif B	248;249;250;251;252;253;254;255;256;257;258;259;260;261;262;263;264;265;266;267;268;269;270;271	cdd:cd23175;cdd:cd23198;cdd:cd23215;cdd:cd23225;cdd:cd23228	0.9830	0.6431	CDD_direct_multi_root	curated_root_transferred
o.0017	cdd_transfer:rvmt_broad::o.0017:modern_structural:C	modern_structural:C	CDD conserved polymerase motif C	284;289;290;291;292;293;294;295;296;297;298;299;300;301;302	cdd:cd23225;cdd:cd23228	1.0000	0.8661	CDD_direct_multi_root	curated_root_transferred
o.0017	cdd_transfer:rvmt_broad::o.0017:modern_structural:F	modern_structural:F	CDD conserved polymerase motif F	108;109;110;111;112;113;114;115;116;117;118;119;120;121;122;123;124;125	cdd:cd23169;cdd:cd23192;cdd:cd23193;cdd:cd23194;cdd:cd23195;cdd:cd23198;cdd:cd23215;cdd:cd23225;cdd:cd23228	0.8656	0.6618	CDD_direct_multi_root	curated_root_transferred
o.0018	cdd_transfer:rvmt_broad::o.0018:modern_structural:B	modern_structural:B	CDD conserved polymerase motif B	301;302;303;304;305;306;307;308;309;310;311;312;313;314;315;316;317;318;319;320;322;323	cdd:cd23175	0.9167	0.5000	CDD_direct_single_root	curated_root_transferred
o.0018	cdd_transfer:rvmt_broad::o.0018:modern_structural:C	modern_structural:C	CDD conserved polymerase motif C	329;330;333;334;335;336;337;338;339;340;341;342;343;352	cdd:cd23175	0.9333	0.6250	CDD_direct_single_root	curated_root_transferred
o.0019	cdd_transfer:rvmt_broad::o.0019:modern_structural:A	modern_structural:A	CDD conserved polymerase motif A	169;170;171;172;173;174;175;176;177;178;179;180;181;182;183	cdd:cd23172;cdd:cd23173;cdd:cd23175;cdd:cd23185;cdd:cd23193;cdd:cd23194;cdd:cd23195	0.9810	0.7181	CDD_direct_multi_root	curated_root_transferred
o.0019	cdd_transfer:rvmt_broad::o.0019:modern_structural:B	modern_structural:B	CDD conserved polymerase motif B	238;239;240;241;242;243;244;245;246;247;248;249;250;251;252;253;254;255;256;257;258;259;260;261	cdd:cd23169;cdd:cd23172;cdd:cd23173;cdd:cd23175;cdd:cd23185;cdd:cd23193;cdd:cd23194;cdd:cd23195;cdd:cd23197	1.0000	0.7638	CDD_direct_multi_root	curated_root_transferred
o.0019	cdd_transfer:rvmt_broad::o.0019:modern_structural:C	modern_structural:C	CDD conserved polymerase motif C	277;278;279;280;281;282;283;284;285;286;287;288;289;290;291	cdd:cd23169;cdd:cd23172;cdd:cd23173;cdd:cd23175;cdd:cd23193;cdd:cd23194;cdd:cd23195;cdd:cd23197	1.0000	0.7691	CDD_direct_multi_root	curated_root_transferred
o.0019	cdd_transfer:rvmt_broad::o.0019:modern_structural:F	modern_structural:F	CDD conserved polymerase motif F	101;102;103;104;105;106;107;108;109;110;111;112;113;114;115;116;117;118;119;120	cdd:cd23193;cdd:cd23195	0.8864	0.5394	CDD_direct_multi_root	curated_root_transferred
o.0020	cdd_transfer:rvmt_broad::o.0020:modern_structural:C	modern_structural:C	CDD conserved polymerase motif C	312;313;314;315;316;317;318;319;320;321;322;323;324;325;326	cdd:cd23169;cdd:cd23193;cdd:cd23196;cdd:cd23211;cdd:cd23216;cdd:cd23218;cdd:cd23219;cdd:cd23231;cdd:cd23232	1.0000	0.9614	CDD_direct_multi_root	curated_root_transferred
o.0020	cdd_transfer:rvmt_broad::o.0020:modern_structural:F	modern_structural:F	CDD conserved polymerase motif F	117;118;119;120;121;122;123;124;125;126;127;128;130;131;132;133;134;135;136;137;138	cdd:cd23192;cdd:cd23193;cdd:cd23194;cdd:cd23211;cdd:cd23215;cdd:cd23216;cdd:cd23218;cdd:cd23219;cdd:cd23231	0.9538	0.6222	CDD_direct_multi_root	curated_root_transferred
o.0021	cdd_transfer:rvmt_broad::o.0021:modern_structural:A	modern_structural:A	CDD conserved polymerase motif A	206;207;208;209;210;211;212;213;214;215;216;217;218;219;220	cdd:cd23175;cdd:cd23185;cdd:cd23194;cdd:cd23196;cdd:cd23198;cdd:cd23218	1.0000	0.8032	CDD_direct_multi_root	curated_root_transferred
o.0021	cdd_transfer:rvmt_broad::o.0021:modern_structural:B	modern_structural:B	CDD conserved polymerase motif B	274;275;276;277;278;279;280;281;282;283;284;285;286;287;288;289;290;291;292;293;294;295;296;297	cdd:cd23169;cdd:cd23172;cdd:cd23173;cdd:cd23175;cdd:cd23192;cdd:cd23194;cdd:cd23195;cdd:cd23196;cdd:cd23198;cdd:cd23218	1.0000	0.7023	CDD_direct_multi_root	curated_root_transferred
o.0021	cdd_transfer:rvmt_broad::o.0021:modern_structural:C	modern_structural:C	CDD conserved polymerase motif C	306;307;308;309;310;311;312;313;314;315;316;317;318;319;320	cdd:cd23169;cdd:cd23193;cdd:cd23194;cdd:cd23195;cdd:cd23196;cdd:cd23198;cdd:cd23218	1.0000	0.7577	CDD_direct_multi_root	curated_root_transferred
o.0021	cdd_transfer:rvmt_broad::o.0021:modern_structural:F	modern_structural:F	CDD conserved polymerase motif F	125;126;127;128;129;130;131;132;133;134;135;136;137;138;139;140;141;142;143;144;145;146	cdd:cd23218	1.0000	0.5455	CDD_direct_single_root	curated_root_transferred
o.0022.base-Sobeli	cdd_transfer:rvmt_broad::o.0022.base-Sobeli:modern_structural:B	modern_structural:B	CDD conserved polymerase motif B	219;220;221;222;223;224;225;226;227;228;229;230;231;232;233;234;235;236;237;238;239;240;241;242	cdd:cd23180	1.0000	0.6923	CDD_direct_single_root	curated_root_transferred
o.0023.base-Sobeli	cdd_transfer:rvmt_broad::o.0023.base-Sobeli:modern_structural:A	modern_structural:A	CDD conserved polymerase motif A	289;290;291;292;293;294;295;296;297;298;299;300;301;302;303	cdd:cd23180;cdd:cd23184	1.0000	0.5833	CDD_direct_multi_root	curated_root_transferred
o.0023.base-Sobeli	cdd_transfer:rvmt_broad::o.0023.base-Sobeli:modern_structural:B	modern_structural:B	CDD conserved polymerase motif B	387;388;389;390;391;392;393;394;395;396;397;398;399;400;401;402;403;404;405;406;407;408;409;410;411;412;413;414;415;416;420	cdd:cd23180;cdd:cd23184	1.0000	0.6190	CDD_direct_multi_root	curated_root_transferred
o.0024.base-Sobeli	cdd_transfer:rvmt_broad::o.0024.base-Sobeli:modern_structural:B	modern_structural:B	CDD conserved polymerase motif B	281;282;283;284;285;286;287;288;289;290;291;292;293;294;295;296;297;298;299;300;301;302;303;304	cdd:cd23172;cdd:cd23194;cdd:cd23195;cdd:cd23196;cdd:cd23232	1.0000	0.7351	CDD_direct_multi_root	curated_root_transferred
o.0024.base-Sobeli	cdd_transfer:rvmt_broad::o.0024.base-Sobeli:modern_structural:F	modern_structural:F	CDD conserved polymerase motif F	132;133;134;135;136;137;138;139;140;141;142;143;144;146;147;148;149;150;151;152;153	cdd:cd23192;cdd:cd23193;cdd:cd23194;cdd:cd23196	0.9750	0.8125	CDD_direct_multi_root	curated_root_transferred
o.0025.base-Sobeli	cdd_transfer:rvmt_broad::o.0025.base-Sobeli:modern_structural:B	modern_structural:B	CDD conserved polymerase motif B	207;208;209;210;211;212;213;214;215;216;217;218;219;220;221;222;223;224;225;226;227;228;229;230	cdd:cd23172;cdd:cd23194;cdd:cd23195	1.0000	0.6047	CDD_direct_multi_root	curated_root_transferred
o.0025.base-Sobeli	cdd_transfer:rvmt_broad::o.0025.base-Sobeli:modern_structural:C	modern_structural:C	CDD conserved polymerase motif C	253;254;255;256;257;258;259;260;261;262;263;264;265;266;267	cdd:cd23172;cdd:cd23193;cdd:cd23194;cdd:cd23195	1.0000	0.8750	CDD_direct_multi_root	curated_root_transferred
o.0027.base-Sobeli	cdd_transfer:rvmt_broad::o.0027.base-Sobeli:modern_structural:A	modern_structural:A	CDD conserved polymerase motif A	220;221;222;223;224;225;226;227;228;229;230;231;232;233;234	cdd:cd23195	1.0000	0.8750	CDD_direct_single_root	curated_root_transferred
o.0027.base-Sobeli	cdd_transfer:rvmt_broad::o.0027.base-Sobeli:modern_structural:B	modern_structural:B	CDD conserved polymerase motif B	292;293;294;295;296;297;298;299;300;301;302;303;304;305;306;307;308;309;310;311;318;319;320;321	cdd:cd23195	1.0000	0.8462	CDD_direct_single_root	curated_root_transferred
o.0028	cdd_transfer:rvmt_broad::o.0028:modern_structural:F	modern_structural:F	CDD conserved polymerase motif F	136;137;138;139;140;141;142;143;144;145;146;148;149;150;151;152;153;154	cdd:cd23169;cdd:cd23193;cdd:cd23194	0.9071	0.6318	CDD_direct_multi_root	curated_root_transferred
o.0029	cdd_transfer:rvmt_broad::o.0029:modern_structural:A	modern_structural:A	CDD conserved polymerase motif A	190;191;192;193;194;195;196;197;198;199;200;201;202;203;204	cdd:cd23185	1.0000	0.7500	CDD_direct_single_root	curated_root_transferred
o.0029	cdd_transfer:rvmt_broad::o.0029:modern_structural:C	modern_structural:C	CDD conserved polymerase motif C	280;281;282;283;284;285;286;287;288;289;290;291;292;293;294	cdd:cd23178	1.0000	0.6667	CDD_direct_single_root	curated_root_transferred
o.0029	cdd_transfer:rvmt_broad::o.0029:modern_structural:F	modern_structural:F	CDD conserved polymerase motif F	117;118;119;120;121;122;123;124;130;131;132;133;134;135	cdd:cd23185	1.0000	0.6667	CDD_direct_single_root	curated_root_transferred
o.0030	cdd_transfer:rvmt_broad::o.0030:modern_structural:A	modern_structural:A	CDD conserved polymerase motif A	219;220;221;222;223;224;225;226;227;228;229;230;231;232;233	cdd:cd23201;cdd:cd23206;cdd:cd23233;cdd:cd23234;cdd:cd23237;cdd:cd23238;cdd:cd23239;cdd:cd23240;cdd:cd23242;cdd:cd23243;cdd:cd23244	1.0000	0.8977	CDD_direct_multi_root	curated_root_transferred
o.0030	cdd_transfer:rvmt_broad::o.0030:modern_structural:B	modern_structural:B	CDD conserved polymerase motif B	284;285;286;287;288;289;290;291;292;293;294;295;296;297;298;299;300;301;302;303;304;305;306;307	cdd:cd23201;cdd:cd23233;cdd:cd23234;cdd:cd23235;cdd:cd23236;cdd:cd23237;cdd:cd23239;cdd:cd23240;cdd:cd23241;cdd:cd23242;cdd:cd23243;cdd:cd23244	0.9965	0.8681	CDD_direct_multi_root	curated_root_transferred
o.0030	cdd_transfer:rvmt_broad::o.0030:modern_structural:C	modern_structural:C	CDD conserved polymerase motif C	315;316;317;318;319;320;321;322;323;324;325;326;327;328	cdd:cd23201	0.9333	0.8571	CDD_direct_single_root	curated_root_transferred
o.0031	cdd_transfer:rvmt_broad::o.0031:modern_structural:A	modern_structural:A	CDD conserved polymerase motif A	211;212;213;214;215;216;217;218;219;220;221;222;223;224;225	cdd:cd23174;cdd:cd23202;cdd:cd23206;cdd:cd23208;cdd:cd23233;cdd:cd23234;cdd:cd23235;cdd:cd23236;cdd:cd23237;cdd:cd23238;cdd:cd23239;cdd:cd23240;cdd:cd23241;cdd:cd23242;cdd:cd23243;cdd:cd23244;cdd:cd23253;cdd:cd23254	1.0000	0.7429	CDD_direct_multi_root	curated_root_transferred
o.0031	cdd_transfer:rvmt_broad::o.0031:modern_structural:B	modern_structural:B	CDD conserved polymerase motif B	278;279;280;281;282;283;284;285;286;287;288;289;290;291;292;293;294;295;296;297;298;299;300;301	cdd:cd23233;cdd:cd23234;cdd:cd23236;cdd:cd23237;cdd:cd23239;cdd:cd23242;cdd:cd23243;cdd:cd23244;cdd:cd23254	1.0000	0.8611	CDD_direct_multi_root	curated_root_transferred
o.0031	cdd_transfer:rvmt_broad::o.0031:modern_structural:C	modern_structural:C	CDD conserved polymerase motif C	310;311;312;313;314;315;316;317;318;319;320;321;322;323;324	cdd:cd23174;cdd:cd23179;cdd:cd23202;cdd:cd23206;cdd:cd23233;cdd:cd23234;cdd:cd23235;cdd:cd23236;cdd:cd23237;cdd:cd23238;cdd:cd23239;cdd:cd23240;cdd:cd23241;cdd:cd23242;cdd:cd23243;cdd:cd23244;cdd:cd23253;cdd:cd23254	0.9963	0.7980	CDD_direct_multi_root	curated_root_transferred
o.0032	cdd_transfer:rvmt_broad::o.0032:modern_structural:A	modern_structural:A	CDD conserved polymerase motif A	164;165;166;167;168;169;170;171;172;173;174;175;176;177;178	cdd:cd23173;cdd:cd23174;cdd:cd23178;cdd:cd23179;cdd:cd23208;cdd:cd23251;cdd:cd23252;cdd:cd23253;cdd:cd23254;cdd:cd23255	1.0000	0.7205	CDD_direct_multi_root	curated_root_transferred
o.0032	cdd_transfer:rvmt_broad::o.0032:modern_structural:B	modern_structural:B	CDD conserved polymerase motif B	228;229;230;231;232;233;234;235;236;237;238;239;240;241;242;243;244;245;246;247;248;249;250;251	cdd:cd23173;cdd:cd23174;cdd:cd23178;cdd:cd23206;cdd:cd23233;cdd:cd23234;cdd:cd23235;cdd:cd23236;cdd:cd23237;cdd:cd23238;cdd:cd23239;cdd:cd23240;cdd:cd23241;cdd:cd23242;cdd:cd23243;cdd:cd23244;cdd:cd23252;cdd:cd23253;cdd:cd23254;cdd:cd23255	0.9979	0.7417	CDD_direct_multi_root	curated_root_transferred
o.0032	cdd_transfer:rvmt_broad::o.0032:modern_structural:C	modern_structural:C	CDD conserved polymerase motif C	262;263;264;265;266;267;268;269;270;271;272;273;274;275;276	cdd:cd23234;cdd:cd23235;cdd:cd23236;cdd:cd23237;cdd:cd23238;cdd:cd23239;cdd:cd23240;cdd:cd23241;cdd:cd23242;cdd:cd23243;cdd:cd23244	1.0000	0.6351	CDD_direct_multi_root	curated_root_transferred
o.0033	cdd_transfer:rvmt_broad::o.0033:modern_structural:A	modern_structural:A	CDD conserved polymerase motif A	209;210;211;212;213;214;215;216;217;218;219;220;221;222;223	cdd:cd23174;cdd:cd23179;cdd:cd23206;cdd:cd23208;cdd:cd23233;cdd:cd23234;cdd:cd23235;cdd:cd23236;cdd:cd23237;cdd:cd23238;cdd:cd23239;cdd:cd23240;cdd:cd23241;cdd:cd23242;cdd:cd23243;cdd:cd23244	1.0000	0.7744	CDD_direct_multi_root	curated_root_transferred
o.0033	cdd_transfer:rvmt_broad::o.0033:modern_structural:B	modern_structural:B	CDD conserved polymerase motif B	274;275;276;277;278;279;280;281;282;283;284;285;286;287;288;289;290;291;292;293;294;295;296;297	cdd:cd23174;cdd:cd23178;cdd:cd23179;cdd:cd23206;cdd:cd23208;cdd:cd23233;cdd:cd23234;cdd:cd23235;cdd:cd23236;cdd:cd23237;cdd:cd23239;cdd:cd23240;cdd:cd23241;cdd:cd23242;cdd:cd23243;cdd:cd23244;cdd:cd23255	1.0000	0.7798	CDD_direct_multi_root	curated_root_transferred
o.0033	cdd_transfer:rvmt_broad::o.0033:modern_structural:C	modern_structural:C	CDD conserved polymerase motif C	307;308;309;310;311;312;313;314;315;316;317;318;319;320;321	cdd:cd23174;cdd:cd23233;cdd:cd23234;cdd:cd23235;cdd:cd23236;cdd:cd23237;cdd:cd23238;cdd:cd23239;cdd:cd23240;cdd:cd23241;cdd:cd23242;cdd:cd23243;cdd:cd23244	1.0000	0.6346	CDD_direct_multi_root	curated_root_transferred
o.0034	cdd_transfer:rvmt_broad::o.0034:modern_structural:A	modern_structural:A	CDD conserved polymerase motif A	181;182;183;184;185;186;187;188;189;190;191;192;193;194;195	cdd:cd23173;cdd:cd23174;cdd:cd23179;cdd:cd23205;cdd:cd23206;cdd:cd23233;cdd:cd23234;cdd:cd23235;cdd:cd23236;cdd:cd23237;cdd:cd23238;cdd:cd23239;cdd:cd23240;cdd:cd23241;cdd:cd23242;cdd:cd23243;cdd:cd23244;cdd:cd23253;cdd:cd23255	0.9860	0.7255	CDD_direct_multi_root	curated_root_transferred
o.0034	cdd_transfer:rvmt_broad::o.0034:modern_structural:B	modern_structural:B	CDD conserved polymerase motif B	241;242;243;244;245;246;247;248;249;250;251;252;253;254;255;256;257;258;259;260;261	cdd:cd23173;cdd:cd23174;cdd:cd23179;cdd:cd23206;cdd:cd23233;cdd:cd23234;cdd:cd23235;cdd:cd23236;cdd:cd23237;cdd:cd23238;cdd:cd23239;cdd:cd23240;cdd:cd23241;cdd:cd23242;cdd:cd23243;cdd:cd23244;cdd:cd23253;cdd:cd23255	0.8750	0.8435	CDD_direct_multi_root	curated_root_transferred
o.0034	cdd_transfer:rvmt_broad::o.0034:modern_structural:C	modern_structural:C	CDD conserved polymerase motif C	267;268;269;270;271;272;273;274;275;276;277;278;279;280;281;282	cdd:cd23174;cdd:cd23179;cdd:cd23206;cdd:cd23233;cdd:cd23234;cdd:cd23235;cdd:cd23236;cdd:cd23237;cdd:cd23238;cdd:cd23239;cdd:cd23240;cdd:cd23241;cdd:cd23242;cdd:cd23243;cdd:cd23244;cdd:cd23253	0.9958	0.6463	CDD_direct_multi_root	curated_root_transferred
o.0035	cdd_transfer:rvmt_broad::o.0035:modern_structural:A	modern_structural:A	CDD conserved polymerase motif A	177;178;179;180;181;182;183;184;185;186;187;188;189;190;191	cdd:cd23173;cdd:cd23206;cdd:cd23234;cdd:cd23237;cdd:cd23239;cdd:cd23240;cdd:cd23241;cdd:cd23242;cdd:cd23244	0.9704	0.7222	CDD_direct_multi_root	curated_root_transferred
o.0035	cdd_transfer:rvmt_broad::o.0035:modern_structural:B	modern_structural:B	CDD conserved polymerase motif B	243;244;245;246;247;248;249;250;251;252;253;254;255;256;257;258;259;260;261;262;263;264;265;266	cdd:cd23173;cdd:cd23174;cdd:cd23206;cdd:cd23234;cdd:cd23237;cdd:cd23239;cdd:cd23240;cdd:cd23241;cdd:cd23242;cdd:cd23244;cdd:cd23255	1.0000	0.7634	CDD_direct_multi_root	curated_root_transferred
o.0035	cdd_transfer:rvmt_broad::o.0035:modern_structural:C	modern_structural:C	CDD conserved polymerase motif C	274;275;276;277;278;279;280;281;282;283;284;285;286;287;288	cdd:cd23173;cdd:cd23174;cdd:cd23206;cdd:cd23234;cdd:cd23237;cdd:cd23239;cdd:cd23240;cdd:cd23241;cdd:cd23242;cdd:cd23244	1.0000	0.6139	CDD_direct_multi_root	curated_root_transferred
o.0037	cdd_transfer:rvmt_broad::o.0037:modern_structural:A	modern_structural:A	CDD conserved polymerase motif A	189;190;191;192;193;194;195;196;197;198;199;200;201;202;203	cdd:cd23173;cdd:cd23174;cdd:cd23230	1.0000	0.7912	CDD_direct_multi_root	curated_root_transferred
o.0037	cdd_transfer:rvmt_broad::o.0037:modern_structural:B	modern_structural:B	CDD conserved polymerase motif B	252;253;254;255;256;257;258;259;260;261;262;263;264;265;266;267;268;269;270;271;272;273;274;275	cdd:cd23174;cdd:cd23179;cdd:cd23230	1.0000	0.7681	CDD_direct_multi_root	curated_root_transferred
o.0037	cdd_transfer:rvmt_broad::o.0037:modern_structural:C	modern_structural:C	CDD conserved polymerase motif C	295;296;297;298;299;300;301;302;303;304;305;306;307;308;309	cdd:cd23174;cdd:cd23179;cdd:cd23230	0.9778	0.7731	CDD_direct_multi_root	curated_root_transferred
o.0038	cdd_transfer:rvmt_broad::o.0038:modern_structural:A	modern_structural:A	CDD conserved polymerase motif A	226;227;228;229;230;231;232;233;234;235;236;237;238;239;240	cdd:cd23174	1.0000	0.7273	CDD_direct_single_root	curated_root_transferred
o.0038	cdd_transfer:rvmt_broad::o.0038:modern_structural:B	modern_structural:B	CDD conserved polymerase motif B	292;293;294;295;296;297;298;299;300;301;302;303;304;305;306;307;308;309;310;316;317;318;319;320	cdd:cd23174	1.0000	0.8095	CDD_direct_single_root	curated_root_transferred
o.0038	cdd_transfer:rvmt_broad::o.0038:modern_structural:C	modern_structural:C	CDD conserved polymerase motif C	330;331;333;334;335;336;337;338;339;340;341;342;343;344;345	cdd:cd23174	1.0000	0.6667	CDD_direct_single_root	curated_root_transferred
o.0039	cdd_transfer:rvmt_broad::o.0039:modern_structural:A	modern_structural:A	CDD conserved polymerase motif A	197;198;199;200;201;202;203;204;205;206;207;208;209;210;211	cdd:cd23173;cdd:cd23206;cdd:cd23211;cdd:cd23233;cdd:cd23234;cdd:cd23235;cdd:cd23237;cdd:cd23238;cdd:cd23239;cdd:cd23240;cdd:cd23241;cdd:cd23242;cdd:cd23243;cdd:cd23252;cdd:cd23253;cdd:cd23254;cdd:cd23255;cdd:cd23256	1.0000	0.7708	CDD_direct_multi_root	curated_root_transferred
o.0039	cdd_transfer:rvmt_broad::o.0039:modern_structural:B	modern_structural:B	CDD conserved polymerase motif B	259;260;261;262;263;264;265;266;267;268;269;270;271;272;273;274;275;276;277;278;279;280;281;282	cdd:cd23173;cdd:cd23174;cdd:cd23179;cdd:cd23203;cdd:cd23206;cdd:cd23211;cdd:cd23233;cdd:cd23234;cdd:cd23235;cdd:cd23237;cdd:cd23238;cdd:cd23239;cdd:cd23240;cdd:cd23241;cdd:cd23242;cdd:cd23243;cdd:cd23252;cdd:cd23253;cdd:cd23254;cdd:cd23255;cdd:cd23256	1.0000	0.8107	CDD_direct_multi_root	curated_root_transferred
o.0040	cdd_transfer:rvmt_broad::o.0040:modern_structural:A	modern_structural:A	CDD conserved polymerase motif A	232;233;234;235;236;237;238;239;240;241;242;243;244;245;246	cdd:cd23173;cdd:cd23206;cdd:cd23234;cdd:cd23236;cdd:cd23239;cdd:cd23242	1.0000	0.6829	CDD_direct_multi_root	curated_root_transferred
o.0040	cdd_transfer:rvmt_broad::o.0040:modern_structural:B	modern_structural:B	CDD conserved polymerase motif B	318;319;320;321;322;323;324;325;326;327;328;329;330;331;332;333;334;335;336;337;338;339;340;341	cdd:cd23206;cdd:cd23234;cdd:cd23239;cdd:cd23242	1.0000	0.8542	CDD_direct_multi_root	curated_root_transferred
o.0040	cdd_transfer:rvmt_broad::o.0040:modern_structural:C	modern_structural:C	CDD conserved polymerase motif C	358;359;360;361;362;363;364;365;366;367;368;369;370;371;372	cdd:cd23179;cdd:cd23234;cdd:cd23236;cdd:cd23239;cdd:cd23242	1.0000	0.6648	CDD_direct_multi_root	curated_root_transferred
o.0043	cdd_transfer:rvmt_broad::o.0043:modern_structural:A	modern_structural:A	CDD conserved polymerase motif A	182;183;184;185;186;187;188;189;190;191;192;193;194;195;196	cdd:cd23173;cdd:cd23208;cdd:cd23255	1.0000	0.5704	CDD_direct_multi_root	curated_root_transferred
o.0043	cdd_transfer:rvmt_broad::o.0043:modern_structural:F	modern_structural:F	CDD conserved polymerase motif F	102;103;105;106;107;108;116;117;118;119;120;121;122	cdd:cd23169	0.8667	0.7143	CDD_direct_single_root	curated_root_transferred
o.0045	cdd_transfer:rvmt_broad::o.0045:modern_structural:A	modern_structural:A	CDD conserved polymerase motif A	178;179;180;181;182;183;184;185;186;187;188;189;190;191;192	cdd:cd23206;cdd:cd23234	1.0000	0.6250	CDD_direct_multi_root	curated_root_transferred
o.0045	cdd_transfer:rvmt_broad::o.0045:modern_structural:B	modern_structural:B	CDD conserved polymerase motif B	258;259;260;261;262;263;265;266;267;268;269;270;271;272;273;274;275;276;277;278;279;280;281;282	cdd:cd23169;cdd:cd23174;cdd:cd23195;cdd:cd23206;cdd:cd23234	1.0000	0.7000	CDD_direct_multi_root	curated_root_transferred
o.0047	cdd_transfer:rvmt_broad::o.0047:modern_structural:A	modern_structural:A	CDD conserved polymerase motif A	189;190;191;192;193;194;195;196;197;198;199;200;201;202;203	cdd:cd23206	1.0000	0.5000	CDD_direct_single_root	curated_root_transferred
o.0049	cdd_transfer:rvmt_broad::o.0049:modern_structural:A	modern_structural:A	CDD conserved polymerase motif A	189;190;191;192;193;194;195;196;197;198;199;200;201;202;203	cdd:cd23179	1.0000	0.7500	CDD_direct_single_root	curated_root_transferred
o.0049	cdd_transfer:rvmt_broad::o.0049:modern_structural:C	modern_structural:C	CDD conserved polymerase motif C	325;326;327;328;330;331;332;333;334;335;336;337;338;339	cdd:cd23179	1.0000	0.8571	CDD_direct_single_root	curated_root_transferred
o.0050.base-Tymo	cdd_transfer:rvmt_broad::o.0050.base-Tymo:modern_structural:A	modern_structural:A	CDD conserved polymerase motif A	208;209;210;211;212;213;214;215;216;217;218;219;220;221;222	cdd:cd23182;cdd:cd23208;cdd:cd23209;cdd:cd23249;cdd:cd23251;cdd:cd23253;cdd:cd23254;cdd:cd23258;cdd:cd23259	1.0000	0.6112	CDD_direct_multi_root	curated_root_transferred
o.0050.base-Tymo	cdd_transfer:rvmt_broad::o.0050.base-Tymo:modern_structural:B	modern_structural:B	CDD conserved polymerase motif B	271;272;273;274;275;276;277;278;279;280;281;282;283;284;285;286;287;288;289;290;291;292;293;294	cdd:cd23209;cdd:cd23249;cdd:cd23253;cdd:cd23254;cdd:cd23258;cdd:cd23259	1.0000	0.6968	CDD_direct_multi_root	curated_root_transferred
o.0052	cdd_transfer:rvmt_broad::o.0052:modern_structural:A	modern_structural:A	CDD conserved polymerase motif A	207;208;209;210;211;212;213;214;215;216;217;218;219;220;221	cdd:cd23182;cdd:cd23208;cdd:cd23209;cdd:cd23245;cdd:cd23250;cdd:cd23251;cdd:cd23253;cdd:cd23254;cdd:cd23255;cdd:cd23256	0.9933	0.6875	CDD_direct_multi_root	curated_root_transferred
o.0052	cdd_transfer:rvmt_broad::o.0052:modern_structural:B	modern_structural:B	CDD conserved polymerase motif B	269;270;271;272;273;274;275;276;277;278;279;280;281;282;283;284;285;286;287;288;289;290;291;292	cdd:cd23182;cdd:cd23208;cdd:cd23209;cdd:cd23245;cdd:cd23250;cdd:cd23251;cdd:cd23253;cdd:cd23254;cdd:cd23255;cdd:cd23256	0.9958	0.7007	CDD_direct_multi_root	curated_root_transferred
o.0052	cdd_transfer:rvmt_broad::o.0052:modern_structural:C	modern_structural:C	CDD conserved polymerase motif C	303;304;305;306;307;308;309;310;311;312;313;314;315;316;317	cdd:cd23182;cdd:cd23208;cdd:cd23209;cdd:cd23245;cdd:cd23250;cdd:cd23253;cdd:cd23254;cdd:cd23256	0.9333	0.6608	CDD_direct_multi_root	curated_root_transferred
o.0054.base-Martelli	cdd_transfer:rvmt_broad::o.0054.base-Martelli:modern_structural:A	modern_structural:A	CDD conserved polymerase motif A	210;211;212;213;214;215;216;217;218;219;220;221;222;223;224	cdd:cd23251;cdd:cd23252;cdd:cd23253;cdd:cd23254;cdd:cd23256	1.0000	0.8028	CDD_direct_multi_root	curated_root_transferred
o.0054.base-Martelli	cdd_transfer:rvmt_broad::o.0054.base-Martelli:modern_structural:B	modern_structural:B	CDD conserved polymerase motif B	271;272;273;274;275;276;277;278;279;280;281;282;283;284;285;286;287;288;289;290;291;292;293;294;295	cdd:cd23251;cdd:cd23252;cdd:cd23253;cdd:cd23254;cdd:cd23256	0.9917	0.6636	CDD_direct_multi_root	curated_root_transferred
o.0054.base-Martelli	cdd_transfer:rvmt_broad::o.0054.base-Martelli:modern_structural:C	modern_structural:C	CDD conserved polymerase motif C	300;301;302;303;304;305;306;307;308;309;310;311;312;313;314	cdd:cd23251;cdd:cd23252;cdd:cd23253;cdd:cd23254;cdd:cd23256	0.9467	0.7222	CDD_direct_multi_root	curated_root_transferred
o.0055	cdd_transfer:rvmt_broad::o.0055:modern_structural:A	modern_structural:A	CDD conserved polymerase motif A	204;205;206;207;208;209;210;211;212;213;214;215;216;217;218	cdd:cd23182;cdd:cd23208;cdd:cd23209;cdd:cd23251;cdd:cd23252;cdd:cd23253;cdd:cd23254;cdd:cd23255;cdd:cd23256	1.0000	0.8253	CDD_direct_multi_root	curated_root_transferred
o.0055	cdd_transfer:rvmt_broad::o.0055:modern_structural:B	modern_structural:B	CDD conserved polymerase motif B	264;265;266;267;268;269;270;271;272;273;274;275;276;277;278;279;280;281;282;283;284;285;286;287	cdd:cd23182;cdd:cd23208;cdd:cd23209;cdd:cd23251;cdd:cd23252;cdd:cd23253;cdd:cd23254;cdd:cd23255;cdd:cd23256	1.0000	0.7707	CDD_direct_multi_root	curated_root_transferred
o.0056	cdd_transfer:rvmt_broad::o.0056:modern_structural:A	modern_structural:A	CDD conserved polymerase motif A	237;238;239;240;241;242;243;244;245;246;247;248;249;250;251	cdd:cd23255	1.0000	0.6000	CDD_direct_single_root	curated_root_transferred
o.0056	cdd_transfer:rvmt_broad::o.0056:modern_structural:B	modern_structural:B	CDD conserved polymerase motif B	298;299;300;301;302;303;304;305;306;307;308;309;310;311;312;313;314;315;316;317;318;319;320;321	cdd:cd23255	1.0000	0.7500	CDD_direct_single_root	curated_root_transferred
o.0057	cdd_transfer:rvmt_broad::o.0057:modern_structural:A	modern_structural:A	CDD conserved polymerase motif A	206;207;208;209;210;211;212;213;214;215;216;217;218;219;220	cdd:cd23172	1.0000	0.8750	CDD_direct_single_root	curated_root_transferred
o.0057	cdd_transfer:rvmt_broad::o.0057:modern_structural:B	modern_structural:B	CDD conserved polymerase motif B	278;279;280;281;282;283;284;285;286;287;288;289;290;291;292;293;294;295;296;297;298;299;300;301	cdd:cd23173	1.0000	0.8333	CDD_direct_single_root	curated_root_transferred
o.0057	cdd_transfer:rvmt_broad::o.0057:modern_structural:C	modern_structural:C	CDD conserved polymerase motif C	321;322;323;324;326;327;328;329;330;331;332;333;334;335	cdd:cd23193	1.0000	0.7143	CDD_direct_single_root	curated_root_transferred
o.0058	cdd_transfer:rvmt_broad::o.0058:modern_structural:A	modern_structural:A	CDD conserved polymerase motif A	178;179;180;181;182;183;184;185;186;187;188;189;190;191;192	cdd:cd23194	1.0000	0.7500	CDD_direct_single_root	curated_root_transferred
o.0058	cdd_transfer:rvmt_broad::o.0058:modern_structural:B	modern_structural:B	CDD conserved polymerase motif B	243;244;245;246;247;248;249;250;251;252;253;254;255;256;257;258;259;261;262;263;264;265;266	cdd:cd23169;cdd:cd23193;cdd:cd23194	1.0000	0.8821	CDD_direct_multi_root	curated_root_transferred
o.0079.base-Norzi	cdd_transfer:rvmt_broad::o.0079.base-Norzi:modern_structural:A	modern_structural:A	CDD conserved polymerase motif A	187;188;189;190;191;192;193;194;195;196;197;198;199;200;201	cdd:cd23176;cdd:cd23183	1.0000	0.8545	CDD_direct_multi_root	curated_root_transferred
o.0079.base-Norzi	cdd_transfer:rvmt_broad::o.0079.base-Norzi:modern_structural:B	modern_structural:B	CDD conserved polymerase motif B	239;240;241;242;243;244;245;246;247;248;249;250;251;252;253;254;255;256;257;258;259;260;261;262	cdd:cd23176;cdd:cd23183	1.0000	0.7238	CDD_direct_multi_root	curated_root_transferred
o.0079.base-Norzi	cdd_transfer:rvmt_broad::o.0079.base-Norzi:modern_structural:C	modern_structural:C	CDD conserved polymerase motif C	283;284;285;286;287;288;289;290;291;292;293;294;295;296;297	cdd:cd23176;cdd:cd23183	0.9333	0.8889	CDD_direct_multi_root	curated_root_transferred
o.0080.base-Norzi	cdd_transfer:rvmt_broad::o.0080.base-Norzi:modern_structural:A	modern_structural:A	CDD conserved polymerase motif A	210;211;212;213;214;215;216;217;218;219;220;221;222;223;224	cdd:cd23176	1.0000	0.9231	CDD_direct_single_root	curated_root_transferred
o.0080.base-Norzi	cdd_transfer:rvmt_broad::o.0080.base-Norzi:modern_structural:B	modern_structural:B	CDD conserved polymerase motif B	271;272;273;274;275;276;277;278;279;280;281;282;283;284;285;286;287;289;290;291;292;293;294	cdd:cd23176	1.0000	0.8667	CDD_direct_single_root	curated_root_transferred
o.0080.base-Norzi	cdd_transfer:rvmt_broad::o.0080.base-Norzi:modern_structural:F	modern_structural:F	CDD conserved polymerase motif F	149;150;151;152;153;154;155;156;157;158;159;160;161;162;163	cdd:cd23176	1.0000	0.7778	CDD_direct_single_root	curated_root_transferred
o.0081.base-Norzi	cdd_transfer:rvmt_broad::o.0081.base-Norzi:modern_structural:A	modern_structural:A	CDD conserved polymerase motif A	203;204;205;206;207;208;209;210;211;212;213;214;215;216;217	cdd:cd23176	1.0000	0.9231	CDD_direct_single_root	curated_root_transferred
o.0081.base-Norzi	cdd_transfer:rvmt_broad::o.0081.base-Norzi:modern_structural:B	modern_structural:B	CDD conserved polymerase motif B	254;255;256;257;258;259;260;261;262;263;264;265;266;267;268;269;270;272;273;274;275;276;277	cdd:cd23176	1.0000	0.9375	CDD_direct_single_root	curated_root_transferred
o.0081.base-Norzi	cdd_transfer:rvmt_broad::o.0081.base-Norzi:modern_structural:C	modern_structural:C	CDD conserved polymerase motif C	292;293;294;295;296;297;298;299;300;301;302;303;304;305;306	cdd:cd23176	1.0000	1.0000	CDD_direct_single_root	curated_root_transferred
o.0081.base-Norzi	cdd_transfer:rvmt_broad::o.0081.base-Norzi:modern_structural:F	modern_structural:F	CDD conserved polymerase motif F	139;140;141;142;143;144;145;146;147;148;149;150;151;152;153	cdd:cd23176	1.0000	0.8000	CDD_direct_single_root	curated_root_transferred
o.0082	cdd_transfer:rvmt_broad::o.0082:modern_structural:A	modern_structural:A	CDD conserved polymerase motif A	211;212;213;214;215;216;217;218;219;220;221;222;223;224;225	cdd:cd23176	1.0000	0.8333	CDD_direct_single_root	curated_root_transferred
o.0082	cdd_transfer:rvmt_broad::o.0082:modern_structural:B	modern_structural:B	CDD conserved polymerase motif B	276;277;278;279;280;281;282;283;284;285;286;287;288;289;290;291;292;294;295;296;297;298;299	cdd:cd23176	1.0000	0.5882	CDD_direct_single_root	curated_root_transferred
o.0082	cdd_transfer:rvmt_broad::o.0082:modern_structural:C	modern_structural:C	CDD conserved polymerase motif C	307;308;309;310;311;312;313;314;315;316;317;318;319;320	cdd:cd23176	0.9333	0.7778	CDD_direct_single_root	curated_root_transferred
o.0082	cdd_transfer:rvmt_broad::o.0082:modern_structural:F	modern_structural:F	CDD conserved polymerase motif F	149;150;151;152;153;154;155;156;157;158;159;160;161;162;163	cdd:cd23176	1.0000	0.5455	CDD_direct_single_root	curated_root_transferred
o.0083	cdd_transfer:rvmt_broad::o.0083:modern_structural:A	modern_structural:A	CDD conserved polymerase motif A	158;159;160;161;162;163;164;165;166;167;168;169;170;171;172	cdd:cd23177	1.0000	0.6923	CDD_direct_single_root	curated_root_transferred
o.0083	cdd_transfer:rvmt_broad::o.0083:modern_structural:B	modern_structural:B	CDD conserved polymerase motif B	236;237;238;239;240;241;242;243;244;245;246;247;248;249;250;251;252;253;254;255;256;257;258;259	cdd:cd23177	1.0000	0.6667	CDD_direct_single_root	curated_root_transferred
o.0083	cdd_transfer:rvmt_broad::o.0083:modern_structural:C	modern_structural:C	CDD conserved polymerase motif C	275;276;277;278;279;280;281;282;283;284;285;286;287;288;289	cdd:cd23177	1.0000	0.5000	CDD_direct_single_root	curated_root_transferred
o.0084	cdd_transfer:rvmt_broad::o.0084:modern_structural:A	modern_structural:A	CDD conserved polymerase motif A	217;218;219;220;221;222;223;224;225;226;227;228;229;230;231	cdd:cd23183	1.0000	0.8000	CDD_direct_single_root	curated_root_transferred
o.0084	cdd_transfer:rvmt_broad::o.0084:modern_structural:B	modern_structural:B	CDD conserved polymerase motif B	284;285;286;287;288;289;290;291;292;293;294;295;296;297;298;299;300;301;302;303;304;305;306;307	cdd:cd23183	1.0000	0.7857	CDD_direct_single_root	curated_root_transferred
o.0084	cdd_transfer:rvmt_broad::o.0084:modern_structural:C	modern_structural:C	CDD conserved polymerase motif C	325;326;327;328;329;330;331;332;333;334;335;336;337;338;339	cdd:cd23183	1.0000	0.8889	CDD_direct_single_root	curated_root_transferred
o.0087	cdd_transfer:rvmt_broad::o.0087:modern_structural:A	modern_structural:A	CDD conserved polymerase motif A	183;184;185;186;187;188;189;190;191;192;193;194;195;196;197	cdd:cd23176	1.0000	0.7500	CDD_direct_single_root	curated_root_transferred
o.0087	cdd_transfer:rvmt_broad::o.0087:modern_structural:B	modern_structural:B	CDD conserved polymerase motif B	238;239;240;241;242;243;244;245;246;247;248;249;250;251;252;253;254;256;257;258;259;260;261	cdd:cd23176	1.0000	0.5263	CDD_direct_single_root	curated_root_transferred
o.0087	cdd_transfer:rvmt_broad::o.0087:modern_structural:C	modern_structural:C	CDD conserved polymerase motif C	270;271;272;273;274;275;276;277;278;279;280;281;282;283;284	cdd:cd23176	1.0000	0.9000	CDD_direct_single_root	curated_root_transferred
o.0088	cdd_transfer:rvmt_broad::o.0088:modern_structural:A	modern_structural:A	CDD conserved polymerase motif A	173;174;175;176;177;178;179;180;181;182;183;184;185;186;187	cdd:cd23177;cdd:cd23183	1.0000	0.7841	CDD_direct_multi_root	curated_root_transferred
o.0088	cdd_transfer:rvmt_broad::o.0088:modern_structural:B	modern_structural:B	CDD conserved polymerase motif B	231;232;233;234;235;236;237;238;239;240;241;242;243;244;245;246;247;248;249;250;251;252;253;254	cdd:cd23177;cdd:cd23183	1.0000	0.6722	CDD_direct_multi_root	curated_root_transferred
o.0088	cdd_transfer:rvmt_broad::o.0088:modern_structural:C	modern_structural:C	CDD conserved polymerase motif C	264;265;266;267;268;269;270;271;272;273;274;275;276;277	cdd:cd23177;cdd:cd23183	0.9333	0.6636	CDD_direct_multi_root	curated_root_transferred
o.0090	cdd_transfer:rvmt_broad::o.0090:modern_structural:A	modern_structural:A	CDD conserved polymerase motif A	174;175;176;177;178;179;180;181;182;183;184;185;186;187;188	cdd:cd23183	1.0000	0.8889	CDD_direct_single_root	curated_root_transferred
o.0090	cdd_transfer:rvmt_broad::o.0090:modern_structural:B	modern_structural:B	CDD conserved polymerase motif B	237;238;239;240;241;242;243;244;245;246;247;248;249;250;251;252;253;254;255;256;257;258;259;260	cdd:cd23183	1.0000	0.6154	CDD_direct_single_root	curated_root_transferred
o.0090	cdd_transfer:rvmt_broad::o.0090:modern_structural:C	modern_structural:C	CDD conserved polymerase motif C	267;268;269;270;271;272;273;274;275;276;277;278;279;280	cdd:cd23183	0.9333	0.8889	CDD_direct_single_root	curated_root_transferred
o.0092	cdd_transfer:rvmt_broad::o.0092:modern_structural:A	modern_structural:A	CDD conserved polymerase motif A	196;197;198;199;200;201;202;203;204;205;206;207;208;209;210	cdd:cd23183	1.0000	0.8000	CDD_direct_single_root	curated_root_transferred
o.0092	cdd_transfer:rvmt_broad::o.0092:modern_structural:B	modern_structural:B	CDD conserved polymerase motif B	261;262;263;264;265;266;267;268;269;270;271;272;273;274;275;276;277;278;279;280;281;282;283;284	cdd:cd23183	1.0000	0.6667	CDD_direct_single_root	curated_root_transferred
o.0092	cdd_transfer:rvmt_broad::o.0092:modern_structural:C	modern_structural:C	CDD conserved polymerase motif C	298;299;300;301;302;303;304;305;306;307;308;309;310;311	cdd:cd23183	0.9333	0.8750	CDD_direct_single_root	curated_root_transferred
o.0093	cdd_transfer:rvmt_broad::o.0093:modern_structural:A	modern_structural:A	CDD conserved polymerase motif A	188;189;190;191;192;193;194;195;196;197;198;199;200;201;202	cdd:cd23183	1.0000	0.9091	CDD_direct_single_root	curated_root_transferred
o.0093	cdd_transfer:rvmt_broad::o.0093:modern_structural:B	modern_structural:B	CDD conserved polymerase motif B	261;262;263;264;265;266;267;268;269;270;271;272;273;274;275;276;277;278;279;280;281;282;283;284	cdd:cd23183	1.0000	0.7143	CDD_direct_single_root	curated_root_transferred
o.0093	cdd_transfer:rvmt_broad::o.0093:modern_structural:C	modern_structural:C	CDD conserved polymerase motif C	295;296;297;298;299;300;301;302;303;304;305;306;307	cdd:cd23183	0.8667	0.8000	CDD_direct_single_root	curated_root_transferred
p.0001.base-Kitrino	cdd_transfer:rvmt_broad::p.0001.base-Kitrino:modern_structural:A	modern_structural:A	CDD conserved polymerase motif A	206;207;208;209;210;211;212;213;214;215;216;217;218;219;220	cdd:cd23255	1.0000	0.6000	CDD_direct_single_root	curated_root_transferred
p.0001.base-Kitrino	cdd_transfer:rvmt_broad::p.0001.base-Kitrino:modern_structural:B	modern_structural:B	CDD conserved polymerase motif B	270;271;272;273;274;275;276;277;278;279;280;281;282;283;284;285;286;287;288;289;290;291;292;293	cdd:cd23255	1.0000	0.7500	CDD_direct_single_root	curated_root_transferred
p.0002.base-Kitrino	cdd_transfer:rvmt_broad::p.0002.base-Kitrino:modern_structural:B	modern_structural:B	CDD conserved polymerase motif B	242;243;244;245;246;247;248;249;250;251;252;253;254;255;256;257;258;259;260;261;262;263;264;265	cdd:cd23173	1.0000	0.8333	CDD_direct_single_root	curated_root_transferred
p.0002.base-Kitrino	cdd_transfer:rvmt_broad::p.0002.base-Kitrino:modern_structural:C	modern_structural:C	CDD conserved polymerase motif C	280;281;282;283;284;285;286;287;288;289;290;291;292;293;294	cdd:cd23173;cdd:cd23193	1.0000	0.7321	CDD_direct_multi_root	curated_root_transferred
